ck3_relative_path,unity_relative_path,size_bytes,last_write_utc
clausewitz/gfx/editor_terrain/add_object.dds,Assets/CK3Map/Data/Source/clausewitz/gfx/editor_terrain/add_object.dds,4224,2026-06-10T10:27:34.9269599Z
clausewitz/gfx/editor_terrain/add_objects_multiple.dds,Assets/CK3Map/Data/Source/clausewitz/gfx/editor_terrain/add_objects_multiple.dds,4224,2026-06-10T10:27:34.5658509Z
clausewitz/gfx/editor_terrain/blur.png,Assets/CK3Map/Data/Source/clausewitz/gfx/editor_terrain/blur.png,3213,2026-06-10T10:27:34.7620147Z
clausewitz/gfx/editor_terrain/brush_minus.png,Assets/CK3Map/Data/Source/clausewitz/gfx/editor_terrain/brush_minus.png,365,2026-06-10T10:27:34.5589167Z
clausewitz/gfx/editor_terrain/brush_plus.png,Assets/CK3Map/Data/Source/clausewitz/gfx/editor_terrain/brush_plus.png,339,2026-06-10T10:27:36.2996304Z
clausewitz/gfx/editor_terrain/brush_settings_lock.png,Assets/CK3Map/Data/Source/clausewitz/gfx/editor_terrain/brush_settings_lock.png,2447,2026-06-10T10:27:34.7584057Z
clausewitz/gfx/editor_terrain/clamp_to_water.png,Assets/CK3Map/Data/Source/clausewitz/gfx/editor_terrain/clamp_to_water.png,5602,2026-06-10T10:27:34.5589167Z
clausewitz/gfx/editor_terrain/delete_objects.dds,Assets/CK3Map/Data/Source/clausewitz/gfx/editor_terrain/delete_objects.dds,4224,2026-06-10T10:27:35.5581562Z
clausewitz/gfx/editor_terrain/deselect_objects.dds,Assets/CK3Map/Data/Source/clausewitz/gfx/editor_terrain/deselect_objects.dds,4224,2026-06-10T10:27:34.5658509Z
clausewitz/gfx/editor_terrain/dynamic_switch.png,Assets/CK3Map/Data/Source/clausewitz/gfx/editor_terrain/dynamic_switch.png,2228,2026-06-10T10:27:34.6492770Z
clausewitz/gfx/editor_terrain/editor_checkeye.png,Assets/CK3Map/Data/Source/clausewitz/gfx/editor_terrain/editor_checkeye.png,10243,2026-06-10T10:27:34.7452648Z
clausewitz/gfx/editor_terrain/editor_spinner_26.dds,Assets/CK3Map/Data/Source/clausewitz/gfx/editor_terrain/editor_spinner_26.dds,32576,2026-06-10T10:27:35.2993089Z
clausewitz/gfx/editor_terrain/eraser.png,Assets/CK3Map/Data/Source/clausewitz/gfx/editor_terrain/eraser.png,1788,2026-06-10T10:27:34.7567872Z
clausewitz/gfx/editor_terrain/hidden.png,Assets/CK3Map/Data/Source/clausewitz/gfx/editor_terrain/hidden.png,9081,2026-06-10T10:27:33.4581802Z
clausewitz/gfx/editor_terrain/hide_selection.dds,Assets/CK3Map/Data/Source/clausewitz/gfx/editor_terrain/hide_selection.dds,4224,2026-06-10T10:27:36.6037118Z
clausewitz/gfx/editor_terrain/highlight.png,Assets/CK3Map/Data/Source/clausewitz/gfx/editor_terrain/highlight.png,8334,2026-06-10T10:27:34.7548536Z
clausewitz/gfx/editor_terrain/map_content_tool.png,Assets/CK3Map/Data/Source/clausewitz/gfx/editor_terrain/map_content_tool.png,2988,2026-06-10T10:27:34.5668756Z
clausewitz/gfx/editor_terrain/map_object_painter.png,Assets/CK3Map/Data/Source/clausewitz/gfx/editor_terrain/map_object_painter.png,538,2026-06-10T10:27:34.7457801Z
clausewitz/gfx/editor_terrain/mask_add_icon.dds,Assets/CK3Map/Data/Source/clausewitz/gfx/editor_terrain/mask_add_icon.dds,5616,2026-06-10T10:27:36.2975800Z
clausewitz/gfx/editor_terrain/mask_clear_icon.dds,Assets/CK3Map/Data/Source/clausewitz/gfx/editor_terrain/mask_clear_icon.dds,4224,2026-06-10T10:27:34.7437615Z
clausewitz/gfx/editor_terrain/mask_clone_icon.dds,Assets/CK3Map/Data/Source/clausewitz/gfx/editor_terrain/mask_clone_icon.dds,5616,2026-06-10T10:27:34.7437615Z
clausewitz/gfx/editor_terrain/mask_delete_icon.dds,Assets/CK3Map/Data/Source/clausewitz/gfx/editor_terrain/mask_delete_icon.dds,5616,2026-06-10T10:27:36.3072078Z
clausewitz/gfx/editor_terrain/mask_painting_tool_icon.dds,Assets/CK3Map/Data/Source/clausewitz/gfx/editor_terrain/mask_painting_tool_icon.dds,5616,2026-06-10T10:27:35.5539546Z
clausewitz/gfx/editor_terrain/mask_rename_icon.dds,Assets/CK3Map/Data/Source/clausewitz/gfx/editor_terrain/mask_rename_icon.dds,5616,2026-06-10T10:27:34.2524658Z
clausewitz/gfx/editor_terrain/move_objects.dds,Assets/CK3Map/Data/Source/clausewitz/gfx/editor_terrain/move_objects.dds,4224,2026-06-10T10:27:35.6911045Z
clausewitz/gfx/editor_terrain/padlock.png,Assets/CK3Map/Data/Source/clausewitz/gfx/editor_terrain/padlock.png,8380,2026-06-10T10:27:36.3022053Z
clausewitz/gfx/editor_terrain/progress_done.dds,Assets/CK3Map/Data/Source/clausewitz/gfx/editor_terrain/progress_done.dds,4224,2026-06-10T10:27:36.6031968Z
clausewitz/gfx/editor_terrain/progress_error.dds,Assets/CK3Map/Data/Source/clausewitz/gfx/editor_terrain/progress_error.dds,4224,2026-06-10T10:27:34.7462894Z
clausewitz/gfx/editor_terrain/property_paint.png,Assets/CK3Map/Data/Source/clausewitz/gfx/editor_terrain/property_paint.png,2882,2026-06-10T10:27:34.7452648Z
clausewitz/gfx/editor_terrain/randomize.dds,Assets/CK3Map/Data/Source/clausewitz/gfx/editor_terrain/randomize.dds,4224,2026-06-10T10:27:35.5944680Z
clausewitz/gfx/editor_terrain/randomize_show.dds,Assets/CK3Map/Data/Source/clausewitz/gfx/editor_terrain/randomize_show.dds,4224,2026-06-10T10:27:35.5810045Z
clausewitz/gfx/editor_terrain/random_rotate_objects.dds,Assets/CK3Map/Data/Source/clausewitz/gfx/editor_terrain/random_rotate_objects.dds,4224,2026-06-10T10:27:35.6301791Z
clausewitz/gfx/editor_terrain/render_underwater.png,Assets/CK3Map/Data/Source/clausewitz/gfx/editor_terrain/render_underwater.png,6527,2026-06-10T10:27:35.5524224Z
clausewitz/gfx/editor_terrain/rotate_objects.dds,Assets/CK3Map/Data/Source/clausewitz/gfx/editor_terrain/rotate_objects.dds,4224,2026-06-10T10:27:36.3011810Z
clausewitz/gfx/editor_terrain/scale_objects.dds,Assets/CK3Map/Data/Source/clausewitz/gfx/editor_terrain/scale_objects.dds,4224,2026-06-10T10:27:35.5613055Z
clausewitz/gfx/editor_terrain/select_map_content.dds,Assets/CK3Map/Data/Source/clausewitz/gfx/editor_terrain/select_map_content.dds,4224,2026-06-10T10:27:35.6911045Z
clausewitz/gfx/editor_terrain/select_objects.dds,Assets/CK3Map/Data/Source/clausewitz/gfx/editor_terrain/select_objects.dds,4224,2026-06-10T10:27:35.4910974Z
clausewitz/gfx/editor_terrain/settings.dds,Assets/CK3Map/Data/Source/clausewitz/gfx/editor_terrain/settings.dds,4224,2026-06-10T10:27:34.5663588Z
clausewitz/gfx/editor_terrain/show_errors.dds,Assets/CK3Map/Data/Source/clausewitz/gfx/editor_terrain/show_errors.dds,4224,2026-06-10T10:27:34.2641881Z
clausewitz/gfx/editor_terrain/show_progress.dds,Assets/CK3Map/Data/Source/clausewitz/gfx/editor_terrain/show_progress.dds,4224,2026-06-10T10:27:35.6911045Z
clausewitz/gfx/editor_terrain/terrain_show_borders_options.png,Assets/CK3Map/Data/Source/clausewitz/gfx/editor_terrain/terrain_show_borders_options.png,2485,2026-06-10T10:27:35.6740260Z
clausewitz/gfx/editor_terrain/terrain_show_reference_overlay_options.png,Assets/CK3Map/Data/Source/clausewitz/gfx/editor_terrain/terrain_show_reference_overlay_options.png,1935,2026-06-10T10:27:34.7594522Z
clausewitz/gfx/editor_terrain/terrain_toggle_reference_overlay.png,Assets/CK3Map/Data/Source/clausewitz/gfx/editor_terrain/terrain_toggle_reference_overlay.png,1804,2026-06-10T10:27:36.6010141Z
clausewitz/gfx/editor_terrain/tools_select.dds,Assets/CK3Map/Data/Source/clausewitz/gfx/editor_terrain/tools_select.dds,2176,2026-06-10T10:27:34.7437615Z
clausewitz/gfx/editor_terrain/trimmer.png,Assets/CK3Map/Data/Source/clausewitz/gfx/editor_terrain/trimmer.png,2779,2026-06-10T10:27:34.5663588Z
clausewitz/gfx/editor_terrain/trim_when_paint.png,Assets/CK3Map/Data/Source/clausewitz/gfx/editor_terrain/trim_when_paint.png,2352,2026-06-10T10:27:34.2534930Z
clausewitz/gfx/FX/cw/alpha_to_coverage.fxh,Assets/CK3Map/Data/Source/clausewitz/gfx/FX/cw/alpha_to_coverage.fxh,1066,2026-06-10T10:27:34.9275389Z
clausewitz/gfx/FX/cw/applicationutils/texture_viewer.shader,Assets/CK3Map/Data/Source/clausewitz/gfx/FX/cw/applicationutils/texture_viewer.shader.ck3source,2088,2026-06-10T10:27:35.5534455Z
clausewitz/gfx/FX/cw/blit.shader,Assets/CK3Map/Data/Source/clausewitz/gfx/FX/cw/blit.shader.ck3source,1598,2026-06-10T10:27:34.2524658Z
clausewitz/gfx/FX/cw/camera.fxh,Assets/CK3Map/Data/Source/clausewitz/gfx/FX/cw/camera.fxh,1248,2026-06-10T10:27:35.5797850Z
clausewitz/gfx/FX/cw/curve.fxh,Assets/CK3Map/Data/Source/clausewitz/gfx/FX/cw/curve.fxh,1398,2026-06-10T10:27:36.2965457Z
clausewitz/gfx/FX/cw/custom_msaa_resolve.shader,Assets/CK3Map/Data/Source/clausewitz/gfx/FX/cw/custom_msaa_resolve.shader.ck3source,1554,2026-06-10T10:27:35.4910974Z
clausewitz/gfx/FX/cw/debuglines.shader,Assets/CK3Map/Data/Source/clausewitz/gfx/FX/cw/debuglines.shader.ck3source,1808,2026-06-10T10:27:35.3004062Z
clausewitz/gfx/FX/cw/debug_constants.fxh,Assets/CK3Map/Data/Source/clausewitz/gfx/FX/cw/debug_constants.fxh,606,2026-06-10T10:27:36.6037118Z
clausewitz/gfx/FX/cw/defines_common.fxh,Assets/CK3Map/Data/Source/clausewitz/gfx/FX/cw/defines_common.fxh,880,2026-06-10T10:27:36.2970707Z
clausewitz/gfx/FX/cw/defines_glsl4.fxh,Assets/CK3Map/Data/Source/clausewitz/gfx/FX/cw/defines_glsl4.fxh,5569,2026-06-10T10:27:34.6520399Z
clausewitz/gfx/FX/cw/defines_hlsl.fxh,Assets/CK3Map/Data/Source/clausewitz/gfx/FX/cw/defines_hlsl.fxh,8074,2026-06-10T10:27:34.6240348Z
clausewitz/gfx/FX/cw/fullscreen_vertexshader.fxh,Assets/CK3Map/Data/Source/clausewitz/gfx/FX/cw/fullscreen_vertexshader.fxh,692,2026-06-10T10:27:34.5658509Z
clausewitz/gfx/FX/cw/heightmap.fxh,Assets/CK3Map/Data/Source/clausewitz/gfx/FX/cw/heightmap.fxh,8788,2026-06-10T10:27:33.2721894Z
clausewitz/gfx/FX/cw/lean.fxh,Assets/CK3Map/Data/Source/clausewitz/gfx/FX/cw/lean.fxh,1068,2026-06-10T10:27:33.4571516Z
clausewitz/gfx/FX/cw/lighting.fxh,Assets/CK3Map/Data/Source/clausewitz/gfx/FX/cw/lighting.fxh,9469,2026-06-10T10:27:33.5081640Z
clausewitz/gfx/FX/cw/lighting_constants.fxh,Assets/CK3Map/Data/Source/clausewitz/gfx/FX/cw/lighting_constants.fxh,0,2026-06-10T10:28:20.4781960Z
clausewitz/gfx/FX/cw/lighting_util.fxh,Assets/CK3Map/Data/Source/clausewitz/gfx/FX/cw/lighting_util.fxh,959,2026-06-10T10:27:34.7620147Z
clausewitz/gfx/FX/cw/light_culling.shader,Assets/CK3Map/Data/Source/clausewitz/gfx/FX/cw/light_culling.shader.ck3source,19364,2026-06-10T10:27:34.9280542Z
clausewitz/gfx/FX/cw/lines.fxh,Assets/CK3Map/Data/Source/clausewitz/gfx/FX/cw/lines.fxh,3688,2026-06-10T10:27:34.2567285Z
clausewitz/gfx/FX/cw/particle2.fxh,Assets/CK3Map/Data/Source/clausewitz/gfx/FX/cw/particle2.fxh,4250,2026-06-10T10:27:33.2700964Z
clausewitz/gfx/FX/cw/particle2.shader,Assets/CK3Map/Data/Source/clausewitz/gfx/FX/cw/particle2.shader.ck3source,3548,2026-06-10T10:27:35.4905489Z
clausewitz/gfx/FX/cw/pdxgui.fxh,Assets/CK3Map/Data/Source/clausewitz/gfx/FX/cw/pdxgui.fxh,1786,2026-06-10T10:27:33.4566152Z
clausewitz/gfx/FX/cw/pdxgui_default_base.fxh,Assets/CK3Map/Data/Source/clausewitz/gfx/FX/cw/pdxgui_default_base.fxh,3423,2026-06-10T10:27:36.6010141Z
clausewitz/gfx/FX/cw/pdxgui_helper.fxh,Assets/CK3Map/Data/Source/clausewitz/gfx/FX/cw/pdxgui_helper.fxh,651,2026-06-10T10:27:34.7615014Z
clausewitz/gfx/FX/cw/pdxgui_line.fxh,Assets/CK3Map/Data/Source/clausewitz/gfx/FX/cw/pdxgui_line.fxh,2430,2026-06-10T10:27:34.5589167Z
clausewitz/gfx/FX/cw/pdxgui_sprite.fxh,Assets/CK3Map/Data/Source/clausewitz/gfx/FX/cw/pdxgui_sprite.fxh,78,2026-06-10T10:27:35.5581562Z
clausewitz/gfx/FX/cw/pdxgui_sprite_base.fxh,Assets/CK3Map/Data/Source/clausewitz/gfx/FX/cw/pdxgui_sprite_base.fxh,11708,2026-06-10T10:27:34.6492770Z
clausewitz/gfx/FX/cw/pdxgui_sprite_textures.fxh,Assets/CK3Map/Data/Source/clausewitz/gfx/FX/cw/pdxgui_sprite_textures.fxh,1862,2026-06-10T10:27:34.2524658Z
clausewitz/gfx/FX/cw/pdxgui_sprite_textures_wrap.fxh,Assets/CK3Map/Data/Source/clausewitz/gfx/FX/cw/pdxgui_sprite_textures_wrap.fxh,1842,2026-06-10T10:27:33.4701989Z
clausewitz/gfx/FX/cw/pdxgui_triangle.fxh,Assets/CK3Map/Data/Source/clausewitz/gfx/FX/cw/pdxgui_triangle.fxh,979,2026-06-10T10:27:34.7572925Z
clausewitz/gfx/FX/cw/pdxmesh.fxh,Assets/CK3Map/Data/Source/clausewitz/gfx/FX/cw/pdxmesh.fxh,11954,2026-06-10T10:27:33.6367774Z
clausewitz/gfx/FX/cw/pdxmesh_blendshapes.fxh,Assets/CK3Map/Data/Source/clausewitz/gfx/FX/cw/pdxmesh_blendshapes.fxh,4012,2026-06-10T10:27:34.6504881Z
clausewitz/gfx/FX/cw/pdxmesh_buffers.fxh,Assets/CK3Map/Data/Source/clausewitz/gfx/FX/cw/pdxmesh_buffers.fxh,3307,2026-06-10T10:27:35.5567442Z
clausewitz/gfx/FX/cw/pdxmesh_helper.fxh,Assets/CK3Map/Data/Source/clausewitz/gfx/FX/cw/pdxmesh_helper.fxh,917,2026-06-10T10:27:33.4519397Z
clausewitz/gfx/FX/cw/pdxterrain.fxh,Assets/CK3Map/Data/Source/clausewitz/gfx/FX/cw/pdxterrain.fxh,15396,2026-06-10T10:27:35.2993089Z
clausewitz/gfx/FX/cw/pdx_lights.fxh,Assets/CK3Map/Data/Source/clausewitz/gfx/FX/cw/pdx_lights.fxh,15572,2026-06-10T10:27:34.7620147Z
clausewitz/gfx/FX/cw/pdx_motion_vectors.shader,Assets/CK3Map/Data/Source/clausewitz/gfx/FX/cw/pdx_motion_vectors.shader.ck3source,1782,2026-06-10T10:27:34.7625344Z
clausewitz/gfx/FX/cw/pdx_texture_atlas.shader,Assets/CK3Map/Data/Source/clausewitz/gfx/FX/cw/pdx_texture_atlas.shader.ck3source,622,2026-06-10T10:27:35.3004062Z
clausewitz/gfx/FX/cw/printf.fxh,Assets/CK3Map/Data/Source/clausewitz/gfx/FX/cw/printf.fxh,5321,2026-06-10T10:27:34.7452648Z
clausewitz/gfx/FX/cw/random.fxh,Assets/CK3Map/Data/Source/clausewitz/gfx/FX/cw/random.fxh,834,2026-06-10T10:27:34.7437615Z
clausewitz/gfx/FX/cw/shadow.fxh,Assets/CK3Map/Data/Source/clausewitz/gfx/FX/cw/shadow.fxh,2776,2026-06-10T10:27:35.5944680Z
clausewitz/gfx/FX/cw/upscale_utils.fxh,Assets/CK3Map/Data/Source/clausewitz/gfx/FX/cw/upscale_utils.fxh,3434,2026-06-10T10:27:35.5815160Z
clausewitz/gfx/FX/cw/utility.fxh,Assets/CK3Map/Data/Source/clausewitz/gfx/FX/cw/utility.fxh,8750,2026-06-10T10:27:34.6815084Z
clausewitz/gfx/FX/cw/water.fxh,Assets/CK3Map/Data/Source/clausewitz/gfx/FX/cw/water.fxh,1658,2026-06-10T10:27:35.5949955Z
clausewitz/gfx/FX/imgui/imgui.shader,Assets/CK3Map/Data/Source/clausewitz/gfx/FX/imgui/imgui.shader.ck3source,1463,2026-06-10T10:27:33.4576630Z
clausewitz/gfx/FX/pdxbink.shader,Assets/CK3Map/Data/Source/clausewitz/gfx/FX/pdxbink.shader.ck3source,3833,2026-06-10T10:27:36.6020165Z
clausewitz/gfx/FX/pdxgui.shader,Assets/CK3Map/Data/Source/clausewitz/gfx/FX/pdxgui.shader.ck3source,7362,2026-06-10T10:27:34.7437615Z
clausewitz/gfx/FX/pdxguieditor_pushbutton.shader,Assets/CK3Map/Data/Source/clausewitz/gfx/FX/pdxguieditor_pushbutton.shader.ck3source,1355,2026-06-10T10:27:34.6820174Z
clausewitz/gfx/FX/pdxgui_colorpicker.shader,Assets/CK3Map/Data/Source/clausewitz/gfx/FX/pdxgui_colorpicker.shader.ck3source,5520,2026-06-10T10:27:33.4513423Z
clausewitz/gfx/FX/pdxgui_default.shader,Assets/CK3Map/Data/Source/clausewitz/gfx/FX/pdxgui_default.shader.ck3source,106,2026-06-10T10:27:34.7437615Z
clausewitz/gfx/FX/pdxgui_glow.shader,Assets/CK3Map/Data/Source/clausewitz/gfx/FX/pdxgui_glow.shader.ck3source,1215,2026-06-10T10:27:34.7630451Z
clausewitz/gfx/FX/pdxgui_line.shader,Assets/CK3Map/Data/Source/clausewitz/gfx/FX/pdxgui_line.shader.ck3source,2459,2026-06-10T10:27:34.5653362Z
clausewitz/gfx/FX/pdxgui_modify_texture_video.shader,Assets/CK3Map/Data/Source/clausewitz/gfx/FX/pdxgui_modify_texture_video.shader.ck3source,1008,2026-06-10T10:27:34.7462894Z
clausewitz/gfx/FX/pdxgui_piechart.shader,Assets/CK3Map/Data/Source/clausewitz/gfx/FX/pdxgui_piechart.shader.ck3source,5650,2026-06-10T10:27:35.5955691Z
clausewitz/gfx/FX/pdxgui_progressbar.shader,Assets/CK3Map/Data/Source/clausewitz/gfx/FX/pdxgui_progressbar.shader.ck3source,2927,2026-06-10T10:27:35.1124091Z
clausewitz/gfx/FX/pdxgui_pushbutton.shader,Assets/CK3Map/Data/Source/clausewitz/gfx/FX/pdxgui_pushbutton.shader.ck3source,3419,2026-06-10T10:27:36.6010141Z
clausewitz/gfx/FX/pdxgui_repeat_texture.shader,Assets/CK3Map/Data/Source/clausewitz/gfx/FX/pdxgui_repeat_texture.shader.ck3source,111,2026-06-10T10:27:34.7615014Z
clausewitz/gfx/FX/pdxgui_texticon.shader,Assets/CK3Map/Data/Source/clausewitz/gfx/FX/pdxgui_texticon.shader.ck3source,940,2026-06-10T10:27:33.6398674Z
clausewitz/gfx/FX/pdxgui_treemapchart.shader,Assets/CK3Map/Data/Source/clausewitz/gfx/FX/pdxgui_treemapchart.shader.ck3source,1544,2026-06-10T10:27:33.5081640Z
clausewitz/gfx/FX/pdxgui_triangle.shader,Assets/CK3Map/Data/Source/clausewitz/gfx/FX/pdxgui_triangle.shader.ck3source,503,2026-06-10T10:27:34.7572925Z
clausewitz/gfx/terrain/neutral_blend.dds,Assets/CK3Map/Data/Source/clausewitz/gfx/terrain/neutral_blend.dds,136,2026-06-10T10:27:34.6699626Z
game/common/culture/aesthetics_bundles/00_aesthetics.txt,Assets/CK3Map/Data/Source/game/common/culture/aesthetics_bundles/00_aesthetics.txt,5830,2026-06-10T10:17:38.3855632Z
game/common/culture/aesthetics_bundles/_aesthetics_bundles.info,Assets/CK3Map/Data/Source/game/common/culture/aesthetics_bundles/_aesthetics_bundles.info,511,2026-06-10T10:17:49.8026687Z
game/common/culture/creation_names/00_names.txt,Assets/CK3Map/Data/Source/game/common/culture/creation_names/00_names.txt,32919,2026-06-10T10:17:50.0660485Z
game/common/culture/creation_names/00_names_hybrid.txt,Assets/CK3Map/Data/Source/game/common/culture/creation_names/00_names_hybrid.txt,37876,2026-06-10T10:17:43.4945642Z
game/common/culture/creation_names/_creation_names.info,Assets/CK3Map/Data/Source/game/common/culture/creation_names/_creation_names.info,1073,2026-06-10T10:17:49.8717882Z
game/common/culture/cultures/00_akan.txt,Assets/CK3Map/Data/Source/game/common/culture/cultures/00_akan.txt,2102,2026-06-10T10:17:48.4027675Z
game/common/culture/cultures/00_amuric.txt,Assets/CK3Map/Data/Source/game/common/culture/cultures/00_amuric.txt,809,2026-06-10T10:17:38.3414938Z
game/common/culture/cultures/00_arabic.txt,Assets/CK3Map/Data/Source/game/common/culture/cultures/00_arabic.txt,3990,2026-06-10T10:17:47.2843982Z
game/common/culture/cultures/00_baltic.txt,Assets/CK3Map/Data/Source/game/common/culture/cultures/00_baltic.txt,2627,2026-06-10T10:17:38.3384468Z
game/common/culture/cultures/00_balto_finnic.txt,Assets/CK3Map/Data/Source/game/common/culture/cultures/00_balto_finnic.txt,3987,2026-06-10T10:17:45.3156856Z
game/common/culture/cultures/00_bantu.txt,Assets/CK3Map/Data/Source/game/common/culture/cultures/00_bantu.txt,1459,2026-06-10T10:17:50.0076028Z
game/common/culture/cultures/00_berber.txt,Assets/CK3Map/Data/Source/game/common/culture/cultures/00_berber.txt,2994,2026-06-10T10:17:44.0346895Z
game/common/culture/cultures/00_brythonic.txt,Assets/CK3Map/Data/Source/game/common/culture/cultures/00_brythonic.txt,4094,2026-06-10T10:17:49.8717882Z
game/common/culture/cultures/00_burman.txt,Assets/CK3Map/Data/Source/game/common/culture/cultures/00_burman.txt,2343,2026-06-10T10:17:44.0346895Z
game/common/culture/cultures/00_byzantine.txt,Assets/CK3Map/Data/Source/game/common/culture/cultures/00_byzantine.txt,1316,2026-06-10T10:17:47.2843982Z
game/common/culture/cultures/00_caucasian.txt,Assets/CK3Map/Data/Source/game/common/culture/cultures/00_caucasian.txt,1732,2026-06-10T10:17:38.4197801Z
game/common/culture/cultures/00_central_african.txt,Assets/CK3Map/Data/Source/game/common/culture/cultures/00_central_african.txt,2851,2026-06-10T10:17:44.0346895Z
game/common/culture/cultures/00_central_germanic.txt,Assets/CK3Map/Data/Source/game/common/culture/cultures/00_central_germanic.txt,6231,2026-06-10T10:17:52.5700751Z
game/common/culture/cultures/00_cham.txt,Assets/CK3Map/Data/Source/game/common/culture/cultures/00_cham.txt,1852,2026-06-10T10:17:43.7389956Z
game/common/culture/cultures/00_chinese.txt,Assets/CK3Map/Data/Source/game/common/culture/cultures/00_chinese.txt,3647,2026-06-10T10:17:38.3945947Z
game/common/culture/cultures/00_dead.txt,Assets/CK3Map/Data/Source/game/common/culture/cultures/00_dead.txt,5359,2026-06-10T10:17:38.3903815Z
game/common/culture/cultures/00_dravidian.txt,Assets/CK3Map/Data/Source/game/common/culture/cultures/00_dravidian.txt,3076,2026-06-10T10:17:38.4128191Z
game/common/culture/cultures/00_east_african.txt,Assets/CK3Map/Data/Source/game/common/culture/cultures/00_east_african.txt,3849,2026-06-10T10:17:47.2833688Z
game/common/culture/cultures/00_east_slavic.txt,Assets/CK3Map/Data/Source/game/common/culture/cultures/00_east_slavic.txt,3238,2026-06-10T10:17:40.2289767Z
game/common/culture/cultures/00_frankish.txt,Assets/CK3Map/Data/Source/game/common/culture/cultures/00_frankish.txt,3529,2026-06-10T10:17:38.4138308Z
game/common/culture/cultures/00_goidelic.txt,Assets/CK3Map/Data/Source/game/common/culture/cultures/00_goidelic.txt,1701,2026-06-10T10:17:50.0861928Z
game/common/culture/cultures/00_hmongic.txt,Assets/CK3Map/Data/Source/game/common/culture/cultures/00_hmongic.txt,1782,2026-06-10T10:17:44.8533329Z
game/common/culture/cultures/00_iberian.txt,Assets/CK3Map/Data/Source/game/common/culture/cultures/00_iberian.txt,8599,2026-06-10T10:17:38.4128191Z
game/common/culture/cultures/00_indo_aryan.txt,Assets/CK3Map/Data/Source/game/common/culture/cultures/00_indo_aryan.txt,9248,2026-06-10T10:17:38.3802777Z
game/common/culture/cultures/00_iranian.txt,Assets/CK3Map/Data/Source/game/common/culture/cultures/00_iranian.txt,10606,2026-06-10T10:17:43.6042886Z
game/common/culture/cultures/00_israelite.txt,Assets/CK3Map/Data/Source/game/common/culture/cultures/00_israelite.txt,3930,2026-06-10T10:17:40.2284575Z
game/common/culture/cultures/00_japonic.txt,Assets/CK3Map/Data/Source/game/common/culture/cultures/00_japonic.txt,3559,2026-06-10T10:17:52.2309347Z
game/common/culture/cultures/00_khmer.txt,Assets/CK3Map/Data/Source/game/common/culture/cultures/00_khmer.txt,2851,2026-06-10T10:17:49.8717882Z
game/common/culture/cultures/00_korean.txt,Assets/CK3Map/Data/Source/game/common/culture/cultures/00_korean.txt,5334,2026-06-10T10:17:38.4151940Z
game/common/culture/cultures/00_latin.txt,Assets/CK3Map/Data/Source/game/common/culture/cultures/00_latin.txt,5532,2026-06-10T10:17:40.2295670Z
game/common/culture/cultures/00_magyar.txt,Assets/CK3Map/Data/Source/game/common/culture/cultures/00_magyar.txt,1742,2026-06-10T10:17:44.0346895Z
game/common/culture/cultures/00_malayic.txt,Assets/CK3Map/Data/Source/game/common/culture/cultures/00_malayic.txt,11129,2026-06-10T10:17:47.0161443Z
game/common/culture/cultures/00_mongolic.txt,Assets/CK3Map/Data/Source/game/common/culture/cultures/00_mongolic.txt,6937,2026-06-10T10:17:40.2272910Z
game/common/culture/cultures/00_nakkavaram.txt,Assets/CK3Map/Data/Source/game/common/culture/cultures/00_nakkavaram.txt,727,2026-06-10T10:17:38.3458555Z
game/common/culture/cultures/00_north_germanic.txt,Assets/CK3Map/Data/Source/game/common/culture/cultures/00_north_germanic.txt,4361,2026-06-10T10:17:40.2289767Z
game/common/culture/cultures/00_qiangic.txt,Assets/CK3Map/Data/Source/game/common/culture/cultures/00_qiangic.txt,1782,2026-06-10T10:17:43.9020028Z
game/common/culture/cultures/00_sahelian.txt,Assets/CK3Map/Data/Source/game/common/culture/cultures/00_sahelian.txt,2156,2026-06-10T10:17:49.6432736Z
game/common/culture/cultures/00_sahelian_ibl.txt,Assets/CK3Map/Data/Source/game/common/culture/cultures/00_sahelian_ibl.txt,2327,2026-06-10T10:17:38.3802777Z
game/common/culture/cultures/00_senegambian.txt,Assets/CK3Map/Data/Source/game/common/culture/cultures/00_senegambian.txt,2082,2026-06-10T10:17:38.3787529Z
game/common/culture/cultures/00_somalian.txt,Assets/CK3Map/Data/Source/game/common/culture/cultures/00_somalian.txt,1448,2026-06-10T10:17:38.4151940Z
game/common/culture/cultures/00_south_slavic.txt,Assets/CK3Map/Data/Source/game/common/culture/cultures/00_south_slavic.txt,4211,2026-06-10T10:17:49.8723003Z
game/common/culture/cultures/00_syriac.txt,Assets/CK3Map/Data/Source/game/common/culture/cultures/00_syriac.txt,742,2026-06-10T10:17:40.2289767Z
game/common/culture/cultures/00_tai.txt,Assets/CK3Map/Data/Source/game/common/culture/cultures/00_tai.txt,1928,2026-06-10T10:17:44.8694366Z
game/common/culture/cultures/00_tibetan.txt,Assets/CK3Map/Data/Source/game/common/culture/cultures/00_tibetan.txt,3831,2026-06-10T10:17:38.3855632Z
game/common/culture/cultures/00_tujia.txt,Assets/CK3Map/Data/Source/game/common/culture/cultures/00_tujia.txt,632,2026-06-10T10:17:38.3855632Z
game/common/culture/cultures/00_tungusic.txt,Assets/CK3Map/Data/Source/game/common/culture/cultures/00_tungusic.txt,3245,2026-06-10T10:17:40.2295670Z
game/common/culture/cultures/00_turkic.txt,Assets/CK3Map/Data/Source/game/common/culture/cultures/00_turkic.txt,16488,2026-06-10T10:17:42.9412435Z
game/common/culture/cultures/00_ugro_permian.txt,Assets/CK3Map/Data/Source/game/common/culture/cultures/00_ugro_permian.txt,2527,2026-06-10T10:17:52.9086533Z
game/common/culture/cultures/00_viet.txt,Assets/CK3Map/Data/Source/game/common/culture/cultures/00_viet.txt,1061,2026-06-10T10:17:38.3940845Z
game/common/culture/cultures/00_vlach.txt,Assets/CK3Map/Data/Source/game/common/culture/cultures/00_vlach.txt,1005,2026-06-10T10:17:45.3156856Z
game/common/culture/cultures/00_volga_finnic.txt,Assets/CK3Map/Data/Source/game/common/culture/cultures/00_volga_finnic.txt,3821,2026-06-10T10:18:01.7000211Z
game/common/culture/cultures/00_west_african.txt,Assets/CK3Map/Data/Source/game/common/culture/cultures/00_west_african.txt,3855,2026-06-10T10:17:40.2272910Z
game/common/culture/cultures/00_west_germanic.txt,Assets/CK3Map/Data/Source/game/common/culture/cultures/00_west_germanic.txt,3610,2026-06-10T10:17:43.4950820Z
game/common/culture/cultures/00_west_slavic.txt,Assets/CK3Map/Data/Source/game/common/culture/cultures/00_west_slavic.txt,5187,2026-06-10T10:17:49.8094627Z
game/common/culture/cultures/00_yoruba.txt,Assets/CK3Map/Data/Source/game/common/culture/cultures/00_yoruba.txt,2812,2026-06-10T10:17:47.1746550Z
game/common/culture/cultures/_cultures.info,Assets/CK3Map/Data/Source/game/common/culture/cultures/_cultures.info,4743,2026-06-10T10:17:43.4950820Z
game/common/culture/eras/00_culture_eras.txt,Assets/CK3Map/Data/Source/game/common/culture/eras/00_culture_eras.txt,2251,2026-06-10T10:17:38.3855632Z
game/common/culture/eras/_culture_eras.info,Assets/CK3Map/Data/Source/game/common/culture/eras/_culture_eras.info,1722,2026-06-10T10:17:43.9582975Z
game/common/culture/innovations/00_cultural_maa_innovations.txt,Assets/CK3Map/Data/Source/game/common/culture/innovations/00_cultural_maa_innovations.txt,9161,2026-06-10T10:17:43.8492435Z
game/common/culture/innovations/00_early_medieval_innovations.txt,Assets/CK3Map/Data/Source/game/common/culture/innovations/00_early_medieval_innovations.txt,12719,2026-06-10T10:17:40.2272910Z
game/common/culture/innovations/00_fp3_innovations.txt,Assets/CK3Map/Data/Source/game/common/culture/innovations/00_fp3_innovations.txt,3914,2026-06-10T10:17:44.4380902Z
game/common/culture/innovations/00_high_medieval_innovations.txt,Assets/CK3Map/Data/Source/game/common/culture/innovations/00_high_medieval_innovations.txt,12735,2026-06-10T10:17:43.9582975Z
game/common/culture/innovations/00_late_medieval_innovations.txt,Assets/CK3Map/Data/Source/game/common/culture/innovations/00_late_medieval_innovations.txt,12353,2026-06-10T10:17:48.3732821Z
game/common/culture/innovations/00_tribal_innovations.txt,Assets/CK3Map/Data/Source/game/common/culture/innovations/00_tribal_innovations.txt,11736,2026-06-10T10:17:43.9020028Z
game/common/culture/innovations/01_fp1_innovations.txt,Assets/CK3Map/Data/Source/game/common/culture/innovations/01_fp1_innovations.txt,4101,2026-06-10T10:17:38.3883519Z
game/common/culture/innovations/02_ce1_innovations.txt,Assets/CK3Map/Data/Source/game/common/culture/innovations/02_ce1_innovations.txt,786,2026-06-10T10:17:44.6472070Z
game/common/culture/innovations/tgp_innovations.txt,Assets/CK3Map/Data/Source/game/common/culture/innovations/tgp_innovations.txt,15057,2026-06-10T10:17:43.1803065Z
game/common/culture/innovations/_culture_innovations.info,Assets/CK3Map/Data/Source/game/common/culture/innovations/_culture_innovations.info,5810,2026-06-10T10:17:48.6324845Z
game/common/culture/name_equivalency/00_names.txt,Assets/CK3Map/Data/Source/game/common/culture/name_equivalency/00_names.txt,73358,2026-06-10T10:17:45.3312702Z
game/common/culture/name_equivalency/_info.info,Assets/CK3Map/Data/Source/game/common/culture/name_equivalency/_info.info,637,2026-06-10T10:17:44.6472070Z
game/common/culture/name_lists/00_ainu.txt,Assets/CK3Map/Data/Source/game/common/culture/name_lists/00_ainu.txt,3144,2026-06-10T10:17:45.3312702Z
game/common/culture/name_lists/00_akan.txt,Assets/CK3Map/Data/Source/game/common/culture/name_lists/00_akan.txt,5378,2026-06-10T10:17:50.8027321Z
game/common/culture/name_lists/00_arabic.txt,Assets/CK3Map/Data/Source/game/common/culture/name_lists/00_arabic.txt,23497,2026-06-10T10:17:38.3447877Z
game/common/culture/name_lists/00_balhae.txt,Assets/CK3Map/Data/Source/game/common/culture/name_lists/00_balhae.txt,6473,2026-06-10T10:17:48.0419496Z
game/common/culture/name_lists/00_baltic.txt,Assets/CK3Map/Data/Source/game/common/culture/name_lists/00_baltic.txt,6056,2026-06-10T10:17:43.9020028Z
game/common/culture/name_lists/00_balto_finnic.txt,Assets/CK3Map/Data/Source/game/common/culture/name_lists/00_balto_finnic.txt,11937,2026-06-10T10:17:40.2888255Z
game/common/culture/name_lists/00_bantu.txt,Assets/CK3Map/Data/Source/game/common/culture/name_lists/00_bantu.txt,8560,2026-06-10T10:17:38.3883519Z
game/common/culture/name_lists/00_berber.txt,Assets/CK3Map/Data/Source/game/common/culture/name_lists/00_berber.txt,17297,2026-06-10T10:17:40.2893377Z
game/common/culture/name_lists/00_brythonic.txt,Assets/CK3Map/Data/Source/game/common/culture/name_lists/00_brythonic.txt,25439,2026-06-10T10:17:47.2843982Z
game/common/culture/name_lists/00_burman.txt,Assets/CK3Map/Data/Source/game/common/culture/name_lists/00_burman.txt,3256,2026-06-10T10:17:40.2883070Z
game/common/culture/name_lists/00_byzantine.txt,Assets/CK3Map/Data/Source/game/common/culture/name_lists/00_byzantine.txt,35085,2026-06-10T10:17:47.7506322Z
game/common/culture/name_lists/00_central_african.txt,Assets/CK3Map/Data/Source/game/common/culture/name_lists/00_central_african.txt,4556,2026-06-10T10:17:47.2843982Z
game/common/culture/name_lists/00_central_germanic.txt,Assets/CK3Map/Data/Source/game/common/culture/name_lists/00_central_germanic.txt,43504,2026-06-10T10:17:40.2883070Z
game/common/culture/name_lists/00_chinese.txt,Assets/CK3Map/Data/Source/game/common/culture/name_lists/00_chinese.txt,15438,2026-06-10T10:17:38.3840529Z
game/common/culture/name_lists/00_dead.txt,Assets/CK3Map/Data/Source/game/common/culture/name_lists/00_dead.txt,17560,2026-06-10T10:17:40.2888255Z
game/common/culture/name_lists/00_dravidian.txt,Assets/CK3Map/Data/Source/game/common/culture/name_lists/00_dravidian.txt,17461,2026-06-10T10:17:44.6472070Z
game/common/culture/name_lists/00_east_african.txt,Assets/CK3Map/Data/Source/game/common/culture/name_lists/00_east_african.txt,8118,2026-06-10T10:17:43.8492435Z
game/common/culture/name_lists/00_east_slavic.txt,Assets/CK3Map/Data/Source/game/common/culture/name_lists/00_east_slavic.txt,10487,2026-06-10T10:17:38.3823023Z
game/common/culture/name_lists/00_frankish.txt,Assets/CK3Map/Data/Source/game/common/culture/name_lists/00_frankish.txt,73225,2026-06-10T10:17:48.1700137Z
game/common/culture/name_lists/00_goidelic.txt,Assets/CK3Map/Data/Source/game/common/culture/name_lists/00_goidelic.txt,21587,2026-06-10T10:17:38.3802777Z
game/common/culture/name_lists/00_iberian.txt,Assets/CK3Map/Data/Source/game/common/culture/name_lists/00_iberian.txt,44990,2026-06-10T10:17:38.3940845Z
game/common/culture/name_lists/00_indo_aryan.txt,Assets/CK3Map/Data/Source/game/common/culture/name_lists/00_indo_aryan.txt,82375,2026-06-10T10:17:52.2319832Z
game/common/culture/name_lists/00_iranian.txt,Assets/CK3Map/Data/Source/game/common/culture/name_lists/00_iranian.txt,37049,2026-06-10T10:17:38.4197801Z
game/common/culture/name_lists/00_israelite.txt,Assets/CK3Map/Data/Source/game/common/culture/name_lists/00_israelite.txt,6603,2026-06-10T10:17:38.4213007Z
game/common/culture/name_lists/00_japanese.txt,Assets/CK3Map/Data/Source/game/common/culture/name_lists/00_japanese.txt,53426,2026-06-10T10:17:45.8048662Z
game/common/culture/name_lists/00_khmer.txt,Assets/CK3Map/Data/Source/game/common/culture/name_lists/00_khmer.txt,10250,2026-06-10T10:17:47.2849083Z
game/common/culture/name_lists/00_korean.txt,Assets/CK3Map/Data/Source/game/common/culture/name_lists/00_korean.txt,5195,2026-06-10T10:17:38.3469218Z
game/common/culture/name_lists/00_latin.txt,Assets/CK3Map/Data/Source/game/common/culture/name_lists/00_latin.txt,36658,2026-06-10T10:17:40.2888255Z
game/common/culture/name_lists/00_magyar.txt,Assets/CK3Map/Data/Source/game/common/culture/name_lists/00_magyar.txt,9554,2026-06-10T10:17:44.8699670Z
game/common/culture/name_lists/00_malay.txt,Assets/CK3Map/Data/Source/game/common/culture/name_lists/00_malay.txt,13911,2026-06-10T10:17:48.0741701Z
game/common/culture/name_lists/00_mongolic.txt,Assets/CK3Map/Data/Source/game/common/culture/name_lists/00_mongolic.txt,14486,2026-06-10T10:17:48.1142564Z
game/common/culture/name_lists/00_nakkavaram.txt,Assets/CK3Map/Data/Source/game/common/culture/name_lists/00_nakkavaram.txt,1641,2026-06-10T10:17:49.8104714Z
game/common/culture/name_lists/00_nivkh.txt,Assets/CK3Map/Data/Source/game/common/culture/name_lists/00_nivkh.txt,1653,2026-06-10T10:17:38.4138308Z
game/common/culture/name_lists/00_north_germanic.txt,Assets/CK3Map/Data/Source/game/common/culture/name_lists/00_north_germanic.txt,21475,2026-06-10T10:17:38.3914252Z
game/common/culture/name_lists/00_qiangic.txt,Assets/CK3Map/Data/Source/game/common/culture/name_lists/00_qiangic.txt,7992,2026-06-10T10:17:47.0166642Z
game/common/culture/name_lists/00_ryukyuan.txt,Assets/CK3Map/Data/Source/game/common/culture/name_lists/00_ryukyuan.txt,2420,2026-06-10T10:17:47.9152241Z
game/common/culture/name_lists/00_sahelian.txt,Assets/CK3Map/Data/Source/game/common/culture/name_lists/00_sahelian.txt,11675,2026-06-10T10:17:38.4197801Z
game/common/culture/name_lists/00_senegambian.txt,Assets/CK3Map/Data/Source/game/common/culture/name_lists/00_senegambian.txt,1941,2026-06-10T10:17:40.2893377Z
game/common/culture/name_lists/00_somalian.txt,Assets/CK3Map/Data/Source/game/common/culture/name_lists/00_somalian.txt,7531,2026-06-10T10:17:38.3787529Z
game/common/culture/name_lists/00_south_slavic.txt,Assets/CK3Map/Data/Source/game/common/culture/name_lists/00_south_slavic.txt,17378,2026-06-10T10:17:40.2893377Z
game/common/culture/name_lists/00_tai.txt,Assets/CK3Map/Data/Source/game/common/culture/name_lists/00_tai.txt,3477,2026-06-10T10:17:43.1809585Z
game/common/culture/name_lists/00_tibetan.txt,Assets/CK3Map/Data/Source/game/common/culture/name_lists/00_tibetan.txt,44653,2026-06-10T10:17:38.3817893Z
game/common/culture/name_lists/00_tungusic.txt,Assets/CK3Map/Data/Source/game/common/culture/name_lists/00_tungusic.txt,10750,2026-06-10T10:17:38.3855632Z
game/common/culture/name_lists/00_turkic.txt,Assets/CK3Map/Data/Source/game/common/culture/name_lists/00_turkic.txt,44180,2026-06-10T10:17:49.8728102Z
game/common/culture/name_lists/00_ugro_permian.txt,Assets/CK3Map/Data/Source/game/common/culture/name_lists/00_ugro_permian.txt,6452,2026-06-10T10:17:38.4213007Z
game/common/culture/name_lists/00_vietnamese.txt,Assets/CK3Map/Data/Source/game/common/culture/name_lists/00_vietnamese.txt,3653,2026-06-10T10:17:38.3903815Z
game/common/culture/name_lists/00_volga_finnic.txt,Assets/CK3Map/Data/Source/game/common/culture/name_lists/00_volga_finnic.txt,11167,2026-06-10T10:17:49.8104714Z
game/common/culture/name_lists/00_west_african.txt,Assets/CK3Map/Data/Source/game/common/culture/name_lists/00_west_african.txt,9033,2026-06-10T10:17:40.2883070Z
game/common/culture/name_lists/00_west_germanic.txt,Assets/CK3Map/Data/Source/game/common/culture/name_lists/00_west_germanic.txt,17371,2026-06-10T10:17:53.1798881Z
game/common/culture/name_lists/00_west_slavic.txt,Assets/CK3Map/Data/Source/game/common/culture/name_lists/00_west_slavic.txt,23962,2026-06-10T10:17:38.3802777Z
game/common/culture/name_lists/00_yoruba.txt,Assets/CK3Map/Data/Source/game/common/culture/name_lists/00_yoruba.txt,8053,2026-06-10T10:17:48.7349214Z
game/common/culture/name_lists/_example.info,Assets/CK3Map/Data/Source/game/common/culture/name_lists/_example.info,5653,2026-06-10T10:17:38.3399711Z
game/common/culture/name_lists/_name_lists.info,Assets/CK3Map/Data/Source/game/common/culture/name_lists/_name_lists.info,2950,2026-06-10T10:17:38.4218113Z
game/common/culture/pillars/00_ethos.txt,Assets/CK3Map/Data/Source/game/common/culture/pillars/00_ethos.txt,3252,2026-06-10T10:17:43.9780742Z
game/common/culture/pillars/00_head_determination.txt,Assets/CK3Map/Data/Source/game/common/culture/pillars/00_head_determination.txt,306,2026-06-10T10:17:40.7356047Z
game/common/culture/pillars/00_heritage.txt,Assets/CK3Map/Data/Source/game/common/culture/pillars/00_heritage.txt,9866,2026-06-10T10:17:38.4151940Z
game/common/culture/pillars/00_language.txt,Assets/CK3Map/Data/Source/game/common/culture/pillars/00_language.txt,26580,2026-06-10T10:17:48.0741701Z
game/common/culture/pillars/00_martial_custom.txt,Assets/CK3Map/Data/Source/game/common/culture/pillars/00_martial_custom.txt,4160,2026-06-10T10:17:44.8533329Z
game/common/culture/pillars/_pillars.info,Assets/CK3Map/Data/Source/game/common/culture/pillars/_pillars.info,822,2026-06-10T10:18:01.7760896Z
game/common/culture/traditions/00_combat_traditions.txt,Assets/CK3Map/Data/Source/game/common/culture/traditions/00_combat_traditions.txt,56643,2026-06-10T10:17:43.5466064Z
game/common/culture/traditions/00_debug_traditions.txt,Assets/CK3Map/Data/Source/game/common/culture/traditions/00_debug_traditions.txt,657,2026-06-10T10:17:38.4207903Z
game/common/culture/traditions/00_maa_traditions.txt,Assets/CK3Map/Data/Source/game/common/culture/traditions/00_maa_traditions.txt,47385,2026-06-10T10:17:44.8704828Z
game/common/culture/traditions/00_realm_traditions.txt,Assets/CK3Map/Data/Source/game/common/culture/traditions/00_realm_traditions.txt,81956,2026-06-10T10:17:38.3893708Z
game/common/culture/traditions/00_regional_traditions.txt,Assets/CK3Map/Data/Source/game/common/culture/traditions/00_regional_traditions.txt,32345,2026-06-10T10:17:38.3945947Z
game/common/culture/traditions/00_ritual_traditions.txt,Assets/CK3Map/Data/Source/game/common/culture/traditions/00_ritual_traditions.txt,35468,2026-06-10T10:17:53.1804078Z
game/common/culture/traditions/00_societal_traditions.txt,Assets/CK3Map/Data/Source/game/common/culture/traditions/00_societal_traditions.txt,64097,2026-06-10T10:17:38.4151940Z
game/common/culture/traditions/01_fp1_traditions.txt,Assets/CK3Map/Data/Source/game/common/culture/traditions/01_fp1_traditions.txt,13226,2026-06-10T10:17:40.7218279Z
game/common/culture/traditions/03_fp2_traditions.txt,Assets/CK3Map/Data/Source/game/common/culture/traditions/03_fp2_traditions.txt,9171,2026-06-10T10:17:43.9780742Z
game/common/culture/traditions/03_fp3_traditions.txt,Assets/CK3Map/Data/Source/game/common/culture/traditions/03_fp3_traditions.txt,18659,2026-06-10T10:17:44.0362084Z
game/common/culture/traditions/04_ep2_traditions.txt,Assets/CK3Map/Data/Source/game/common/culture/traditions/04_ep2_traditions.txt,2083,2026-06-10T10:17:38.3399711Z
game/common/culture/traditions/06_ce1_traditions.txt,Assets/CK3Map/Data/Source/game/common/culture/traditions/06_ce1_traditions.txt,2384,2026-06-10T10:17:40.7361250Z
game/common/culture/traditions/07_ep3_traditions.txt,Assets/CK3Map/Data/Source/game/common/culture/traditions/07_ep3_traditions.txt,15518,2026-06-10T10:17:48.7349214Z
game/common/culture/traditions/09_ach_traditions.txt,Assets/CK3Map/Data/Source/game/common/culture/traditions/09_ach_traditions.txt,667,2026-06-10T10:17:44.6477292Z
game/common/culture/traditions/09_mpo_traditions.txt,Assets/CK3Map/Data/Source/game/common/culture/traditions/09_mpo_traditions.txt,8204,2026-06-10T10:17:38.3828120Z
game/common/culture/traditions/tgp_traditions.txt,Assets/CK3Map/Data/Source/game/common/culture/traditions/tgp_traditions.txt,50572,2026-06-10T10:17:45.8056218Z
game/common/culture/traditions/_traditions.info,Assets/CK3Map/Data/Source/game/common/culture/traditions/_traditions.info,934,2026-06-10T10:17:48.0741701Z
game/common/culture/_cultural_traits.info,Assets/CK3Map/Data/Source/game/common/culture/_cultural_traits.info,3566,2026-06-10T10:17:49.8104714Z
game/common/defines/00_defines.txt,Assets/CK3Map/Data/Source/game/common/defines/00_defines.txt,119477,2026-06-10T10:17:49.8125703Z
game/common/defines/graphic/00_coa.txt,Assets/CK3Map/Data/Source/game/common/defines/graphic/00_coa.txt,64,2026-06-10T10:17:40.7807478Z
game/common/defines/graphic/00_graphics.txt,Assets/CK3Map/Data/Source/game/common/defines/graphic/00_graphics.txt,60198,2026-06-10T10:17:57.9723966Z
game/common/defines/jomini/adjacencies.txt,Assets/CK3Map/Data/Source/game/common/defines/jomini/adjacencies.txt,325,2026-06-10T10:17:49.8125703Z
game/common/defines/jomini/fog_of_war.txt,Assets/CK3Map/Data/Source/game/common/defines/jomini/fog_of_war.txt,804,2026-06-10T10:17:38.6719741Z
game/common/defines/jomini/mapeditor.txt,Assets/CK3Map/Data/Source/game/common/defines/jomini/mapeditor.txt,95,2026-06-10T10:17:38.6305572Z
game/common/defines/jomini/portraits.txt,Assets/CK3Map/Data/Source/game/common/defines/jomini/portraits.txt,1115,2026-06-10T10:17:43.9780742Z
game/common/defines/jomini/rivers.txt,Assets/CK3Map/Data/Source/game/common/defines/jomini/rivers.txt,375,2026-06-10T10:17:38.6305572Z
game/common/defines/jomini/text_coloring.txt,Assets/CK3Map/Data/Source/game/common/defines/jomini/text_coloring.txt,72,2026-06-10T10:17:43.5477472Z
game/common/defines/jomini/text_formatting.txt,Assets/CK3Map/Data/Source/game/common/defines/jomini/text_formatting.txt,285,2026-06-10T10:17:43.9035554Z
game/common/landed_titles/00_landed_titles.txt,Assets/CK3Map/Data/Source/game/common/landed_titles/00_landed_titles.txt,1296625,2026-06-10T10:17:25.4539650Z
game/common/landed_titles/01_japan.txt,Assets/CK3Map/Data/Source/game/common/landed_titles/01_japan.txt,30468,2026-06-10T10:17:38.7198499Z
game/common/landed_titles/01_japan_noble_family.txt,Assets/CK3Map/Data/Source/game/common/landed_titles/01_japan_noble_family.txt,60852,2026-06-10T10:17:50.9772024Z
game/common/landed_titles/01_korea_noble_family.txt,Assets/CK3Map/Data/Source/game/common/landed_titles/01_korea_noble_family.txt,29942,2026-06-10T10:17:50.0086329Z
game/common/landed_titles/01_other_noble_family.txt,Assets/CK3Map/Data/Source/game/common/landed_titles/01_other_noble_family.txt,65918,2026-06-10T10:17:38.7188179Z
game/common/landed_titles/02_china.txt,Assets/CK3Map/Data/Source/game/common/landed_titles/02_china.txt,143624,2026-06-10T10:17:49.4531079Z
game/common/landed_titles/03_seasia.txt,Assets/CK3Map/Data/Source/game/common/landed_titles/03_seasia.txt,34048,2026-06-10T10:17:40.7855617Z
game/common/landed_titles/04_china_noble_families.txt,Assets/CK3Map/Data/Source/game/common/landed_titles/04_china_noble_families.txt,272740,2026-06-10T10:17:25.4539650Z
game/common/landed_titles/05_goryeo.txt,Assets/CK3Map/Data/Source/game/common/landed_titles/05_goryeo.txt,20636,2026-06-10T10:17:38.6874211Z
game/common/landed_titles/06_philippines.txt,Assets/CK3Map/Data/Source/game/common/landed_titles/06_philippines.txt,31331,2026-06-10T10:17:38.6894850Z
game/common/landed_titles/_landed_titles.info,Assets/CK3Map/Data/Source/game/common/landed_titles/_landed_titles.info,8065,2026-06-10T10:17:38.7183032Z
game/common/province_terrain/00_province_terrain.txt,Assets/CK3Map/Data/Source/game/common/province_terrain/00_province_terrain.txt,160764,2026-06-10T10:17:49.8142343Z
game/common/province_terrain/01_province_properties.txt,Assets/CK3Map/Data/Source/game/common/province_terrain/01_province_properties.txt,741200,2026-06-10T10:17:25.4628216Z
game/common/religion/doctrine_group_types/00_doctrine_group_types.txt,Assets/CK3Map/Data/Source/game/common/religion/doctrine_group_types/00_doctrine_group_types.txt,11170,2026-06-10T10:17:50.9788223Z
game/common/religion/doctrine_group_types/_doctrine_group_types.info,Assets/CK3Map/Data/Source/game/common/religion/doctrine_group_types/_doctrine_group_types.info,960,2026-06-10T10:17:55.3863246Z
game/common/religion/doctrine_types/10_doctrines_religions.txt,Assets/CK3Map/Data/Source/game/common/religion/doctrine_types/10_doctrines_religions.txt,586,2026-06-10T10:17:48.4136511Z
game/common/religion/doctrine_types/20_doctrines.txt,Assets/CK3Map/Data/Source/game/common/religion/doctrine_types/20_doctrines.txt,38431,2026-06-10T10:17:48.0959279Z
game/common/religion/doctrine_types/20_doctrines_islam.txt,Assets/CK3Map/Data/Source/game/common/religion/doctrine_types/20_doctrines_islam.txt,1493,2026-06-10T10:17:40.9052370Z
game/common/religion/doctrine_types/20_doctrines_judaism.txt,Assets/CK3Map/Data/Source/game/common/religion/doctrine_types/20_doctrines_judaism.txt,2852,2026-06-10T10:17:39.0007885Z
game/common/religion/doctrine_types/20_doctrines_zoroastrianism.txt,Assets/CK3Map/Data/Source/game/common/religion/doctrine_types/20_doctrines_zoroastrianism.txt,633,2026-06-10T10:17:48.7363825Z
game/common/religion/doctrine_types/30_core_tenets.txt,Assets/CK3Map/Data/Source/game/common/religion/doctrine_types/30_core_tenets.txt,90962,2026-06-10T10:17:38.9992761Z
game/common/religion/doctrine_types/40_doctrines_special.txt,Assets/CK3Map/Data/Source/game/common/religion/doctrine_types/40_doctrines_special.txt,7965,2026-06-10T10:17:52.5726160Z
game/common/religion/doctrine_types/_doctrine_types.info,Assets/CK3Map/Data/Source/game/common/religion/doctrine_types/_doctrine_types.info,7967,2026-06-10T10:17:39.2443719Z
game/common/religion/great_holy_wars.info,Assets/CK3Map/Data/Source/game/common/religion/great_holy_wars.info,2682,2026-06-10T10:17:39.2137562Z
game/common/religion/holy_site_types/00_holy_site_types.txt,Assets/CK3Map/Data/Source/game/common/religion/holy_site_types/00_holy_site_types.txt,67110,2026-06-10T10:17:49.6570846Z
game/common/religion/holy_site_types/_holy_site_types.info,Assets/CK3Map/Data/Source/game/common/religion/holy_site_types/_holy_site_types.info,1417,2026-06-10T10:17:38.9992761Z
game/common/religion/religion_family_types/00_religion_family_types.txt,Assets/CK3Map/Data/Source/game/common/religion/religion_family_types/00_religion_family_types.txt,755,2026-06-10T10:18:06.0715431Z
game/common/religion/religion_family_types/_religion_family_types.info,Assets/CK3Map/Data/Source/game/common/religion/religion_family_types/_religion_family_types.info,1343,2026-06-10T10:17:39.1832908Z
game/common/religion/religion_types/00_akom.txt,Assets/CK3Map/Data/Source/game/common/religion/religion_types/00_akom.txt,8918,2026-06-10T10:17:38.9992761Z
game/common/religion/religion_types/00_aluk.txt,Assets/CK3Map/Data/Source/game/common/religion/religion_types/00_aluk.txt,8769,2026-06-10T10:18:00.1237721Z
game/common/religion/religion_types/00_baltic.txt,Assets/CK3Map/Data/Source/game/common/religion/religion_types/00_baltic.txt,9118,2026-06-10T10:17:49.8785685Z
game/common/religion/religion_types/00_basque_paganism.txt,Assets/CK3Map/Data/Source/game/common/religion/religion_types/00_basque_paganism.txt,9470,2026-06-10T10:17:39.1884586Z
game/common/religion/religion_types/00_bilikuism.txt,Assets/CK3Map/Data/Source/game/common/religion/religion_types/00_bilikuism.txt,12288,2026-06-10T10:17:54.3737734Z
game/common/religion/religion_types/00_bimoism.txt,Assets/CK3Map/Data/Source/game/common/religion/religion_types/00_bimoism.txt,9056,2026-06-10T10:17:48.7886308Z
game/common/religion/religion_types/00_bon.txt,Assets/CK3Map/Data/Source/game/common/religion/religion_types/00_bon.txt,9059,2026-06-10T10:17:38.9992761Z
game/common/religion/religion_types/00_buddhism.txt,Assets/CK3Map/Data/Source/game/common/religion/religion_types/00_buddhism.txt,24073,2026-06-10T10:17:39.1889780Z
game/common/religion/religion_types/00_christianity.txt,Assets/CK3Map/Data/Source/game/common/religion/religion_types/00_christianity.txt,38472,2026-06-10T10:17:45.3323065Z
game/common/religion/religion_types/00_confucianism.txt,Assets/CK3Map/Data/Source/game/common/religion/religion_types/00_confucianism.txt,10253,2026-06-10T10:17:52.4018106Z
game/common/religion/religion_types/00_dayawism.txt,Assets/CK3Map/Data/Source/game/common/religion/religion_types/00_dayawism.txt,9106,2026-06-10T10:17:45.8365471Z
game/common/religion/religion_types/00_donyipoloism.txt,Assets/CK3Map/Data/Source/game/common/religion/religion_types/00_donyipoloism.txt,10644,2026-06-10T10:17:48.7373933Z
game/common/religion/religion_types/00_dualism.txt,Assets/CK3Map/Data/Source/game/common/religion/religion_types/00_dualism.txt,34799,2026-06-10T10:17:39.1848456Z
game/common/religion/religion_types/00_finno_ugric.txt,Assets/CK3Map/Data/Source/game/common/religion/religion_types/00_finno_ugric.txt,9565,2026-06-10T10:17:45.8210735Z
game/common/religion/religion_types/00_germanic.txt,Assets/CK3Map/Data/Source/game/common/religion/religion_types/00_germanic.txt,10311,2026-06-10T10:18:01.8010829Z
game/common/religion/religion_types/00_hantuism.txt,Assets/CK3Map/Data/Source/game/common/religion/religion_types/00_hantuism.txt,8707,2026-06-10T10:17:48.1153782Z
game/common/religion/religion_types/00_hellenism.txt,Assets/CK3Map/Data/Source/game/common/religion/religion_types/00_hellenism.txt,9327,2026-06-10T10:17:40.9073051Z
game/common/religion/religion_types/00_hinduism.txt,Assets/CK3Map/Data/Source/game/common/religion/religion_types/00_hinduism.txt,21249,2026-06-10T10:18:00.1237721Z
game/common/religion/religion_types/00_hmongism.txt,Assets/CK3Map/Data/Source/game/common/religion/religion_types/00_hmongism.txt,8769,2026-06-10T10:17:39.1858725Z
game/common/religion/religion_types/00_islam.txt,Assets/CK3Map/Data/Source/game/common/religion/religion_types/00_islam.txt,30363,2026-06-10T10:17:55.2469355Z
game/common/religion/religion_types/00_jainism.txt,Assets/CK3Map/Data/Source/game/common/religion/religion_types/00_jainism.txt,11053,2026-06-10T10:17:49.8142343Z
game/common/religion/religion_types/00_judaism.txt,Assets/CK3Map/Data/Source/game/common/religion/religion_types/00_judaism.txt,15605,2026-06-10T10:17:39.1838194Z
game/common/religion/religion_types/00_kaharingan.txt,Assets/CK3Map/Data/Source/game/common/religion/religion_types/00_kaharingan.txt,9296,2026-06-10T10:17:40.9079509Z
game/common/religion/religion_types/00_kamuyism.txt,Assets/CK3Map/Data/Source/game/common/religion/religion_types/00_kamuyism.txt,9496,2026-06-10T10:17:52.0139197Z
game/common/religion/religion_types/00_kushitism.txt,Assets/CK3Map/Data/Source/game/common/religion/religion_types/00_kushitism.txt,9390,2026-06-10T10:17:46.4163687Z
game/common/religion/religion_types/00_magyarism.txt,Assets/CK3Map/Data/Source/game/common/religion/religion_types/00_magyarism.txt,8874,2026-06-10T10:17:47.1783588Z
game/common/religion/religion_types/00_moism.txt,Assets/CK3Map/Data/Source/game/common/religion/religion_types/00_moism.txt,8722,2026-06-10T10:17:48.1153782Z
game/common/religion/religion_types/00_muism.txt,Assets/CK3Map/Data/Source/game/common/religion/religion_types/00_muism.txt,8513,2026-06-10T10:17:39.2461080Z
game/common/religion/religion_types/00_mundhumism.txt,Assets/CK3Map/Data/Source/game/common/religion/religion_types/00_mundhumism.txt,11369,2026-06-10T10:17:39.2443719Z
game/common/religion/religion_types/00_north_african.txt,Assets/CK3Map/Data/Source/game/common/religion/religion_types/00_north_african.txt,10344,2026-06-10T10:17:39.2461080Z
game/common/religion/religion_types/00_paganism.txt,Assets/CK3Map/Data/Source/game/common/religion/religion_types/00_paganism.txt,9017,2026-06-10T10:18:06.0715431Z
game/common/religion/religion_types/00_qiangic.txt,Assets/CK3Map/Data/Source/game/common/religion/religion_types/00_qiangic.txt,14387,2026-06-10T10:17:40.9057604Z
game/common/religion/religion_types/00_satsana_phi.txt,Assets/CK3Map/Data/Source/game/common/religion/religion_types/00_satsana_phi.txt,9367,2026-06-10T10:17:39.0275807Z
game/common/religion/religion_types/00_shamanism.txt,Assets/CK3Map/Data/Source/game/common/religion/religion_types/00_shamanism.txt,8922,2026-06-10T10:17:45.6130815Z
game/common/religion/religion_types/00_shintoism.txt,Assets/CK3Map/Data/Source/game/common/religion/religion_types/00_shintoism.txt,9622,2026-06-10T10:18:02.4757339Z
game/common/religion/religion_types/00_siberian.txt,Assets/CK3Map/Data/Source/game/common/religion/religion_types/00_siberian.txt,9691,2026-06-10T10:17:48.7886308Z
game/common/religion/religion_types/00_slavic.txt,Assets/CK3Map/Data/Source/game/common/religion/religion_types/00_slavic.txt,9012,2026-06-10T10:17:49.8142343Z
game/common/religion/religion_types/00_taoism.txt,Assets/CK3Map/Data/Source/game/common/religion/religion_types/00_taoism.txt,10054,2026-06-10T10:17:39.1894914Z
game/common/religion/religion_types/00_tengrism.txt,Assets/CK3Map/Data/Source/game/common/religion/religion_types/00_tengrism.txt,9211,2026-06-10T10:17:39.0275807Z
game/common/religion/religion_types/00_tolotang.txt,Assets/CK3Map/Data/Source/game/common/religion/religion_types/00_tolotang.txt,9050,2026-06-10T10:17:39.1843289Z
game/common/religion/religion_types/00_utaki.txt,Assets/CK3Map/Data/Source/game/common/religion/religion_types/00_utaki.txt,8854,2026-06-10T10:17:39.1879454Z
game/common/religion/religion_types/00_waaqism.txt,Assets/CK3Map/Data/Source/game/common/religion/religion_types/00_waaqism.txt,15916,2026-06-10T10:17:40.9057604Z
game/common/religion/religion_types/00_west_african.txt,Assets/CK3Map/Data/Source/game/common/religion/religion_types/00_west_african.txt,13257,2026-06-10T10:17:40.9052370Z
game/common/religion/religion_types/00_west_african_bori.txt,Assets/CK3Map/Data/Source/game/common/religion/religion_types/00_west_african_bori.txt,9716,2026-06-10T10:17:39.0007885Z
game/common/religion/religion_types/00_west_african_orisha.txt,Assets/CK3Map/Data/Source/game/common/religion/religion_types/00_west_african_orisha.txt,9050,2026-06-10T10:17:48.4140654Z
game/common/religion/religion_types/00_west_african_roog.txt,Assets/CK3Map/Data/Source/game/common/religion/religion_types/00_west_african_roog.txt,9798,2026-06-10T10:17:52.5726160Z
game/common/religion/religion_types/00_yazidi.txt,Assets/CK3Map/Data/Source/game/common/religion/religion_types/00_yazidi.txt,10584,2026-06-10T10:18:06.3483537Z
game/common/religion/religion_types/00_zoroastrianism.txt,Assets/CK3Map/Data/Source/game/common/religion/religion_types/00_zoroastrianism.txt,17819,2026-06-10T10:18:01.8010829Z
game/common/religion/religion_types/00_zunism.txt,Assets/CK3Map/Data/Source/game/common/religion/religion_types/00_zunism.txt,9065,2026-06-10T10:17:39.0007885Z
game/common/religion/religion_types/_religion_types.info,Assets/CK3Map/Data/Source/game/common/religion/religion_types/_religion_types.info,6302,2026-06-10T10:17:52.5726160Z
game/fonts/Fondamento/Fondamento-Italic.ttf,Assets/CK3Map/Data/Source/game/fonts/Fondamento/Fondamento-Italic.ttf,78760,2026-06-10T10:18:03.1981754Z
game/fonts/Fondamento/Fondamento-Regular.ttf,Assets/CK3Map/Data/Source/game/fonts/Fondamento/Fondamento-Regular.ttf,88024,2026-06-10T10:17:42.4891972Z
game/fonts/Fondamento/modifications.txt,Assets/CK3Map/Data/Source/game/fonts/Fondamento/modifications.txt,90,2026-06-10T10:17:39.7371439Z
game/fonts/Fondamento/OFL.txt,Assets/CK3Map/Data/Source/game/fonts/Fondamento/OFL.txt,4552,2026-06-10T10:17:55.5466891Z
game/fonts/fonts.font,Assets/CK3Map/Data/Source/game/fonts/fonts.font,11825,2026-06-10T10:17:52.4059124Z
game/fonts/Genryu_JP/GenRyuMin2JP-B.otf,Assets/CK3Map/Data/Source/game/fonts/Genryu_JP/GenRyuMin2JP-B.otf,16185520,2026-06-10T10:17:25.4992951Z
game/fonts/Genryu_JP/SIL_Open_Font_License_1.1.txt,Assets/CK3Map/Data/Source/game/fonts/Genryu_JP/SIL_Open_Font_License_1.1.txt,4464,2026-06-10T10:18:07.3792519Z
game/fonts/Gitan/GitanLatin-Bold-Italic.otf,Assets/CK3Map/Data/Source/game/fonts/Gitan/GitanLatin-Bold-Italic.otf,206908,2026-06-10T10:17:48.4150668Z
game/fonts/Gitan/GitanLatin-Bold.otf,Assets/CK3Map/Data/Source/game/fonts/Gitan/GitanLatin-Bold.otf,199808,2026-06-10T10:18:00.1276879Z
game/fonts/Gitan/GitanLatin-Italic.otf,Assets/CK3Map/Data/Source/game/fonts/Gitan/GitanLatin-Italic.otf,163908,2026-06-10T10:18:01.8324128Z
game/fonts/Gitan/GitanLatin-Regular.otf,Assets/CK3Map/Data/Source/game/fonts/Gitan/GitanLatin-Regular.otf,162756,2026-06-10T10:18:04.7343765Z
game/fonts/Gitan/modifications.txt,Assets/CK3Map/Data/Source/game/fonts/Gitan/modifications.txt,82,2026-06-10T10:18:06.4497147Z
game/fonts/Gitan/Rosetta EULA 4.0 - Paradox.pdf,Assets/CK3Map/Data/Source/game/fonts/Gitan/Rosetta EULA 4.0 - Paradox.pdf,50841,2026-06-10T10:17:50.0134170Z
game/fonts/Korean_fontset/GunglipbakmulgwanClassicB.ttf,Assets/CK3Map/Data/Source/game/fonts/Korean_fontset/GunglipbakmulgwanClassicB.ttf,1981320,2026-06-10T10:17:25.4992951Z
game/fonts/Korean_fontset/IBMPlexSansKR-Medium.otf,Assets/CK3Map/Data/Source/game/fonts/Korean_fontset/IBMPlexSansKR-Medium.otf,920832,2026-06-10T10:17:25.5003063Z
game/fonts/Korean_fontset/IBMPlexSansKR-SemiBold.otf,Assets/CK3Map/Data/Source/game/fonts/Korean_fontset/IBMPlexSansKR-SemiBold.otf,933948,2026-06-10T10:17:25.5003063Z
game/fonts/Korean_fontset/IropkeBatangB.ttf,Assets/CK3Map/Data/Source/game/fonts/Korean_fontset/IropkeBatangB.ttf,2643416,2026-06-10T10:17:25.5003063Z
game/fonts/Korean_fontset/IropkeBatangM.ttf,Assets/CK3Map/Data/Source/game/fonts/Korean_fontset/IropkeBatangM.ttf,2642588,2026-06-10T10:17:25.5003063Z
game/fonts/Korean_fontset/LICENSE.txt,Assets/CK3Map/Data/Source/game/fonts/Korean_fontset/LICENSE.txt,17285,2026-06-10T10:17:42.2016762Z
game/fonts/Korean_fontset/ON_YeossiB.ttf,Assets/CK3Map/Data/Source/game/fonts/Korean_fontset/ON_YeossiB.ttf,5374420,2026-06-10T10:17:25.5003063Z
game/fonts/LxgwZhenKai/LXGWZhenKaiGB_alphabet_removed.otf,Assets/CK3Map/Data/Source/game/fonts/LxgwZhenKai/LXGWZhenKaiGB_alphabet_removed.otf,62809824,2026-06-10T10:17:25.5003063Z
game/fonts/LxgwZhenKai/OFL.txt,Assets/CK3Map/Data/Source/game/fonts/LxgwZhenKai/OFL.txt,4544,2026-06-10T10:17:49.4691984Z
game/fonts/mapfont/Paradox_King_Script.otf,Assets/CK3Map/Data/Source/game/fonts/mapfont/Paradox_King_Script.otf,48364,2026-06-10T10:17:50.1322440Z
game/fonts/MonomakhUnicode/MonomakhUnicode.otf,Assets/CK3Map/Data/Source/game/fonts/MonomakhUnicode/MonomakhUnicode.otf,144528,2026-06-10T10:17:41.8951763Z
game/fonts/MonomakhUnicode/OFL.txt,Assets/CK3Map/Data/Source/game/fonts/MonomakhUnicode/OFL.txt,4393,2026-06-10T10:17:42.8802533Z
game/fonts/Noto_Sans_SC/NotoSansSC-Bold.otf,Assets/CK3Map/Data/Source/game/fonts/Noto_Sans_SC/NotoSansSC-Bold.otf,8583292,2026-06-10T10:17:25.5013155Z
game/fonts/Noto_Sans_SC/NotoSansSC-Light.otf,Assets/CK3Map/Data/Source/game/fonts/Noto_Sans_SC/NotoSansSC-Light.otf,8269688,2026-06-10T10:17:25.5013155Z
game/fonts/Noto_Sans_SC/NotoSansSC-Medium.otf,Assets/CK3Map/Data/Source/game/fonts/Noto_Sans_SC/NotoSansSC-Medium.otf,8363604,2026-06-10T10:17:25.5013155Z
game/fonts/Noto_Sans_SC/OFL.txt,Assets/CK3Map/Data/Source/game/fonts/Noto_Sans_SC/OFL.txt,4393,2026-06-10T10:17:43.2402720Z
game/fonts/Open_Sans/LICENSE.txt,Assets/CK3Map/Data/Source/game/fonts/Open_Sans/LICENSE.txt,11560,2026-06-10T10:18:05.0521812Z
game/fonts/Open_Sans/OpenSans-Light.ttf,Assets/CK3Map/Data/Source/game/fonts/Open_Sans/OpenSans-Light.ttf,222236,2026-06-10T10:18:03.3932406Z
game/fonts/Open_Sans/OpenSans-LightItalic.ttf,Assets/CK3Map/Data/Source/game/fonts/Open_Sans/OpenSans-LightItalic.ttf,213024,2026-06-10T10:17:41.5173585Z
game/fonts/Open_Sans/OpenSans-Regular.ttf,Assets/CK3Map/Data/Source/game/fonts/Open_Sans/OpenSans-Regular.ttf,217276,2026-06-10T10:17:42.9412435Z
game/fonts/Open_Sans/OpenSans-SemiBold.ttf,Assets/CK3Map/Data/Source/game/fonts/Open_Sans/OpenSans-SemiBold.ttf,221164,2026-06-10T10:17:41.0629218Z
game/fonts/Open_Sans/OpenSans-SemiBoldItalic.ttf,Assets/CK3Map/Data/Source/game/fonts/Open_Sans/OpenSans-SemiBoldItalic.ttf,212732,2026-06-10T10:17:49.4697318Z
game/fonts/Open_Sans_Condensed/LICENSE.txt,Assets/CK3Map/Data/Source/game/fonts/Open_Sans_Condensed/LICENSE.txt,11560,2026-06-10T10:18:06.3659576Z
game/fonts/Open_Sans_Condensed/OpenSansCondensed-Bold.ttf,Assets/CK3Map/Data/Source/game/fonts/Open_Sans_Condensed/OpenSansCondensed-Bold.ttf,264856,2026-06-10T10:17:25.5023172Z
game/fonts/Open_Sans_Condensed/OpenSansCondensed-Light.ttf,Assets/CK3Map/Data/Source/game/fonts/Open_Sans_Condensed/OpenSansCondensed-Light.ttf,220940,2026-06-10T10:17:55.5477214Z
game/fonts/Open_Sans_Condensed/OpenSansCondensed-LightItalic.ttf,Assets/CK3Map/Data/Source/game/fonts/Open_Sans_Condensed/OpenSansCondensed-LightItalic.ttf,210720,2026-06-10T10:18:09.4003027Z
game/gfx/FX/adjacency.shader,Assets/CK3Map/Data/Source/game/gfx/FX/adjacency.shader.ck3source,3927,2026-06-10T10:17:43.2440273Z
game/gfx/FX/arrow.shader,Assets/CK3Map/Data/Source/game/gfx/FX/arrow.shader.ck3source,3360,2026-06-10T10:17:40.7403144Z
game/gfx/FX/arrow_travel.shader,Assets/CK3Map/Data/Source/game/gfx/FX/arrow_travel.shader.ck3source,3115,2026-06-10T10:18:03.3963950Z
game/gfx/FX/bordercolor.fxh,Assets/CK3Map/Data/Source/game/gfx/FX/bordercolor.fxh,4306,2026-06-10T10:18:13.3210715Z
game/gfx/FX/clouds.fxh,Assets/CK3Map/Data/Source/game/gfx/FX/clouds.fxh,4360,2026-06-10T10:17:40.7439141Z
game/gfx/FX/coat_of_arms/coat_of_arms.fxh,Assets/CK3Map/Data/Source/game/gfx/FX/coat_of_arms/coat_of_arms.fxh,260,2026-06-10T10:18:06.4701888Z
game/gfx/FX/coat_of_arms/coat_of_arms_pattern.shader,Assets/CK3Map/Data/Source/game/gfx/FX/coat_of_arms/coat_of_arms_pattern.shader.ck3source,1182,2026-06-10T10:17:47.2205063Z
game/gfx/FX/coat_of_arms/coat_of_arms_textured_emblem.shader,Assets/CK3Map/Data/Source/game/gfx/FX/coat_of_arms/coat_of_arms_textured_emblem.shader.ck3source,2007,2026-06-10T10:18:05.2781354Z
game/gfx/FX/constants.fxh,Assets/CK3Map/Data/Source/game/gfx/FX/constants.fxh,1585,2026-06-10T10:18:11.4086616Z
game/gfx/FX/court_scene.shader,Assets/CK3Map/Data/Source/game/gfx/FX/court_scene.shader.ck3source,91226,2026-06-10T10:18:05.2781354Z
game/gfx/FX/cw/camera.fxh,Assets/CK3Map/Data/Source/game/gfx/FX/cw/camera.fxh,1712,2026-06-10T10:18:12.2480267Z
game/gfx/FX/cw/lighting.fxh,Assets/CK3Map/Data/Source/game/gfx/FX/cw/lighting.fxh,10649,2026-06-10T10:18:06.4969758Z
game/gfx/FX/cw/lighting_util.fxh,Assets/CK3Map/Data/Source/game/gfx/FX/cw/lighting_util.fxh,4020,2026-06-10T10:18:06.4948500Z
game/gfx/FX/cw/particle2.fxh,Assets/CK3Map/Data/Source/game/gfx/FX/cw/particle2.fxh,3266,2026-06-10T10:17:43.1126261Z
game/gfx/FX/cw/particle2.shader,Assets/CK3Map/Data/Source/game/gfx/FX/cw/particle2.shader.ck3source,4329,2026-06-10T10:18:06.5821256Z
game/gfx/FX/disease.fxh,Assets/CK3Map/Data/Source/game/gfx/FX/disease.fxh,11519,2026-06-10T10:17:59.3952707Z
game/gfx/FX/dynamic_masks.fxh,Assets/CK3Map/Data/Source/game/gfx/FX/dynamic_masks.fxh,13407,2026-06-10T10:17:42.9656576Z
game/gfx/FX/gui_coatofarms.shader,Assets/CK3Map/Data/Source/game/gfx/FX/gui_coatofarms.shader.ck3source,8246,2026-06-10T10:17:43.7400221Z
game/gfx/FX/gui_coatofarmsbutton.shader,Assets/CK3Map/Data/Source/game/gfx/FX/gui_coatofarmsbutton.shader.ck3source,2852,2026-06-10T10:18:04.3850897Z
game/gfx/FX/gui_painterly_portrait.shader,Assets/CK3Map/Data/Source/game/gfx/FX/gui_painterly_portrait.shader.ck3source,9890,2026-06-10T10:17:52.4069415Z
game/gfx/FX/gui_progresspie.shader,Assets/CK3Map/Data/Source/game/gfx/FX/gui_progresspie.shader.ck3source,3295,2026-06-10T10:18:04.5161889Z
game/gfx/FX/jomini/jomini_colormap.fxh,Assets/CK3Map/Data/Source/game/gfx/FX/jomini/jomini_colormap.fxh,3953,2026-06-10T10:18:06.4814401Z
game/gfx/FX/jomini/jomini_fog.fxh,Assets/CK3Map/Data/Source/game/gfx/FX/jomini/jomini_fog.fxh,4210,2026-06-10T10:18:13.7873250Z
game/gfx/FX/jomini/jomini_fog_apply.shader,Assets/CK3Map/Data/Source/game/gfx/FX/jomini/jomini_fog_apply.shader.ck3source,1143,2026-06-10T10:18:05.2744696Z
game/gfx/FX/jomini/jomini_fog_blur_variable.fxh,Assets/CK3Map/Data/Source/game/gfx/FX/jomini/jomini_fog_blur_variable.fxh,734,2026-06-10T10:17:41.7995778Z
game/gfx/FX/jomini/jomini_fog_of_war.fxh,Assets/CK3Map/Data/Source/game/gfx/FX/jomini/jomini_fog_of_war.fxh,6106,2026-06-10T10:18:04.5387465Z
game/gfx/FX/jomini/jomini_lighting.fxh,Assets/CK3Map/Data/Source/game/gfx/FX/jomini/jomini_lighting.fxh,8207,2026-06-10T10:18:14.3014292Z
game/gfx/FX/jomini/jomini_province_overlays.fxh,Assets/CK3Map/Data/Source/game/gfx/FX/jomini/jomini_province_overlays.fxh,6296,2026-06-10T10:17:52.1051783Z
game/gfx/FX/jomini/jomini_river_surface.fxh,Assets/CK3Map/Data/Source/game/gfx/FX/jomini/jomini_river_surface.fxh,3981,2026-06-10T10:18:04.4925244Z
game/gfx/FX/jomini/jomini_water_default.fxh,Assets/CK3Map/Data/Source/game/gfx/FX/jomini/jomini_water_default.fxh,25766,2026-06-10T10:18:00.1049585Z
game/gfx/FX/jomini/map_lighting.fxh,Assets/CK3Map/Data/Source/game/gfx/FX/jomini/map_lighting.fxh,14035,2026-06-10T10:18:15.3139688Z
game/gfx/FX/jomini/posteffect_base.fxh,Assets/CK3Map/Data/Source/game/gfx/FX/jomini/posteffect_base.fxh,13214,2026-06-10T10:18:06.1122461Z
game/gfx/FX/legend.fxh,Assets/CK3Map/Data/Source/game/gfx/FX/legend.fxh,2891,2026-06-10T10:18:05.0548748Z
game/gfx/FX/liquid.fxh,Assets/CK3Map/Data/Source/game/gfx/FX/liquid.fxh,523,2026-06-10T10:17:55.2515844Z
game/gfx/FX/lowspec.fxh,Assets/CK3Map/Data/Source/game/gfx/FX/lowspec.fxh,4038,2026-06-10T10:18:07.1986292Z
game/gfx/FX/mapname.shader,Assets/CK3Map/Data/Source/game/gfx/FX/mapname.shader.ck3source,6019,2026-06-10T10:18:01.5424398Z
game/gfx/FX/paper_transition.fxh,Assets/CK3Map/Data/Source/game/gfx/FX/paper_transition.fxh,1627,2026-06-10T10:17:55.0736282Z
game/gfx/FX/parallax.fxh,Assets/CK3Map/Data/Source/game/gfx/FX/parallax.fxh,2630,2026-06-10T10:17:59.9064633Z
game/gfx/FX/particle.shader,Assets/CK3Map/Data/Source/game/gfx/FX/particle.shader.ck3source,8151,2026-06-10T10:17:59.3714558Z
game/gfx/FX/pdxborder.shader,Assets/CK3Map/Data/Source/game/gfx/FX/pdxborder.shader.ck3source,9143,2026-06-10T10:18:19.0715069Z
game/gfx/FX/pdxgui_event_vfx.shader,Assets/CK3Map/Data/Source/game/gfx/FX/pdxgui_event_vfx.shader.ck3source,18078,2026-06-10T10:18:00.1309166Z
game/gfx/FX/pdxgui_ripple_noise.shader,Assets/CK3Map/Data/Source/game/gfx/FX/pdxgui_ripple_noise.shader.ck3source,1763,2026-06-10T10:18:08.5821459Z
game/gfx/FX/pdxgui_sway.shader,Assets/CK3Map/Data/Source/game/gfx/FX/pdxgui_sway.shader.ck3source,2340,2026-06-10T10:18:12.5744457Z
game/gfx/FX/pdxmesh.shader,Assets/CK3Map/Data/Source/game/gfx/FX/pdxmesh.shader.ck3source,35690,2026-06-10T10:18:03.4265374Z
game/gfx/FX/pdxmesh_decal.shader,Assets/CK3Map/Data/Source/game/gfx/FX/pdxmesh_decal.shader.ck3source,7248,2026-06-10T10:17:40.6579086Z
game/gfx/FX/pdxmesh_vfx.fxh,Assets/CK3Map/Data/Source/game/gfx/FX/pdxmesh_vfx.fxh,766,2026-06-10T10:18:15.2110928Z
game/gfx/FX/pdxmesh_vfx.shader,Assets/CK3Map/Data/Source/game/gfx/FX/pdxmesh_vfx.shader.ck3source,14533,2026-06-10T10:18:06.4974954Z
game/gfx/FX/pdxterrain.shader,Assets/CK3Map/Data/Source/game/gfx/FX/pdxterrain.shader.ck3source,26821,2026-06-10T10:18:08.5826612Z
game/gfx/FX/pdxverticalborder.shader,Assets/CK3Map/Data/Source/game/gfx/FX/pdxverticalborder.shader.ck3source,5588,2026-06-10T10:18:03.6830953Z
game/gfx/FX/pdxwater.shader,Assets/CK3Map/Data/Source/game/gfx/FX/pdxwater.shader.ck3source,4223,2026-06-10T10:18:15.3139688Z
game/gfx/FX/province_effects.fxh,Assets/CK3Map/Data/Source/game/gfx/FX/province_effects.fxh,19767,2026-06-10T10:18:08.0963907Z
game/gfx/FX/province_effects_variables.fxh,Assets/CK3Map/Data/Source/game/gfx/FX/province_effects_variables.fxh,3216,2026-06-10T10:17:43.0757436Z
game/gfx/FX/river_bottom.shader,Assets/CK3Map/Data/Source/game/gfx/FX/river_bottom.shader.ck3source,533,2026-06-10T10:18:07.2478251Z
game/gfx/FX/river_surface.shader,Assets/CK3Map/Data/Source/game/gfx/FX/river_surface.shader.ck3source,1876,2026-06-10T10:17:42.2553986Z
game/gfx/FX/shadow_tint.fxh,Assets/CK3Map/Data/Source/game/gfx/FX/shadow_tint.fxh,3137,2026-06-10T10:18:08.0969076Z
game/gfx/FX/ssao_struct.fxh,Assets/CK3Map/Data/Source/game/gfx/FX/ssao_struct.fxh,93,2026-06-10T10:18:15.4333570Z
game/gfx/FX/standardfuncsgfx.fxh,Assets/CK3Map/Data/Source/game/gfx/FX/standardfuncsgfx.fxh,1469,2026-06-10T10:18:08.6461026Z
game/gfx/FX/surroundmap.shader,Assets/CK3Map/Data/Source/game/gfx/FX/surroundmap.shader.ck3source,11668,2026-06-10T10:18:04.3627366Z
game/gfx/FX/tree.shader,Assets/CK3Map/Data/Source/game/gfx/FX/tree.shader.ck3source,12365,2026-06-10T10:18:01.5424398Z
game/gfx/FX/utility_game.fxh,Assets/CK3Map/Data/Source/game/gfx/FX/utility_game.fxh,2785,2026-06-10T10:18:19.0720179Z
game/gfx/map/adjacencies/strait_diffuse.dds,Assets/CK3Map/Data/Source/game/gfx/map/adjacencies/strait_diffuse.dds,65660,2026-06-10T10:18:33.7665629Z
game/gfx/map/adjacencies/strait_gloss.dds,Assets/CK3Map/Data/Source/game/gfx/map/adjacencies/strait_gloss.dds,43836,2026-06-10T10:18:33.7671026Z
game/gfx/map/adjacencies/strait_normal.dds,Assets/CK3Map/Data/Source/game/gfx/map/adjacencies/strait_normal.dds,11152,2026-06-10T10:18:55.3079589Z
game/gfx/map/borders/border_civil_war.dds,Assets/CK3Map/Data/Source/game/gfx/map/borders/border_civil_war.dds.ck3source,38876,2026-06-10T10:19:06.6787762Z
game/gfx/map/borders/border_county.dds,Assets/CK3Map/Data/Source/game/gfx/map/borders/border_county.dds.ck3source,38876,2026-06-10T10:18:54.5358971Z
game/gfx/map/borders/border_domain.dds,Assets/CK3Map/Data/Source/game/gfx/map/borders/border_domain.dds.ck3source,38876,2026-06-10T10:19:06.6782235Z
game/gfx/map/borders/border_highlighted_province.dds,Assets/CK3Map/Data/Source/game/gfx/map/borders/border_highlighted_province.dds.ck3source,38876,2026-06-10T10:18:55.3094746Z
game/gfx/map/borders/border_hovered_realm.dds,Assets/CK3Map/Data/Source/game/gfx/map/borders/border_hovered_realm.dds.ck3source,38876,2026-06-10T10:19:19.4016225Z
game/gfx/map/borders/border_hovered_realm_flat_map.dds,Assets/CK3Map/Data/Source/game/gfx/map/borders/border_hovered_realm_flat_map.dds.ck3source,38876,2026-06-10T10:18:33.7671026Z
game/gfx/map/borders/border_impassable.dds,Assets/CK3Map/Data/Source/game/gfx/map/borders/border_impassable.dds.ck3source,38876,2026-06-10T10:18:55.4355703Z
game/gfx/map/borders/border_my_realm.dds,Assets/CK3Map/Data/Source/game/gfx/map/borders/border_my_realm.dds.ck3source,38876,2026-06-10T10:18:33.7676427Z
game/gfx/map/borders/border_other_realm.dds,Assets/CK3Map/Data/Source/game/gfx/map/borders/border_other_realm.dds.ck3source,10624,2026-06-10T10:18:52.3221195Z
game/gfx/map/borders/border_province.dds,Assets/CK3Map/Data/Source/game/gfx/map/borders/border_province.dds.ck3source,38876,2026-06-10T10:18:33.7918203Z
game/gfx/map/borders/border_realm_explorer_independent.dds,Assets/CK3Map/Data/Source/game/gfx/map/borders/border_realm_explorer_independent.dds.ck3source,38876,2026-06-10T10:19:11.2942800Z
game/gfx/map/borders/border_realm_explorer_vassal.dds,Assets/CK3Map/Data/Source/game/gfx/map/borders/border_realm_explorer_vassal.dds.ck3source,38876,2026-06-10T10:18:54.5429626Z
game/gfx/map/borders/border_selected_realm.dds,Assets/CK3Map/Data/Source/game/gfx/map/borders/border_selected_realm.dds.ck3source,38876,2026-06-10T10:19:11.2947962Z
game/gfx/map/borders/border_selected_realm_diplomatic.dds,Assets/CK3Map/Data/Source/game/gfx/map/borders/border_selected_realm_diplomatic.dds.ck3source,10624,2026-06-10T10:18:43.6365399Z
game/gfx/map/borders/border_selected_realm_diplomatic_flat_map.dds,Assets/CK3Map/Data/Source/game/gfx/map/borders/border_selected_realm_diplomatic_flat_map.dds.ck3source,10624,2026-06-10T10:18:55.3079589Z
game/gfx/map/borders/border_selected_realm_flat_map.dds,Assets/CK3Map/Data/Source/game/gfx/map/borders/border_selected_realm_flat_map.dds.ck3source,38876,2026-06-10T10:18:43.6375864Z
game/gfx/map/borders/border_selected_realm_overlord.dds,Assets/CK3Map/Data/Source/game/gfx/map/borders/border_selected_realm_overlord.dds.ck3source,10624,2026-06-10T10:18:33.7676427Z
game/gfx/map/borders/border_selected_realm_overlord_diplomatic.dds,Assets/CK3Map/Data/Source/game/gfx/map/borders/border_selected_realm_overlord_diplomatic.dds.ck3source,10624,2026-06-10T10:19:11.2947962Z
game/gfx/map/borders/border_selected_realm_overlord_diplomatic_flat_map.dds,Assets/CK3Map/Data/Source/game/gfx/map/borders/border_selected_realm_overlord_diplomatic_flat_map.dds.ck3source,10624,2026-06-10T10:18:43.6370719Z
game/gfx/map/borders/border_selected_realm_overlord_flat_map.dds,Assets/CK3Map/Data/Source/game/gfx/map/borders/border_selected_realm_overlord_flat_map.dds.ck3source,10624,2026-06-10T10:18:43.6422448Z
game/gfx/map/borders/border_sub_realm.dds,Assets/CK3Map/Data/Source/game/gfx/map/borders/border_sub_realm.dds.ck3source,10624,2026-06-10T10:19:11.2947962Z
game/gfx/map/borders/border_war.dds,Assets/CK3Map/Data/Source/game/gfx/map/borders/border_war.dds.ck3source,38876,2026-06-10T10:19:11.2937748Z
game/gfx/map/borders/border_war_ally.dds,Assets/CK3Map/Data/Source/game/gfx/map/borders/border_war_ally.dds.ck3source,38876,2026-06-10T10:18:33.7671026Z
game/gfx/map/borders/border_war_target.dds,Assets/CK3Map/Data/Source/game/gfx/map/borders/border_war_target.dds.ck3source,38876,2026-06-10T10:18:13.8811495Z
game/gfx/map/borders/border_water.dds,Assets/CK3Map/Data/Source/game/gfx/map/borders/border_water.dds.ck3source,38876,2026-06-10T10:19:11.2942800Z
game/gfx/map/borders/debug.dds,Assets/CK3Map/Data/Source/game/gfx/map/borders/debug.dds.ck3source,4000,2026-06-10T10:18:55.4371131Z
game/gfx/map/borders/epidemic.dds,Assets/CK3Map/Data/Source/game/gfx/map/borders/epidemic.dds.ck3source,29368,2026-06-10T10:18:11.4001220Z
game/gfx/map/borders/migrate.dds,Assets/CK3Map/Data/Source/game/gfx/map/borders/migrate.dds.ck3source,29368,2026-06-10T10:18:52.3251631Z
game/gfx/map/borders/migrate_domain.dds,Assets/CK3Map/Data/Source/game/gfx/map/borders/migrate_domain.dds.ck3source,29368,2026-06-10T10:19:06.6776909Z
game/gfx/map/borders/my_top_realm.dds,Assets/CK3Map/Data/Source/game/gfx/map/borders/my_top_realm.dds.ck3source,38876,2026-06-10T10:18:15.8800350Z
game/gfx/map/borders/selection_highlight.dds,Assets/CK3Map/Data/Source/game/gfx/map/borders/selection_highlight.dds.ck3source,38876,2026-06-10T10:18:15.4977063Z
game/gfx/map/borders/selection_highlight_flat_map.dds,Assets/CK3Map/Data/Source/game/gfx/map/borders/selection_highlight_flat_map.dds.ck3source,38876,2026-06-10T10:18:43.6360294Z
game/gfx/map/borders/settings.txt,Assets/CK3Map/Data/Source/game/gfx/map/borders/settings.txt,4207,2026-06-10T10:18:25.9929834Z
game/gfx/map/borders/settings.vertical_borders,Assets/CK3Map/Data/Source/game/gfx/map/borders/settings.vertical_borders,989,2026-06-10T10:19:06.6798927Z
game/gfx/map/borders/struggle.dds,Assets/CK3Map/Data/Source/game/gfx/map/borders/struggle.dds.ck3source,29368,2026-06-10T10:18:12.9080500Z
game/gfx/map/borders/struggle_interloper.dds,Assets/CK3Map/Data/Source/game/gfx/map/borders/struggle_interloper.dds.ck3source,29368,2026-06-10T10:18:17.4159876Z
game/gfx/map/borders/struggle_involved.dds,Assets/CK3Map/Data/Source/game/gfx/map/borders/struggle_involved.dds.ck3source,29368,2026-06-10T10:18:38.2958778Z
game/gfx/map/borders/struggle_uninvolved.dds,Assets/CK3Map/Data/Source/game/gfx/map/borders/struggle_uninvolved.dds.ck3source,29368,2026-06-10T10:18:54.5455594Z
game/gfx/map/borders/vertical_border_legend.dds,Assets/CK3Map/Data/Source/game/gfx/map/borders/vertical_border_legend.dds.ck3source,349680,2026-06-10T10:17:26.0082062Z
game/gfx/map/disease/disease.dds,Assets/CK3Map/Data/Source/game/gfx/map/disease/disease.dds,1398256,2026-06-10T10:17:26.0092167Z
game/gfx/map/disease/disease.settings,Assets/CK3Map/Data/Source/game/gfx/map/disease/disease.settings,90,2026-06-10T10:18:55.3079589Z
game/gfx/map/disease/disease2.dds,Assets/CK3Map/Data/Source/game/gfx/map/disease/disease2.dds,1398256,2026-06-10T10:17:26.0092167Z
game/gfx/map/environment/cape_hill_8k_cube_specular.dds,Assets/CK3Map/Data/Source/game/gfx/map/environment/cape_hill_8k_cube_specular.dds,2097360,2026-06-10T10:17:26.0092167Z
game/gfx/map/environment/environment.info,Assets/CK3Map/Data/Source/game/gfx/map/environment/environment.info,4805,2026-06-10T10:19:19.4551856Z
game/gfx/map/environment/environment.txt,Assets/CK3Map/Data/Source/game/gfx/map/environment/environment.txt,1602,2026-06-10T10:19:06.6782235Z
game/gfx/map/environment/environment_bottom_left.txt,Assets/CK3Map/Data/Source/game/gfx/map/environment/environment_bottom_left.txt,1166,2026-06-10T10:18:52.3221195Z
game/gfx/map/environment/environment_ce1_table.txt,Assets/CK3Map/Data/Source/game/gfx/map/environment/environment_ce1_table.txt,908,2026-06-10T10:18:55.4329262Z
game/gfx/map/environment/environment_ce2.txt,Assets/CK3Map/Data/Source/game/gfx/map/environment/environment_ce2.txt,1179,2026-06-10T10:18:55.4365966Z
game/gfx/map/environment/environment_compromise.txt,Assets/CK3Map/Data/Source/game/gfx/map/environment/environment_compromise.txt,1180,2026-06-10T10:18:55.4371131Z
game/gfx/map/environment/environment_debug.dds,Assets/CK3Map/Data/Source/game/gfx/map/environment/environment_debug.dds,1048784,2026-06-10T10:17:26.0092167Z
game/gfx/map/environment/environment_debug.txt,Assets/CK3Map/Data/Source/game/gfx/map/environment/environment_debug.txt,2158,2026-06-10T10:19:28.3329494Z
game/gfx/map/environment/environment_ep3_table.txt,Assets/CK3Map/Data/Source/game/gfx/map/environment/environment_ep3_table.txt,918,2026-06-10T10:18:14.3536743Z
game/gfx/map/environment/environment_greyscale.txt,Assets/CK3Map/Data/Source/game/gfx/map/environment/environment_greyscale.txt,3062,2026-06-10T10:18:18.6500533Z
game/gfx/map/environment/environment_mapobjects_shadow.dds,Assets/CK3Map/Data/Source/game/gfx/map/environment/environment_mapobjects_shadow.dds,1048784,2026-06-10T10:17:26.0092167Z
game/gfx/map/environment/environment_mapobjects_sunny.dds,Assets/CK3Map/Data/Source/game/gfx/map/environment/environment_mapobjects_sunny.dds,1048784,2026-06-10T10:17:26.0102294Z
game/gfx/map/environment/environment_terrain_shadow.dds,Assets/CK3Map/Data/Source/game/gfx/map/environment/environment_terrain_shadow.dds,1048784,2026-06-10T10:17:26.0102294Z
game/gfx/map/environment/environment_terrain_sunny.dds,Assets/CK3Map/Data/Source/game/gfx/map/environment/environment_terrain_sunny.dds,1048784,2026-06-10T10:17:26.0102294Z
game/gfx/map/environment/environment_tgp_table.txt,Assets/CK3Map/Data/Source/game/gfx/map/environment/environment_tgp_table.txt,905,2026-06-10T10:18:54.5366775Z
game/gfx/map/environment/environment_top_left.txt,Assets/CK3Map/Data/Source/game/gfx/map/environment/environment_top_left.txt,1159,2026-06-10T10:18:55.4539885Z
game/gfx/map/environment/environment_unit_preview.txt,Assets/CK3Map/Data/Source/game/gfx/map/environment/environment_unit_preview.txt,654,2026-06-10T10:18:18.3697928Z
game/gfx/map/environment/environment_western_table.txt,Assets/CK3Map/Data/Source/game/gfx/map/environment/environment_western_table.txt,921,2026-06-10T10:18:52.3246448Z
game/gfx/map/environment/hdri.dds,Assets/CK3Map/Data/Source/game/gfx/map/environment/hdri.dds,1048784,2026-06-10T10:17:26.0102294Z
game/gfx/map/environment/qwantani_8k_nosun_cube_specular.dds,Assets/CK3Map/Data/Source/game/gfx/map/environment/qwantani_8k_nosun_cube_specular.dds,1048784,2026-06-10T10:17:26.0102294Z
game/gfx/map/environment/snow.settings,Assets/CK3Map/Data/Source/game/gfx/map/environment/snow.settings,2158,2026-06-10T10:19:06.6776909Z
game/gfx/map/flat_map_styles/flat_map_styles.txt,Assets/CK3Map/Data/Source/game/gfx/map/flat_map_styles/flat_map_styles.txt,548,2026-06-10T10:19:28.3329494Z
game/gfx/map/flat_map_styles/_flat_map_styles.info,Assets/CK3Map/Data/Source/game/gfx/map/flat_map_styles/_flat_map_styles.info,1255,2026-06-10T10:18:54.5287346Z
game/gfx/map/legend/legend.dds,Assets/CK3Map/Data/Source/game/gfx/map/legend/legend.dds,1048704,2026-06-10T10:17:26.0112420Z
game/gfx/map/map_modes/map_modes.txt,Assets/CK3Map/Data/Source/game/gfx/map/map_modes/map_modes.txt,224583,2026-06-10T10:18:34.3147946Z
game/gfx/map/map_object_data/activities.txt,Assets/CK3Map/Data/Source/game/gfx/map/map_object_data/activities.txt,1827535,2026-06-10T10:17:26.0117498Z
game/gfx/map/map_object_data/animals.txt,Assets/CK3Map/Data/Source/game/gfx/map/map_object_data/animals.txt,53735,2026-06-10T10:19:06.7987986Z
game/gfx/map/map_object_data/audio_emitters.txt,Assets/CK3Map/Data/Source/game/gfx/map/map_object_data/audio_emitters.txt,135134,2026-06-10T10:18:55.6153713Z
game/gfx/map/map_object_data/bridges.txt,Assets/CK3Map/Data/Source/game/gfx/map/map_object_data/bridges.txt,18931,2026-06-10T10:18:18.3697928Z
game/gfx/map/map_object_data/building_locators.txt,Assets/CK3Map/Data/Source/game/gfx/map/map_object_data/building_locators.txt,1835660,2026-06-10T10:17:26.0117498Z
game/gfx/map/map_object_data/changan_building.txt,Assets/CK3Map/Data/Source/game/gfx/map/map_object_data/changan_building.txt,295,2026-06-10T10:18:39.3797669Z
game/gfx/map/map_object_data/cliffs_coastline.txt,Assets/CK3Map/Data/Source/game/gfx/map/map_object_data/cliffs_coastline.txt,3507,2026-06-10T10:18:11.3321532Z
game/gfx/map/map_object_data/cliffs_rock.txt,Assets/CK3Map/Data/Source/game/gfx/map/map_object_data/cliffs_rock.txt,1245,2026-06-10T10:18:55.6153713Z
game/gfx/map/map_object_data/coast_foam.txt,Assets/CK3Map/Data/Source/game/gfx/map/map_object_data/coast_foam.txt,561,2026-06-10T10:18:34.3147946Z
game/gfx/map/map_object_data/combat_locators.txt,Assets/CK3Map/Data/Source/game/gfx/map/map_object_data/combat_locators.txt,1956926,2026-06-10T10:17:26.0122614Z
game/gfx/map/map_object_data/effect_layers.txt,Assets/CK3Map/Data/Source/game/gfx/map/map_object_data/effect_layers.txt,347,2026-06-10T10:18:55.6153713Z
game/gfx/map/map_object_data/env_effects.txt,Assets/CK3Map/Data/Source/game/gfx/map/map_object_data/env_effects.txt,69861,2026-06-10T10:19:06.6776909Z
game/gfx/map/map_object_data/game_object_layers.txt,Assets/CK3Map/Data/Source/game/gfx/map/map_object_data/game_object_layers.txt,298,2026-06-10T10:18:56.3636956Z
game/gfx/map/map_object_data/generated/reeds_01_generator_1.txt,Assets/CK3Map/Data/Source/game/gfx/map/map_object_data/generated/reeds_01_generator_1.txt,4532942,2026-06-10T10:17:26.0122614Z
game/gfx/map/map_object_data/generated/steppe_bush_01_generator.txt,Assets/CK3Map/Data/Source/game/gfx/map/map_object_data/generated/steppe_bush_01_generator.txt,448689,2026-06-10T10:17:26.0127732Z
game/gfx/map/map_object_data/generated/tree_cypress_01_generator_1.txt,Assets/CK3Map/Data/Source/game/gfx/map/map_object_data/generated/tree_cypress_01_generator_1.txt,687223,2026-06-10T10:17:26.0127732Z
game/gfx/map/map_object_data/generated/tree_jungle_01_c_generator_1.txt,Assets/CK3Map/Data/Source/game/gfx/map/map_object_data/generated/tree_jungle_01_c_generator_1.txt,117536,2026-06-10T10:19:07.2950175Z
game/gfx/map/map_object_data/generated/tree_jungle_01_d_generator_1.txt,Assets/CK3Map/Data/Source/game/gfx/map/map_object_data/generated/tree_jungle_01_d_generator_1.txt,3657554,2026-06-10T10:17:26.0132830Z
game/gfx/map/map_object_data/generated/tree_leaf_01_single_generator_1.txt,Assets/CK3Map/Data/Source/game/gfx/map/map_object_data/generated/tree_leaf_01_single_generator_1.txt,378950,2026-06-10T10:17:26.0136728Z
game/gfx/map/map_object_data/generated/tree_leaf_2_high_generator_1.txt,Assets/CK3Map/Data/Source/game/gfx/map/map_object_data/generated/tree_leaf_2_high_generator_1.txt,1427760,2026-06-10T10:17:26.0136728Z
game/gfx/map/map_object_data/generated/tree_leaf_high_generator_1.txt,Assets/CK3Map/Data/Source/game/gfx/map/map_object_data/generated/tree_leaf_high_generator_1.txt,13350371,2026-06-10T10:17:26.0136728Z
game/gfx/map/map_object_data/generated/tree_leaf_high_generator_2.txt,Assets/CK3Map/Data/Source/game/gfx/map/map_object_data/generated/tree_leaf_high_generator_2.txt,3492158,2026-06-10T10:17:26.0136728Z
game/gfx/map/map_object_data/generated/tree_leaf_high_generator_3.txt,Assets/CK3Map/Data/Source/game/gfx/map/map_object_data/generated/tree_leaf_high_generator_3.txt,7144177,2026-06-10T10:17:26.0136728Z
game/gfx/map/map_object_data/generated/tree_palm_generator_1.txt,Assets/CK3Map/Data/Source/game/gfx/map/map_object_data/generated/tree_palm_generator_1.txt,1222658,2026-06-10T10:17:26.0146746Z
game/gfx/map/map_object_data/generated/tree_pine_01_a_generator_1.txt,Assets/CK3Map/Data/Source/game/gfx/map/map_object_data/generated/tree_pine_01_a_generator_1.txt,5016727,2026-06-10T10:17:26.0146746Z
game/gfx/map/map_object_data/generated/tree_pine_01_b_generator_1.txt,Assets/CK3Map/Data/Source/game/gfx/map/map_object_data/generated/tree_pine_01_b_generator_1.txt,8413942,2026-06-10T10:17:26.0146746Z
game/gfx/map/map_object_data/generated/tree_pine_impassable_01_a_generator_1.txt,Assets/CK3Map/Data/Source/game/gfx/map/map_object_data/generated/tree_pine_impassable_01_a_generator_1.txt,2934272,2026-06-10T10:17:26.0146746Z
game/gfx/map/map_object_data/generated/tree_sakura_01_generator.txt,Assets/CK3Map/Data/Source/game/gfx/map/map_object_data/generated/tree_sakura_01_generator.txt,31373,2026-06-10T10:19:11.3474297Z
game/gfx/map/map_object_data/generated/tree_sakura_02_generator.txt,Assets/CK3Map/Data/Source/game/gfx/map/map_object_data/generated/tree_sakura_02_generator.txt,5311,2026-06-10T10:18:55.7371528Z
game/gfx/map/map_object_data/generated/tree_sakura_03_generator.txt,Assets/CK3Map/Data/Source/game/gfx/map/map_object_data/generated/tree_sakura_03_generator.txt,13987,2026-06-10T10:18:11.6400371Z
game/gfx/map/map_object_data/generated/tree_sakura_forest_generator.txt,Assets/CK3Map/Data/Source/game/gfx/map/map_object_data/generated/tree_sakura_forest_generator.txt,20955,2026-06-10T10:18:20.4718330Z
game/gfx/map/map_object_data/great_wall_china.txt,Assets/CK3Map/Data/Source/game/gfx/map/map_object_data/great_wall_china.txt,829,2026-06-10T10:18:58.3095473Z
game/gfx/map/map_object_data/great_wall_china_gate.txt,Assets/CK3Map/Data/Source/game/gfx/map/map_object_data/great_wall_china_gate.txt,967,2026-06-10T10:18:39.6769413Z
game/gfx/map/map_object_data/lakes.txt,Assets/CK3Map/Data/Source/game/gfx/map/map_object_data/lakes.txt,22999,2026-06-10T10:19:11.3474297Z
game/gfx/map/map_object_data/layers.txt,Assets/CK3Map/Data/Source/game/gfx/map/map_object_data/layers.txt,1201,2026-06-10T10:19:32.3118278Z
game/gfx/map/map_object_data/map_table_ce1.txt,Assets/CK3Map/Data/Source/game/gfx/map/map_object_data/map_table_ce1.txt,1821,2026-06-10T10:18:39.6763591Z
game/gfx/map/map_object_data/map_table_ep3.txt,Assets/CK3Map/Data/Source/game/gfx/map/map_object_data/map_table_ep3.txt,882,2026-06-10T10:18:15.2172730Z
game/gfx/map/map_object_data/map_table_tgp.txt,Assets/CK3Map/Data/Source/game/gfx/map/map_object_data/map_table_tgp.txt,599,2026-06-10T10:19:07.1694763Z
game/gfx/map/map_object_data/map_table_western.txt,Assets/CK3Map/Data/Source/game/gfx/map/map_object_data/map_table_western.txt,1264,2026-06-10T10:18:48.5680873Z
game/gfx/map/map_object_data/other_stack_locators.txt,Assets/CK3Map/Data/Source/game/gfx/map/map_object_data/other_stack_locators.txt,1479612,2026-06-10T10:17:26.0146746Z
game/gfx/map/map_object_data/player_stack_locators.txt,Assets/CK3Map/Data/Source/game/gfx/map/map_object_data/player_stack_locators.txt,1958017,2026-06-10T10:17:26.0146746Z
game/gfx/map/map_object_data/siege_locators.txt,Assets/CK3Map/Data/Source/game/gfx/map/map_object_data/siege_locators.txt,1817023,2026-06-10T10:17:26.0146746Z
game/gfx/map/map_object_data/special.txt,Assets/CK3Map/Data/Source/game/gfx/map/map_object_data/special.txt,5958,2026-06-10T10:19:32.3071280Z
game/gfx/map/map_object_data/special_building_locators.txt,Assets/CK3Map/Data/Source/game/gfx/map/map_object_data/special_building_locators.txt,1914056,2026-06-10T10:17:26.0146746Z
game/gfx/map/map_object_data/stack_locators.txt,Assets/CK3Map/Data/Source/game/gfx/map/map_object_data/stack_locators.txt,690676,2026-06-10T10:17:26.0146746Z
game/gfx/map/map_object_data/test_map_object_output.txt.disabled,Assets/CK3Map/Data/Source/game/gfx/map/map_object_data/test_map_object_output.txt.disabled,23619450,2026-06-10T10:17:26.0158152Z
game/gfx/map/map_object_data/test_objects.txt,Assets/CK3Map/Data/Source/game/gfx/map/map_object_data/test_objects.txt,202,2026-06-10T10:18:18.4628433Z
game/gfx/map/movement_arrows/arrow_locked.dds,Assets/CK3Map/Data/Source/game/gfx/map/movement_arrows/arrow_locked.dds,65664,2026-06-10T10:18:31.3490998Z
game/gfx/map/movement_arrows/arrow_locked_flat_map.dds,Assets/CK3Map/Data/Source/game/gfx/map/movement_arrows/arrow_locked_flat_map.dds,65664,2026-06-10T10:19:21.3283494Z
game/gfx/map/movement_arrows/arrow_silk_road.dds,Assets/CK3Map/Data/Source/game/gfx/map/movement_arrows/arrow_silk_road.dds,65664,2026-06-10T10:18:31.2873113Z
game/gfx/map/movement_arrows/arrow_silk_road_flat_map.dds,Assets/CK3Map/Data/Source/game/gfx/map/movement_arrows/arrow_silk_road_flat_map.dds,65664,2026-06-10T10:18:12.0829491Z
game/gfx/map/movement_arrows/attackarrow_move.dds,Assets/CK3Map/Data/Source/game/gfx/map/movement_arrows/attackarrow_move.dds,65664,2026-06-10T10:18:31.3490998Z
game/gfx/map/movement_arrows/attackarrow_move_flat_map.dds,Assets/CK3Map/Data/Source/game/gfx/map/movement_arrows/attackarrow_move_flat_map.dds,65664,2026-06-10T10:18:58.3111024Z
game/gfx/map/movement_arrows/locked_shortarrow.dds,Assets/CK3Map/Data/Source/game/gfx/map/movement_arrows/locked_shortarrow.dds,262272,2026-06-10T10:17:26.0158152Z
game/gfx/map/movement_arrows/locked_shortarrow_flat_map.dds,Assets/CK3Map/Data/Source/game/gfx/map/movement_arrows/locked_shortarrow_flat_map.dds,262272,2026-06-10T10:17:26.0158152Z
game/gfx/map/movement_arrows/movearrow_move.dds,Assets/CK3Map/Data/Source/game/gfx/map/movement_arrows/movearrow_move.dds,65664,2026-06-10T10:18:18.5687278Z
game/gfx/map/movement_arrows/movearrow_move_flat_map.dds,Assets/CK3Map/Data/Source/game/gfx/map/movement_arrows/movearrow_move_flat_map.dds,65664,2026-06-10T10:18:39.7319645Z
game/gfx/map/movement_arrows/movearrow_travel_placeholder.dds,Assets/CK3Map/Data/Source/game/gfx/map/movement_arrows/movearrow_travel_placeholder.dds,87536,2026-06-10T10:19:21.3272112Z
game/gfx/map/movement_arrows/retreatarrow_move.dds,Assets/CK3Map/Data/Source/game/gfx/map/movement_arrows/retreatarrow_move.dds,65664,2026-06-10T10:18:58.3090234Z
game/gfx/map/movement_arrows/retreatarrow_move_flat_map.dds,Assets/CK3Map/Data/Source/game/gfx/map/movement_arrows/retreatarrow_move_flat_map.dds,65664,2026-06-10T10:18:58.3680657Z
game/gfx/map/movement_arrows/shortarrow.dds,Assets/CK3Map/Data/Source/game/gfx/map/movement_arrows/shortarrow.dds,262272,2026-06-10T10:17:26.0158152Z
game/gfx/map/movement_arrows/shortarrow_flat_map.dds,Assets/CK3Map/Data/Source/game/gfx/map/movement_arrows/shortarrow_flat_map.dds,262272,2026-06-10T10:17:26.0158152Z
game/gfx/map/post_effects/colorcorrection_neutral.tga,Assets/CK3Map/Data/Source/game/gfx/map/post_effects/colorcorrection_neutral.tga,98348,2026-06-10T10:19:32.3600550Z
game/gfx/map/post_effects/posteffect_volumes.txt,Assets/CK3Map/Data/Source/game/gfx/map/post_effects/posteffect_volumes.txt,1976,2026-06-10T10:19:11.4086650Z
game/gfx/map/province_effects/province_effects.txt,Assets/CK3Map/Data/Source/game/gfx/map/province_effects/province_effects.txt,163,2026-06-10T10:19:07.1694763Z
game/gfx/map/province_effects/_province_effects.info,Assets/CK3Map/Data/Source/game/gfx/map/province_effects/_province_effects.info,1010,2026-06-10T10:19:32.3605905Z
game/gfx/map/rivers/rivers.settings,Assets/CK3Map/Data/Source/game/gfx/map/rivers/rivers.settings,493,2026-06-10T10:18:18.7802184Z
game/gfx/map/rivers/riverwater.settings,Assets/CK3Map/Data/Source/game/gfx/map/rivers/riverwater.settings,4177,2026-06-10T10:18:58.3095473Z
game/gfx/map/rivers/river_bottom_diffuse.dds,Assets/CK3Map/Data/Source/game/gfx/map/rivers/river_bottom_diffuse.dds,22000,2026-06-10T10:19:21.3266672Z
game/gfx/map/rivers/river_bottom_gloss.dds,Assets/CK3Map/Data/Source/game/gfx/map/rivers/river_bottom_gloss.dds,22000,2026-06-10T10:18:48.5696584Z
game/gfx/map/rivers/river_bottom_normal.dds,Assets/CK3Map/Data/Source/game/gfx/map/rivers/river_bottom_normal.dds,22000,2026-06-10T10:20:07.3536995Z
game/gfx/map/surround_map/surround_cloud.dds,Assets/CK3Map/Data/Source/game/gfx/map/surround_map/surround_cloud.dds,174924,2026-06-10T10:18:55.8005368Z
game/gfx/map/surround_map/surround_fade.dds,Assets/CK3Map/Data/Source/game/gfx/map/surround_map/surround_fade.dds,885056,2026-06-10T10:17:26.0168256Z
game/gfx/map/surround_map/surround_mask.dds,Assets/CK3Map/Data/Source/game/gfx/map/surround_map/surround_mask.dds,5592552,2026-06-10T10:17:26.0168256Z
game/gfx/map/surround_map/surround_tile.dds,Assets/CK3Map/Data/Source/game/gfx/map/surround_map/surround_tile.dds,5592552,2026-06-10T10:17:26.0168256Z
game/gfx/map/table_styles/table_styles.txt,Assets/CK3Map/Data/Source/game/gfx/map/table_styles/table_styles.txt,1057,2026-06-10T10:19:07.1700039Z
game/gfx/map/table_styles/_table_styles.info,Assets/CK3Map/Data/Source/game/gfx/map/table_styles/_table_styles.info,2133,2026-06-10T10:18:21.5057888Z
game/gfx/map/terrain/beach_02_diffuse.dds,Assets/CK3Map/Data/Source/game/gfx/map/terrain/beach_02_diffuse.dds,1398256,2026-06-10T10:17:26.0168256Z
game/gfx/map/terrain/beach_02_mediterranean_diffuse.dds,Assets/CK3Map/Data/Source/game/gfx/map/terrain/beach_02_mediterranean_diffuse.dds,1398256,2026-06-10T10:17:26.0168256Z
game/gfx/map/terrain/beach_02_mediterranean_normal.dds,Assets/CK3Map/Data/Source/game/gfx/map/terrain/beach_02_mediterranean_normal.dds,1398256,2026-06-10T10:17:26.0183377Z
game/gfx/map/terrain/beach_02_mediterranean_properties.dds,Assets/CK3Map/Data/Source/game/gfx/map/terrain/beach_02_mediterranean_properties.dds,1398256,2026-06-10T10:17:26.0183377Z
game/gfx/map/terrain/beach_02_normal.dds,Assets/CK3Map/Data/Source/game/gfx/map/terrain/beach_02_normal.dds,1398256,2026-06-10T10:17:26.0183377Z
game/gfx/map/terrain/beach_02_pebbles_diffuse.dds,Assets/CK3Map/Data/Source/game/gfx/map/terrain/beach_02_pebbles_diffuse.dds,1398256,2026-06-10T10:17:26.0183377Z
game/gfx/map/terrain/beach_02_pebbles_normal.dds,Assets/CK3Map/Data/Source/game/gfx/map/terrain/beach_02_pebbles_normal.dds,1398256,2026-06-10T10:17:26.0183377Z
game/gfx/map/terrain/beach_02_pebbles_properties.dds,Assets/CK3Map/Data/Source/game/gfx/map/terrain/beach_02_pebbles_properties.dds,1398256,2026-06-10T10:17:26.0183377Z
game/gfx/map/terrain/beach_02_properties.dds,Assets/CK3Map/Data/Source/game/gfx/map/terrain/beach_02_properties.dds,1398256,2026-06-10T10:17:26.0183377Z
game/gfx/map/terrain/coastline_cliff_desert_diffuse.dds,Assets/CK3Map/Data/Source/game/gfx/map/terrain/coastline_cliff_desert_diffuse.dds,1398256,2026-06-10T10:17:26.0183377Z
game/gfx/map/terrain/coastline_cliff_grey_diffuse.dds,Assets/CK3Map/Data/Source/game/gfx/map/terrain/coastline_cliff_grey_diffuse.dds,1398256,2026-06-10T10:17:26.0183377Z
game/gfx/map/terrain/coastline_cliff_grey_normal.dds,Assets/CK3Map/Data/Source/game/gfx/map/terrain/coastline_cliff_grey_normal.dds,1398256,2026-06-10T10:17:26.0183377Z
game/gfx/map/terrain/coastline_cliff_grey_properties.dds,Assets/CK3Map/Data/Source/game/gfx/map/terrain/coastline_cliff_grey_properties.dds,1398256,2026-06-10T10:17:26.0198569Z
game/gfx/map/terrain/colormap.dds,Assets/CK3Map/Data/Source/game/gfx/map/terrain/colormap.dds,56623424,2026-06-10T10:17:26.0198569Z
game/gfx/map/terrain/desert_01_diffuse.dds,Assets/CK3Map/Data/Source/game/gfx/map/terrain/desert_01_diffuse.dds,1398256,2026-06-10T10:17:26.0198569Z
game/gfx/map/terrain/desert_01_normal.dds,Assets/CK3Map/Data/Source/game/gfx/map/terrain/desert_01_normal.dds,1398256,2026-06-10T10:17:26.0198569Z
game/gfx/map/terrain/desert_01_properties.dds,Assets/CK3Map/Data/Source/game/gfx/map/terrain/desert_01_properties.dds,1398256,2026-06-10T10:17:26.0208722Z
game/gfx/map/terrain/desert_02_diffuse.dds,Assets/CK3Map/Data/Source/game/gfx/map/terrain/desert_02_diffuse.dds,1398256,2026-06-10T10:17:26.0208722Z
game/gfx/map/terrain/desert_02_normal.dds,Assets/CK3Map/Data/Source/game/gfx/map/terrain/desert_02_normal.dds,1398256,2026-06-10T10:17:26.0214702Z
game/gfx/map/terrain/desert_02_properties.dds,Assets/CK3Map/Data/Source/game/gfx/map/terrain/desert_02_properties.dds,1398256,2026-06-10T10:17:26.0214702Z
game/gfx/map/terrain/desert_cracked_diffuse.dds,Assets/CK3Map/Data/Source/game/gfx/map/terrain/desert_cracked_diffuse.dds,1398256,2026-06-10T10:17:26.0214702Z
game/gfx/map/terrain/desert_cracked_normal.dds,Assets/CK3Map/Data/Source/game/gfx/map/terrain/desert_cracked_normal.dds,1398256,2026-06-10T10:17:26.0219897Z
game/gfx/map/terrain/desert_cracked_properties.dds,Assets/CK3Map/Data/Source/game/gfx/map/terrain/desert_cracked_properties.dds,1398256,2026-06-10T10:17:26.0219897Z
game/gfx/map/terrain/desert_flat_01_diffuse.dds,Assets/CK3Map/Data/Source/game/gfx/map/terrain/desert_flat_01_diffuse.dds,1398256,2026-06-10T10:17:26.0219897Z
game/gfx/map/terrain/desert_flat_01_normal.dds,Assets/CK3Map/Data/Source/game/gfx/map/terrain/desert_flat_01_normal.dds,1398256,2026-06-10T10:17:26.0219897Z
game/gfx/map/terrain/desert_flat_01_properties.dds,Assets/CK3Map/Data/Source/game/gfx/map/terrain/desert_flat_01_properties.dds,1398256,2026-06-10T10:17:26.0219897Z
game/gfx/map/terrain/desert_rocky_diffuse.dds,Assets/CK3Map/Data/Source/game/gfx/map/terrain/desert_rocky_diffuse.dds,1398256,2026-06-10T10:17:26.0230009Z
game/gfx/map/terrain/desert_rocky_normal.dds,Assets/CK3Map/Data/Source/game/gfx/map/terrain/desert_rocky_normal.dds,1398256,2026-06-10T10:17:26.0230009Z
game/gfx/map/terrain/desert_rocky_properties.dds,Assets/CK3Map/Data/Source/game/gfx/map/terrain/desert_rocky_properties.dds,1398256,2026-06-10T10:17:26.0230009Z
game/gfx/map/terrain/desert_wavy_01_diffuse.dds,Assets/CK3Map/Data/Source/game/gfx/map/terrain/desert_wavy_01_diffuse.dds,1398256,2026-06-10T10:17:26.0230009Z
game/gfx/map/terrain/desert_wavy_01_larger_diffuse.dds,Assets/CK3Map/Data/Source/game/gfx/map/terrain/desert_wavy_01_larger_diffuse.dds,1398256,2026-06-10T10:17:26.0230009Z
game/gfx/map/terrain/desert_wavy_01_larger_normal.dds,Assets/CK3Map/Data/Source/game/gfx/map/terrain/desert_wavy_01_larger_normal.dds,1398256,2026-06-10T10:17:26.0230009Z
game/gfx/map/terrain/desert_wavy_01_larger_properties.dds,Assets/CK3Map/Data/Source/game/gfx/map/terrain/desert_wavy_01_larger_properties.dds,1398256,2026-06-10T10:17:26.0230009Z
game/gfx/map/terrain/desert_wavy_01_normal.dds,Assets/CK3Map/Data/Source/game/gfx/map/terrain/desert_wavy_01_normal.dds,1398256,2026-06-10T10:17:26.0230009Z
game/gfx/map/terrain/desert_wavy_01_properties.dds,Assets/CK3Map/Data/Source/game/gfx/map/terrain/desert_wavy_01_properties.dds,1398256,2026-06-10T10:17:26.0230009Z
game/gfx/map/terrain/detail_data.settings,Assets/CK3Map/Data/Source/game/gfx/map/terrain/detail_data.settings,59,2026-06-10T10:18:17.1609857Z
game/gfx/map/terrain/detail_index.tga,Assets/CK3Map/Data/Source/game/gfx/map/terrain/detail_index.tga,169869356,2026-06-10T10:17:26.0230009Z
game/gfx/map/terrain/detail_intensity.tga,Assets/CK3Map/Data/Source/game/gfx/map/terrain/detail_intensity.tga,169869356,2026-06-10T10:17:26.0246069Z
game/gfx/map/terrain/drought_cracks_diffuse.dds,Assets/CK3Map/Data/Source/game/gfx/map/terrain/drought_cracks_diffuse.dds,1398256,2026-06-10T10:17:26.0246069Z
game/gfx/map/terrain/drought_cracks_normal.dds,Assets/CK3Map/Data/Source/game/gfx/map/terrain/drought_cracks_normal.dds,1398256,2026-06-10T10:17:26.0256221Z
game/gfx/map/terrain/drought_cracks_properties.dds,Assets/CK3Map/Data/Source/game/gfx/map/terrain/drought_cracks_properties.dds,1398256,2026-06-10T10:17:26.0256221Z
game/gfx/map/terrain/drought_diffuse.dds,Assets/CK3Map/Data/Source/game/gfx/map/terrain/drought_diffuse.dds,1398256,2026-06-10T10:17:26.0256221Z
game/gfx/map/terrain/drought_normal.dds,Assets/CK3Map/Data/Source/game/gfx/map/terrain/drought_normal.dds,1398256,2026-06-10T10:17:26.0256221Z
game/gfx/map/terrain/drought_properties.dds,Assets/CK3Map/Data/Source/game/gfx/map/terrain/drought_properties.dds,1398256,2026-06-10T10:17:26.0256221Z
game/gfx/map/terrain/drylands_01_cracked_diffuse.dds,Assets/CK3Map/Data/Source/game/gfx/map/terrain/drylands_01_cracked_diffuse.dds,1398256,2026-06-10T10:17:26.0256221Z
game/gfx/map/terrain/drylands_01_cracked_normal.dds,Assets/CK3Map/Data/Source/game/gfx/map/terrain/drylands_01_cracked_normal.dds,1398256,2026-06-10T10:17:26.0266352Z
game/gfx/map/terrain/drylands_01_cracked_properties.dds,Assets/CK3Map/Data/Source/game/gfx/map/terrain/drylands_01_cracked_properties.dds,1398256,2026-06-10T10:17:26.0266352Z
game/gfx/map/terrain/drylands_01_diffuse.dds,Assets/CK3Map/Data/Source/game/gfx/map/terrain/drylands_01_diffuse.dds,1398256,2026-06-10T10:17:26.0271508Z
game/gfx/map/terrain/drylands_01_grassy_diffuse.dds,Assets/CK3Map/Data/Source/game/gfx/map/terrain/drylands_01_grassy_diffuse.dds,1398256,2026-06-10T10:17:26.0271508Z
game/gfx/map/terrain/drylands_01_grassy_normal.dds,Assets/CK3Map/Data/Source/game/gfx/map/terrain/drylands_01_grassy_normal.dds,1398256,2026-06-10T10:17:26.0276602Z
game/gfx/map/terrain/drylands_01_grassy_properties.dds,Assets/CK3Map/Data/Source/game/gfx/map/terrain/drylands_01_grassy_properties.dds,1398256,2026-06-10T10:17:26.0276602Z
game/gfx/map/terrain/drylands_01_normal.dds,Assets/CK3Map/Data/Source/game/gfx/map/terrain/drylands_01_normal.dds,1398256,2026-06-10T10:17:26.0276602Z
game/gfx/map/terrain/drylands_01_properties.dds,Assets/CK3Map/Data/Source/game/gfx/map/terrain/drylands_01_properties.dds,1398256,2026-06-10T10:17:26.0276602Z
game/gfx/map/terrain/drylands_02_diffuse.dds,Assets/CK3Map/Data/Source/game/gfx/map/terrain/drylands_02_diffuse.dds,1398256,2026-06-10T10:17:26.0276602Z
game/gfx/map/terrain/farmland_01_diffuse.dds,Assets/CK3Map/Data/Source/game/gfx/map/terrain/farmland_01_diffuse.dds,1398256,2026-06-10T10:17:26.0276602Z
game/gfx/map/terrain/farmland_01_normal.dds,Assets/CK3Map/Data/Source/game/gfx/map/terrain/farmland_01_normal.dds,1398256,2026-06-10T10:17:26.0276602Z
game/gfx/map/terrain/farmland_01_properties.dds,Assets/CK3Map/Data/Source/game/gfx/map/terrain/farmland_01_properties.dds,1398256,2026-06-10T10:17:26.0291893Z
game/gfx/map/terrain/farm_paddy_01_diffuse.dds,Assets/CK3Map/Data/Source/game/gfx/map/terrain/farm_paddy_01_diffuse.dds,1398256,2026-06-10T10:17:26.0291893Z
game/gfx/map/terrain/farm_paddy_01_normal.dds,Assets/CK3Map/Data/Source/game/gfx/map/terrain/farm_paddy_01_normal.dds,1398256,2026-06-10T10:17:26.0291893Z
game/gfx/map/terrain/farm_paddy_01_properties.dds,Assets/CK3Map/Data/Source/game/gfx/map/terrain/farm_paddy_01_properties.dds,1398256,2026-06-10T10:17:26.0291893Z
game/gfx/map/terrain/flat_maps/flatmap.dds,Assets/CK3Map/Data/Source/game/gfx/map/terrain/flat_maps/flatmap.dds,21233792,2026-06-10T10:17:26.0291893Z
game/gfx/map/terrain/flat_maps/flatmap_tgp.dds,Assets/CK3Map/Data/Source/game/gfx/map/terrain/flat_maps/flatmap_tgp.dds,21233792,2026-06-10T10:17:26.0306997Z
game/gfx/map/terrain/flat_maps/paper_tear_mask.dds,Assets/CK3Map/Data/Source/game/gfx/map/terrain/flat_maps/paper_tear_mask.dds,699192,2026-06-10T10:17:26.0306997Z
game/gfx/map/terrain/floodplains_01_diffuse.dds,Assets/CK3Map/Data/Source/game/gfx/map/terrain/floodplains_01_diffuse.dds,1398256,2026-06-10T10:17:26.0306997Z
game/gfx/map/terrain/floodplains_01_normal.dds,Assets/CK3Map/Data/Source/game/gfx/map/terrain/floodplains_01_normal.dds,1398256,2026-06-10T10:17:26.0306997Z
game/gfx/map/terrain/floodplains_01_properties.dds,Assets/CK3Map/Data/Source/game/gfx/map/terrain/floodplains_01_properties.dds,1398256,2026-06-10T10:17:26.0306997Z
game/gfx/map/terrain/flood_diffuse.dds,Assets/CK3Map/Data/Source/game/gfx/map/terrain/flood_diffuse.dds,1398256,2026-06-10T10:17:26.0306997Z
game/gfx/map/terrain/flood_normal.dds,Assets/CK3Map/Data/Source/game/gfx/map/terrain/flood_normal.dds,1398256,2026-06-10T10:17:26.0306997Z
game/gfx/map/terrain/flood_properties.dds,Assets/CK3Map/Data/Source/game/gfx/map/terrain/flood_properties.dds,1398256,2026-06-10T10:17:26.0322108Z
game/gfx/map/terrain/forestfloor_diffuse.dds,Assets/CK3Map/Data/Source/game/gfx/map/terrain/forestfloor_diffuse.dds,1398256,2026-06-10T10:17:26.0322108Z
game/gfx/map/terrain/forestfloor_normal.dds,Assets/CK3Map/Data/Source/game/gfx/map/terrain/forestfloor_normal.dds,1398256,2026-06-10T10:17:26.0327282Z
game/gfx/map/terrain/forestfloor_properties.dds,Assets/CK3Map/Data/Source/game/gfx/map/terrain/forestfloor_properties.dds,1398256,2026-06-10T10:17:26.0332477Z
game/gfx/map/terrain/forest_jungle_01_diffuse.dds,Assets/CK3Map/Data/Source/game/gfx/map/terrain/forest_jungle_01_diffuse.dds,1398256,2026-06-10T10:17:26.0335556Z
game/gfx/map/terrain/forest_jungle_01_normal.dds,Assets/CK3Map/Data/Source/game/gfx/map/terrain/forest_jungle_01_normal.dds,1398256,2026-06-10T10:17:26.0335556Z
game/gfx/map/terrain/forest_jungle_01_properties.dds,Assets/CK3Map/Data/Source/game/gfx/map/terrain/forest_jungle_01_properties.dds,1398256,2026-06-10T10:17:26.0335556Z
game/gfx/map/terrain/forest_leaf_01_diffuse.dds,Assets/CK3Map/Data/Source/game/gfx/map/terrain/forest_leaf_01_diffuse.dds,1398256,2026-06-10T10:17:26.0335556Z
game/gfx/map/terrain/forest_leaf_01_normal.dds,Assets/CK3Map/Data/Source/game/gfx/map/terrain/forest_leaf_01_normal.dds,1398256,2026-06-10T10:17:26.0345582Z
game/gfx/map/terrain/forest_leaf_01_properties.dds,Assets/CK3Map/Data/Source/game/gfx/map/terrain/forest_leaf_01_properties.dds,1398256,2026-06-10T10:17:26.0345582Z
game/gfx/map/terrain/forest_pine_01_diffuse.dds,Assets/CK3Map/Data/Source/game/gfx/map/terrain/forest_pine_01_diffuse.dds,1398256,2026-06-10T10:17:26.0345582Z
game/gfx/map/terrain/forest_pine_01_normal.dds,Assets/CK3Map/Data/Source/game/gfx/map/terrain/forest_pine_01_normal.dds,1398256,2026-06-10T10:17:26.0345582Z
game/gfx/map/terrain/forest_pine_01_properties.dds,Assets/CK3Map/Data/Source/game/gfx/map/terrain/forest_pine_01_properties.dds,1398256,2026-06-10T10:17:26.0345582Z
game/gfx/map/terrain/gen_central_base_diffuse.dds,Assets/CK3Map/Data/Source/game/gfx/map/terrain/gen_central_base_diffuse.dds,1398256,2026-06-10T10:17:26.0360983Z
game/gfx/map/terrain/gen_central_base_normal.dds,Assets/CK3Map/Data/Source/game/gfx/map/terrain/gen_central_base_normal.dds,1398256,2026-06-10T10:17:26.0360983Z
game/gfx/map/terrain/gen_central_base_properties.dds,Assets/CK3Map/Data/Source/game/gfx/map/terrain/gen_central_base_properties.dds,1398256,2026-06-10T10:17:26.0360983Z
game/gfx/map/terrain/gen_central_hills_diffuse.dds,Assets/CK3Map/Data/Source/game/gfx/map/terrain/gen_central_hills_diffuse.dds,1398256,2026-06-10T10:17:26.0360983Z
game/gfx/map/terrain/gen_central_hills_normal.dds,Assets/CK3Map/Data/Source/game/gfx/map/terrain/gen_central_hills_normal.dds,1398256,2026-06-10T10:17:26.0360983Z
game/gfx/map/terrain/gen_central_hills_properties.dds,Assets/CK3Map/Data/Source/game/gfx/map/terrain/gen_central_hills_properties.dds,1398256,2026-06-10T10:17:26.0360983Z
game/gfx/map/terrain/gen_central_lowlands_02_diffuse.dds,Assets/CK3Map/Data/Source/game/gfx/map/terrain/gen_central_lowlands_02_diffuse.dds,1398256,2026-06-10T10:17:26.0376646Z
game/gfx/map/terrain/gen_central_lowlands_02_normal.dds,Assets/CK3Map/Data/Source/game/gfx/map/terrain/gen_central_lowlands_02_normal.dds,1398256,2026-06-10T10:17:26.0376646Z
game/gfx/map/terrain/gen_central_lowlands_02_properties.dds,Assets/CK3Map/Data/Source/game/gfx/map/terrain/gen_central_lowlands_02_properties.dds,1398256,2026-06-10T10:17:26.0376646Z
game/gfx/map/terrain/gen_central_lowlands_03_diffuse.dds,Assets/CK3Map/Data/Source/game/gfx/map/terrain/gen_central_lowlands_03_diffuse.dds,1398256,2026-06-10T10:17:26.0381857Z
game/gfx/map/terrain/gen_central_lowlands_03_normal.dds,Assets/CK3Map/Data/Source/game/gfx/map/terrain/gen_central_lowlands_03_normal.dds,1398256,2026-06-10T10:17:26.0381857Z
game/gfx/map/terrain/gen_central_lowlands_03_properties.dds,Assets/CK3Map/Data/Source/game/gfx/map/terrain/gen_central_lowlands_03_properties.dds,1398256,2026-06-10T10:17:26.0386976Z
game/gfx/map/terrain/gen_central_lowlands_diffuse.dds,Assets/CK3Map/Data/Source/game/gfx/map/terrain/gen_central_lowlands_diffuse.dds,1398256,2026-06-10T10:17:26.0386976Z
game/gfx/map/terrain/gen_central_lowlands_normal.dds,Assets/CK3Map/Data/Source/game/gfx/map/terrain/gen_central_lowlands_normal.dds,1398256,2026-06-10T10:17:26.0386976Z
game/gfx/map/terrain/gen_central_lowlands_properties.dds,Assets/CK3Map/Data/Source/game/gfx/map/terrain/gen_central_lowlands_properties.dds,1398256,2026-06-10T10:17:26.0386976Z
game/gfx/map/terrain/gen_central_mountain_diffuse.dds,Assets/CK3Map/Data/Source/game/gfx/map/terrain/gen_central_mountain_diffuse.dds,1398256,2026-06-10T10:17:26.0386976Z
game/gfx/map/terrain/gen_central_mountain_normal.dds,Assets/CK3Map/Data/Source/game/gfx/map/terrain/gen_central_mountain_normal.dds,1398256,2026-06-10T10:17:26.0386976Z
game/gfx/map/terrain/gen_central_mountain_properties.dds,Assets/CK3Map/Data/Source/game/gfx/map/terrain/gen_central_mountain_properties.dds,1398256,2026-06-10T10:17:26.0386976Z
game/gfx/map/terrain/gen_central_mountain_transition_diffuse copy.dds,Assets/CK3Map/Data/Source/game/gfx/map/terrain/gen_central_mountain_transition_diffuse copy.dds,1398256,2026-06-10T10:17:26.0386976Z
game/gfx/map/terrain/gen_central_mountain_transition_diffuse.dds,Assets/CK3Map/Data/Source/game/gfx/map/terrain/gen_central_mountain_transition_diffuse.dds,1398256,2026-06-10T10:17:26.0402133Z
game/gfx/map/terrain/gen_central_mountain_transition_normal.dds,Assets/CK3Map/Data/Source/game/gfx/map/terrain/gen_central_mountain_transition_normal.dds,1398256,2026-06-10T10:17:26.0402133Z
game/gfx/map/terrain/gen_central_mountain_transition_properties.dds,Assets/CK3Map/Data/Source/game/gfx/map/terrain/gen_central_mountain_transition_properties.dds,1398256,2026-06-10T10:17:26.0402133Z
game/gfx/map/terrain/gen_coastal_cliff_01_diffuse.dds,Assets/CK3Map/Data/Source/game/gfx/map/terrain/gen_coastal_cliff_01_diffuse.dds,1398256,2026-06-10T10:17:26.0402133Z
game/gfx/map/terrain/gen_desert_base_diffuse.dds,Assets/CK3Map/Data/Source/game/gfx/map/terrain/gen_desert_base_diffuse.dds,1398256,2026-06-10T10:17:26.0402133Z
game/gfx/map/terrain/gen_desert_base_normal.dds,Assets/CK3Map/Data/Source/game/gfx/map/terrain/gen_desert_base_normal.dds,1398256,2026-06-10T10:17:26.0402133Z
game/gfx/map/terrain/gen_desert_base_properties.dds,Assets/CK3Map/Data/Source/game/gfx/map/terrain/gen_desert_base_properties.dds,1398256,2026-06-10T10:17:26.0412237Z
game/gfx/map/terrain/gen_desert_hills_diffuse.dds,Assets/CK3Map/Data/Source/game/gfx/map/terrain/gen_desert_hills_diffuse.dds,1398256,2026-06-10T10:17:26.0412237Z
game/gfx/map/terrain/gen_desert_hills_normal.dds,Assets/CK3Map/Data/Source/game/gfx/map/terrain/gen_desert_hills_normal.dds,1398256,2026-06-10T10:17:26.0412237Z
game/gfx/map/terrain/gen_desert_hills_properties.dds,Assets/CK3Map/Data/Source/game/gfx/map/terrain/gen_desert_hills_properties.dds,1398256,2026-06-10T10:17:26.0412237Z
game/gfx/map/terrain/gen_desert_lowlands_02_diffuse.dds,Assets/CK3Map/Data/Source/game/gfx/map/terrain/gen_desert_lowlands_02_diffuse.dds,1398256,2026-06-10T10:17:26.0412237Z
game/gfx/map/terrain/gen_desert_lowlands_02_normal.dds,Assets/CK3Map/Data/Source/game/gfx/map/terrain/gen_desert_lowlands_02_normal.dds,1398256,2026-06-10T10:17:26.0422288Z
game/gfx/map/terrain/gen_desert_lowlands_02_properties.dds,Assets/CK3Map/Data/Source/game/gfx/map/terrain/gen_desert_lowlands_02_properties.dds,1398256,2026-06-10T10:17:26.0422288Z
game/gfx/map/terrain/gen_desert_lowlands_03_diffuse.dds,Assets/CK3Map/Data/Source/game/gfx/map/terrain/gen_desert_lowlands_03_diffuse.dds,1398256,2026-06-10T10:17:26.0427341Z
game/gfx/map/terrain/gen_desert_lowlands_03_normal.dds,Assets/CK3Map/Data/Source/game/gfx/map/terrain/gen_desert_lowlands_03_normal.dds,1398256,2026-06-10T10:17:26.0427341Z
game/gfx/map/terrain/gen_desert_lowlands_03_properties.dds,Assets/CK3Map/Data/Source/game/gfx/map/terrain/gen_desert_lowlands_03_properties.dds,1398256,2026-06-10T10:17:26.0427341Z
game/gfx/map/terrain/gen_desert_lowlands_04_diffuse.dds,Assets/CK3Map/Data/Source/game/gfx/map/terrain/gen_desert_lowlands_04_diffuse.dds,1398256,2026-06-10T10:17:26.0432444Z
game/gfx/map/terrain/gen_desert_lowlands_04_normal.dds,Assets/CK3Map/Data/Source/game/gfx/map/terrain/gen_desert_lowlands_04_normal.dds,1398256,2026-06-10T10:17:26.0432444Z
game/gfx/map/terrain/gen_desert_lowlands_04_properties.dds,Assets/CK3Map/Data/Source/game/gfx/map/terrain/gen_desert_lowlands_04_properties.dds,1398256,2026-06-10T10:17:26.0432444Z
game/gfx/map/terrain/gen_desert_lowlands_diffuse.dds,Assets/CK3Map/Data/Source/game/gfx/map/terrain/gen_desert_lowlands_diffuse.dds,1398256,2026-06-10T10:17:26.0432444Z
game/gfx/map/terrain/gen_desert_lowlands_normal.dds,Assets/CK3Map/Data/Source/game/gfx/map/terrain/gen_desert_lowlands_normal.dds,1398256,2026-06-10T10:17:26.0432444Z
game/gfx/map/terrain/gen_desert_lowlands_properties.dds,Assets/CK3Map/Data/Source/game/gfx/map/terrain/gen_desert_lowlands_properties.dds,1398256,2026-06-10T10:17:26.0432444Z
game/gfx/map/terrain/gen_desert_mountain_diffuse.dds,Assets/CK3Map/Data/Source/game/gfx/map/terrain/gen_desert_mountain_diffuse.dds,1398256,2026-06-10T10:17:26.0432444Z
game/gfx/map/terrain/gen_desert_mountain_normal.dds,Assets/CK3Map/Data/Source/game/gfx/map/terrain/gen_desert_mountain_normal.dds,1398256,2026-06-10T10:17:26.0432444Z
game/gfx/map/terrain/gen_desert_mountain_properties.dds,Assets/CK3Map/Data/Source/game/gfx/map/terrain/gen_desert_mountain_properties.dds,1398256,2026-06-10T10:17:26.0432444Z
game/gfx/map/terrain/gen_desert_mountain_transition_diffuse.dds,Assets/CK3Map/Data/Source/game/gfx/map/terrain/gen_desert_mountain_transition_diffuse.dds,1398256,2026-06-10T10:17:26.0447552Z
game/gfx/map/terrain/gen_desert_mountain_transition_normal.dds,Assets/CK3Map/Data/Source/game/gfx/map/terrain/gen_desert_mountain_transition_normal.dds,1398256,2026-06-10T10:17:26.0447552Z
game/gfx/map/terrain/gen_desert_mountain_transition_properties.dds,Assets/CK3Map/Data/Source/game/gfx/map/terrain/gen_desert_mountain_transition_properties.dds,1398256,2026-06-10T10:17:26.0447552Z
game/gfx/map/terrain/gen_drylands_base_diffuse.dds,Assets/CK3Map/Data/Source/game/gfx/map/terrain/gen_drylands_base_diffuse.dds,1398256,2026-06-10T10:17:26.0447552Z
game/gfx/map/terrain/gen_drylands_base_normal.dds,Assets/CK3Map/Data/Source/game/gfx/map/terrain/gen_drylands_base_normal.dds,1398256,2026-06-10T10:17:26.0447552Z
game/gfx/map/terrain/gen_drylands_base_properties.dds,Assets/CK3Map/Data/Source/game/gfx/map/terrain/gen_drylands_base_properties.dds,1398256,2026-06-10T10:17:26.0447552Z
game/gfx/map/terrain/gen_drylands_hills_diffuse.dds,Assets/CK3Map/Data/Source/game/gfx/map/terrain/gen_drylands_hills_diffuse.dds,1398256,2026-06-10T10:17:26.0447552Z
game/gfx/map/terrain/gen_drylands_hills_normal.dds,Assets/CK3Map/Data/Source/game/gfx/map/terrain/gen_drylands_hills_normal.dds,1398256,2026-06-10T10:17:26.0447552Z
game/gfx/map/terrain/gen_drylands_hills_properties.dds,Assets/CK3Map/Data/Source/game/gfx/map/terrain/gen_drylands_hills_properties.dds,1398256,2026-06-10T10:17:26.0447552Z
game/gfx/map/terrain/gen_drylands_lowlands_02_diffuse.dds,Assets/CK3Map/Data/Source/game/gfx/map/terrain/gen_drylands_lowlands_02_diffuse.dds,1398256,2026-06-10T10:17:26.0447552Z
game/gfx/map/terrain/gen_drylands_lowlands_02_normal.dds,Assets/CK3Map/Data/Source/game/gfx/map/terrain/gen_drylands_lowlands_02_normal.dds,1398256,2026-06-10T10:17:26.0447552Z
game/gfx/map/terrain/gen_drylands_lowlands_02_properties.dds,Assets/CK3Map/Data/Source/game/gfx/map/terrain/gen_drylands_lowlands_02_properties.dds,1398256,2026-06-10T10:17:26.0447552Z
game/gfx/map/terrain/gen_drylands_lowlands_03_diffuse.dds,Assets/CK3Map/Data/Source/game/gfx/map/terrain/gen_drylands_lowlands_03_diffuse.dds,1398256,2026-06-10T10:17:26.0463857Z
game/gfx/map/terrain/gen_drylands_lowlands_03_normal.dds,Assets/CK3Map/Data/Source/game/gfx/map/terrain/gen_drylands_lowlands_03_normal.dds,1398256,2026-06-10T10:17:26.0463857Z
game/gfx/map/terrain/gen_drylands_lowlands_03_properties.dds,Assets/CK3Map/Data/Source/game/gfx/map/terrain/gen_drylands_lowlands_03_properties.dds,1398256,2026-06-10T10:17:26.0463857Z
game/gfx/map/terrain/gen_drylands_lowlands_diffuse.dds,Assets/CK3Map/Data/Source/game/gfx/map/terrain/gen_drylands_lowlands_diffuse.dds,1398256,2026-06-10T10:17:26.0463857Z
game/gfx/map/terrain/gen_drylands_lowlands_normal.dds,Assets/CK3Map/Data/Source/game/gfx/map/terrain/gen_drylands_lowlands_normal.dds,1398256,2026-06-10T10:17:26.0463857Z
game/gfx/map/terrain/gen_drylands_lowlands_properties.dds,Assets/CK3Map/Data/Source/game/gfx/map/terrain/gen_drylands_lowlands_properties.dds,1398256,2026-06-10T10:17:26.0463857Z
game/gfx/map/terrain/gen_drylands_mountain_diffuse.dds,Assets/CK3Map/Data/Source/game/gfx/map/terrain/gen_drylands_mountain_diffuse.dds,1398256,2026-06-10T10:17:26.0463857Z
game/gfx/map/terrain/gen_drylands_mountain_normal.dds,Assets/CK3Map/Data/Source/game/gfx/map/terrain/gen_drylands_mountain_normal.dds,1398256,2026-06-10T10:17:26.0463857Z
game/gfx/map/terrain/gen_drylands_mountain_properties.dds,Assets/CK3Map/Data/Source/game/gfx/map/terrain/gen_drylands_mountain_properties.dds,1398256,2026-06-10T10:17:26.0478981Z
game/gfx/map/terrain/gen_drylands_mountain_transition.dds,Assets/CK3Map/Data/Source/game/gfx/map/terrain/gen_drylands_mountain_transition.dds,1398256,2026-06-10T10:17:26.0478981Z
game/gfx/map/terrain/gen_drylands_mountain_transition_diffuse.dds,Assets/CK3Map/Data/Source/game/gfx/map/terrain/gen_drylands_mountain_transition_diffuse.dds,1398256,2026-06-10T10:17:26.0478981Z
game/gfx/map/terrain/gen_drylands_mountain_transition_normal.dds,Assets/CK3Map/Data/Source/game/gfx/map/terrain/gen_drylands_mountain_transition_normal.dds,1398256,2026-06-10T10:17:26.0478981Z
game/gfx/map/terrain/gen_drylands_mountain_transition_properties.dds,Assets/CK3Map/Data/Source/game/gfx/map/terrain/gen_drylands_mountain_transition_properties.dds,1398256,2026-06-10T10:17:26.0478981Z
game/gfx/map/terrain/gen_mediterranean_base_diffuse.dds,Assets/CK3Map/Data/Source/game/gfx/map/terrain/gen_mediterranean_base_diffuse.dds,1398256,2026-06-10T10:17:26.0478981Z
game/gfx/map/terrain/gen_mediterranean_base_normal.dds,Assets/CK3Map/Data/Source/game/gfx/map/terrain/gen_mediterranean_base_normal.dds,1398256,2026-06-10T10:17:26.0478981Z
game/gfx/map/terrain/gen_mediterranean_base_properties.dds,Assets/CK3Map/Data/Source/game/gfx/map/terrain/gen_mediterranean_base_properties.dds,1398256,2026-06-10T10:17:26.0494185Z
game/gfx/map/terrain/gen_mediterranean_hills_diffuse.dds,Assets/CK3Map/Data/Source/game/gfx/map/terrain/gen_mediterranean_hills_diffuse.dds,1398256,2026-06-10T10:17:26.0494185Z
game/gfx/map/terrain/gen_mediterranean_hills_normal.dds,Assets/CK3Map/Data/Source/game/gfx/map/terrain/gen_mediterranean_hills_normal.dds,1398256,2026-06-10T10:17:26.0494185Z
game/gfx/map/terrain/gen_mediterranean_hills_properties.dds,Assets/CK3Map/Data/Source/game/gfx/map/terrain/gen_mediterranean_hills_properties.dds,1398256,2026-06-10T10:17:26.0494185Z
game/gfx/map/terrain/gen_mediterranean_lowlands_02_diffuse.dds,Assets/CK3Map/Data/Source/game/gfx/map/terrain/gen_mediterranean_lowlands_02_diffuse.dds,1398256,2026-06-10T10:17:26.0494185Z
game/gfx/map/terrain/gen_mediterranean_lowlands_02_normal.dds,Assets/CK3Map/Data/Source/game/gfx/map/terrain/gen_mediterranean_lowlands_02_normal.dds,1398256,2026-06-10T10:17:26.0494185Z
game/gfx/map/terrain/gen_mediterranean_lowlands_02_properties.dds,Assets/CK3Map/Data/Source/game/gfx/map/terrain/gen_mediterranean_lowlands_02_properties.dds,1398256,2026-06-10T10:17:26.0494185Z
game/gfx/map/terrain/gen_mediterranean_lowlands_03_diffuse.dds,Assets/CK3Map/Data/Source/game/gfx/map/terrain/gen_mediterranean_lowlands_03_diffuse.dds,1398256,2026-06-10T10:17:26.0494185Z
game/gfx/map/terrain/gen_mediterranean_lowlands_03_normal.dds,Assets/CK3Map/Data/Source/game/gfx/map/terrain/gen_mediterranean_lowlands_03_normal.dds,1398256,2026-06-10T10:17:26.0494185Z
game/gfx/map/terrain/gen_mediterranean_lowlands_03_properties.dds,Assets/CK3Map/Data/Source/game/gfx/map/terrain/gen_mediterranean_lowlands_03_properties.dds,1398256,2026-06-10T10:17:26.0509312Z
game/gfx/map/terrain/gen_mediterranean_lowlands_diffuse.dds,Assets/CK3Map/Data/Source/game/gfx/map/terrain/gen_mediterranean_lowlands_diffuse.dds,1398256,2026-06-10T10:17:26.0509312Z
game/gfx/map/terrain/gen_mediterranean_lowlands_normal.dds,Assets/CK3Map/Data/Source/game/gfx/map/terrain/gen_mediterranean_lowlands_normal.dds,1398256,2026-06-10T10:17:26.0509312Z
game/gfx/map/terrain/gen_mediterranean_lowlands_properties.dds,Assets/CK3Map/Data/Source/game/gfx/map/terrain/gen_mediterranean_lowlands_properties.dds,1398256,2026-06-10T10:17:26.0509312Z
game/gfx/map/terrain/gen_mediterranean_mountain_diffuse.dds,Assets/CK3Map/Data/Source/game/gfx/map/terrain/gen_mediterranean_mountain_diffuse.dds,1398256,2026-06-10T10:17:26.0509312Z
game/gfx/map/terrain/gen_mediterranean_mountain_normal.dds,Assets/CK3Map/Data/Source/game/gfx/map/terrain/gen_mediterranean_mountain_normal.dds,1398256,2026-06-10T10:17:26.0509312Z
game/gfx/map/terrain/gen_mediterranean_mountain_properties.dds,Assets/CK3Map/Data/Source/game/gfx/map/terrain/gen_mediterranean_mountain_properties.dds,1398256,2026-06-10T10:17:26.0509312Z
game/gfx/map/terrain/gen_mediterranean_mountain_transition_diffuse.dds,Assets/CK3Map/Data/Source/game/gfx/map/terrain/gen_mediterranean_mountain_transition_diffuse.dds,1398256,2026-06-10T10:17:26.0519354Z
game/gfx/map/terrain/gen_mediterranean_mountain_transition_normal.dds,Assets/CK3Map/Data/Source/game/gfx/map/terrain/gen_mediterranean_mountain_transition_normal.dds,1398256,2026-06-10T10:17:26.0519354Z
game/gfx/map/terrain/gen_mediterranean_mountain_transition_properties.dds,Assets/CK3Map/Data/Source/game/gfx/map/terrain/gen_mediterranean_mountain_transition_properties.dds,1398256,2026-06-10T10:17:26.0519354Z
game/gfx/map/terrain/gen_northern_base_diffuse.dds,Assets/CK3Map/Data/Source/game/gfx/map/terrain/gen_northern_base_diffuse.dds,1398256,2026-06-10T10:17:26.0519354Z
game/gfx/map/terrain/gen_northern_base_normal.dds,Assets/CK3Map/Data/Source/game/gfx/map/terrain/gen_northern_base_normal.dds,1398256,2026-06-10T10:17:26.0526220Z
game/gfx/map/terrain/gen_northern_base_properties.dds,Assets/CK3Map/Data/Source/game/gfx/map/terrain/gen_northern_base_properties.dds,1398256,2026-06-10T10:17:26.0526220Z
game/gfx/map/terrain/gen_northern_hills_diffuse.dds,Assets/CK3Map/Data/Source/game/gfx/map/terrain/gen_northern_hills_diffuse.dds,1398256,2026-06-10T10:17:26.0526220Z
game/gfx/map/terrain/gen_northern_hills_normal.dds,Assets/CK3Map/Data/Source/game/gfx/map/terrain/gen_northern_hills_normal.dds,1398256,2026-06-10T10:17:26.0526220Z
game/gfx/map/terrain/gen_northern_hills_properties.dds,Assets/CK3Map/Data/Source/game/gfx/map/terrain/gen_northern_hills_properties.dds,1398256,2026-06-10T10:17:26.0531351Z
game/gfx/map/terrain/gen_northern_lowlands_02_diffuse.dds,Assets/CK3Map/Data/Source/game/gfx/map/terrain/gen_northern_lowlands_02_diffuse.dds,1398256,2026-06-10T10:17:26.0531351Z
game/gfx/map/terrain/gen_northern_lowlands_02_normal.dds,Assets/CK3Map/Data/Source/game/gfx/map/terrain/gen_northern_lowlands_02_normal.dds,1398256,2026-06-10T10:17:26.0531351Z
game/gfx/map/terrain/gen_northern_lowlands_02_properties.dds,Assets/CK3Map/Data/Source/game/gfx/map/terrain/gen_northern_lowlands_02_properties.dds,1398256,2026-06-10T10:17:26.0536441Z
game/gfx/map/terrain/gen_northern_lowlands_03_diffuse.dds,Assets/CK3Map/Data/Source/game/gfx/map/terrain/gen_northern_lowlands_03_diffuse.dds,1398256,2026-06-10T10:17:26.0536441Z
game/gfx/map/terrain/gen_northern_lowlands_03_normal.dds,Assets/CK3Map/Data/Source/game/gfx/map/terrain/gen_northern_lowlands_03_normal.dds,1398256,2026-06-10T10:17:26.0536441Z
game/gfx/map/terrain/gen_northern_lowlands_03_properties.dds,Assets/CK3Map/Data/Source/game/gfx/map/terrain/gen_northern_lowlands_03_properties.dds,1398256,2026-06-10T10:17:26.0540391Z
game/gfx/map/terrain/gen_northern_lowlands_diffuse.dds,Assets/CK3Map/Data/Source/game/gfx/map/terrain/gen_northern_lowlands_diffuse.dds,1398256,2026-06-10T10:17:26.0550409Z
game/gfx/map/terrain/gen_northern_lowlands_normal.dds,Assets/CK3Map/Data/Source/game/gfx/map/terrain/gen_northern_lowlands_normal.dds,1398256,2026-06-10T10:17:26.0550409Z
game/gfx/map/terrain/gen_northern_lowlands_properties.dds,Assets/CK3Map/Data/Source/game/gfx/map/terrain/gen_northern_lowlands_properties.dds,1398256,2026-06-10T10:17:26.0550409Z
game/gfx/map/terrain/gen_northern_mountain_diffuse.dds,Assets/CK3Map/Data/Source/game/gfx/map/terrain/gen_northern_mountain_diffuse.dds,1398256,2026-06-10T10:17:26.0550409Z
game/gfx/map/terrain/gen_northern_mountain_normal.dds,Assets/CK3Map/Data/Source/game/gfx/map/terrain/gen_northern_mountain_normal.dds,1398256,2026-06-10T10:17:26.0550409Z
game/gfx/map/terrain/gen_northern_mountain_properties.dds,Assets/CK3Map/Data/Source/game/gfx/map/terrain/gen_northern_mountain_properties.dds,1398256,2026-06-10T10:17:26.0550409Z
game/gfx/map/terrain/gen_northern_mountain_transition_diffuse copy.dds,Assets/CK3Map/Data/Source/game/gfx/map/terrain/gen_northern_mountain_transition_diffuse copy.dds,0,2026-06-10T10:28:20.4635045Z
game/gfx/map/terrain/gen_northern_mountain_transition_diffuse.dds,Assets/CK3Map/Data/Source/game/gfx/map/terrain/gen_northern_mountain_transition_diffuse.dds,1398256,2026-06-10T10:17:26.0550409Z
game/gfx/map/terrain/gen_northern_mountain_transition_normal.dds,Assets/CK3Map/Data/Source/game/gfx/map/terrain/gen_northern_mountain_transition_normal.dds,1398256,2026-06-10T10:17:26.0550409Z
game/gfx/map/terrain/gen_northern_mountain_transition_properties.dds,Assets/CK3Map/Data/Source/game/gfx/map/terrain/gen_northern_mountain_transition_properties.dds,1398256,2026-06-10T10:17:26.0562822Z
game/gfx/map/terrain/gen_snow_lowlands_diffuse.dds,Assets/CK3Map/Data/Source/game/gfx/map/terrain/gen_snow_lowlands_diffuse.dds,1398256,2026-06-10T10:17:26.0562822Z
game/gfx/map/terrain/gen_snow_lowlands_normal.dds,Assets/CK3Map/Data/Source/game/gfx/map/terrain/gen_snow_lowlands_normal.dds,1398256,2026-06-10T10:17:26.0562822Z
game/gfx/map/terrain/gen_snow_lowlands_properties.dds,Assets/CK3Map/Data/Source/game/gfx/map/terrain/gen_snow_lowlands_properties.dds,1398256,2026-06-10T10:17:26.0562822Z
game/gfx/map/terrain/gen_snow_mountain_diffuse.dds,Assets/CK3Map/Data/Source/game/gfx/map/terrain/gen_snow_mountain_diffuse.dds,1398256,2026-06-10T10:17:26.0562822Z
game/gfx/map/terrain/gen_snow_mountain_normal.dds,Assets/CK3Map/Data/Source/game/gfx/map/terrain/gen_snow_mountain_normal.dds,1398256,2026-06-10T10:17:26.0562822Z
game/gfx/map/terrain/gen_snow_mountain_properties.dds,Assets/CK3Map/Data/Source/game/gfx/map/terrain/gen_snow_mountain_properties.dds,1398256,2026-06-10T10:17:26.0562822Z
game/gfx/map/terrain/gen_steppe_base_diffuse.dds,Assets/CK3Map/Data/Source/game/gfx/map/terrain/gen_steppe_base_diffuse.dds,1398256,2026-06-10T10:17:26.0562822Z
game/gfx/map/terrain/gen_steppe_base_normal.dds,Assets/CK3Map/Data/Source/game/gfx/map/terrain/gen_steppe_base_normal.dds,1398256,2026-06-10T10:17:26.0572927Z
game/gfx/map/terrain/gen_steppe_base_properties.dds,Assets/CK3Map/Data/Source/game/gfx/map/terrain/gen_steppe_base_properties.dds,1398256,2026-06-10T10:17:26.0572927Z
game/gfx/map/terrain/gen_steppe_hills_diffuse.dds,Assets/CK3Map/Data/Source/game/gfx/map/terrain/gen_steppe_hills_diffuse.dds,1398256,2026-06-10T10:17:26.0572927Z
game/gfx/map/terrain/gen_steppe_hills_normal.dds,Assets/CK3Map/Data/Source/game/gfx/map/terrain/gen_steppe_hills_normal.dds,1398256,2026-06-10T10:17:26.0572927Z
game/gfx/map/terrain/gen_steppe_hills_properties.dds,Assets/CK3Map/Data/Source/game/gfx/map/terrain/gen_steppe_hills_properties.dds,1398256,2026-06-10T10:17:26.0572927Z
game/gfx/map/terrain/gen_steppe_lowlands_02_diffuse.dds,Assets/CK3Map/Data/Source/game/gfx/map/terrain/gen_steppe_lowlands_02_diffuse.dds,1398256,2026-06-10T10:17:26.0572927Z
game/gfx/map/terrain/gen_steppe_lowlands_02_normal.dds,Assets/CK3Map/Data/Source/game/gfx/map/terrain/gen_steppe_lowlands_02_normal.dds,1398256,2026-06-10T10:17:26.0572927Z
game/gfx/map/terrain/gen_steppe_lowlands_02_properties.dds,Assets/CK3Map/Data/Source/game/gfx/map/terrain/gen_steppe_lowlands_02_properties.dds,1398256,2026-06-10T10:17:26.0572927Z
game/gfx/map/terrain/gen_steppe_lowlands_03_diffuse.dds,Assets/CK3Map/Data/Source/game/gfx/map/terrain/gen_steppe_lowlands_03_diffuse.dds,1398256,2026-06-10T10:17:26.0588477Z
game/gfx/map/terrain/gen_steppe_lowlands_03_normal.dds,Assets/CK3Map/Data/Source/game/gfx/map/terrain/gen_steppe_lowlands_03_normal.dds,1398256,2026-06-10T10:17:26.0588477Z
game/gfx/map/terrain/gen_steppe_lowlands_03_properties.dds,Assets/CK3Map/Data/Source/game/gfx/map/terrain/gen_steppe_lowlands_03_properties.dds,1398256,2026-06-10T10:17:26.0588477Z
game/gfx/map/terrain/gen_steppe_lowlands_diffuse.dds,Assets/CK3Map/Data/Source/game/gfx/map/terrain/gen_steppe_lowlands_diffuse.dds,1398256,2026-06-10T10:17:26.0588477Z
game/gfx/map/terrain/gen_steppe_lowlands_normal.dds,Assets/CK3Map/Data/Source/game/gfx/map/terrain/gen_steppe_lowlands_normal.dds,1398256,2026-06-10T10:17:26.0588477Z
game/gfx/map/terrain/gen_steppe_lowlands_properties.dds,Assets/CK3Map/Data/Source/game/gfx/map/terrain/gen_steppe_lowlands_properties.dds,1398256,2026-06-10T10:17:26.0588477Z
game/gfx/map/terrain/gen_steppe_mountain_diffuse.dds,Assets/CK3Map/Data/Source/game/gfx/map/terrain/gen_steppe_mountain_diffuse.dds,1398256,2026-06-10T10:17:26.0598736Z
game/gfx/map/terrain/gen_steppe_mountain_normal.dds,Assets/CK3Map/Data/Source/game/gfx/map/terrain/gen_steppe_mountain_normal.dds,1398256,2026-06-10T10:17:26.0598736Z
game/gfx/map/terrain/gen_steppe_mountain_properties.dds,Assets/CK3Map/Data/Source/game/gfx/map/terrain/gen_steppe_mountain_properties.dds,1398256,2026-06-10T10:17:26.0598736Z
game/gfx/map/terrain/gen_steppe_mountain_transition_diffuse.dds,Assets/CK3Map/Data/Source/game/gfx/map/terrain/gen_steppe_mountain_transition_diffuse.dds,1398256,2026-06-10T10:17:26.0598736Z
game/gfx/map/terrain/gen_steppe_mountain_transition_normal.dds,Assets/CK3Map/Data/Source/game/gfx/map/terrain/gen_steppe_mountain_transition_normal.dds,1398256,2026-06-10T10:17:26.0598736Z
game/gfx/map/terrain/gen_steppe_mountain_transition_properties.dds,Assets/CK3Map/Data/Source/game/gfx/map/terrain/gen_steppe_mountain_transition_properties.dds,1398256,2026-06-10T10:17:26.0598736Z
game/gfx/map/terrain/gen_tropical_base_diffuse.dds,Assets/CK3Map/Data/Source/game/gfx/map/terrain/gen_tropical_base_diffuse.dds,1398256,2026-06-10T10:17:26.0598736Z
game/gfx/map/terrain/gen_tropical_base_normal.dds,Assets/CK3Map/Data/Source/game/gfx/map/terrain/gen_tropical_base_normal.dds,1398256,2026-06-10T10:17:26.0613886Z
game/gfx/map/terrain/gen_tropical_base_properties.dds,Assets/CK3Map/Data/Source/game/gfx/map/terrain/gen_tropical_base_properties.dds,1398256,2026-06-10T10:17:26.0613886Z
game/gfx/map/terrain/gen_tropical_hills_diffuse.dds,Assets/CK3Map/Data/Source/game/gfx/map/terrain/gen_tropical_hills_diffuse.dds,1398256,2026-06-10T10:17:26.0619012Z
game/gfx/map/terrain/gen_tropical_hills_normal.dds,Assets/CK3Map/Data/Source/game/gfx/map/terrain/gen_tropical_hills_normal.dds,1398256,2026-06-10T10:17:26.0619012Z
game/gfx/map/terrain/gen_tropical_hills_properties.dds,Assets/CK3Map/Data/Source/game/gfx/map/terrain/gen_tropical_hills_properties.dds,1398256,2026-06-10T10:17:26.0619012Z
game/gfx/map/terrain/gen_tropical_lowlands_02_diffuse.dds,Assets/CK3Map/Data/Source/game/gfx/map/terrain/gen_tropical_lowlands_02_diffuse.dds,1398256,2026-06-10T10:17:26.0624148Z
game/gfx/map/terrain/gen_tropical_lowlands_02_normal.dds,Assets/CK3Map/Data/Source/game/gfx/map/terrain/gen_tropical_lowlands_02_normal.dds,1398256,2026-06-10T10:17:26.0624148Z
game/gfx/map/terrain/gen_tropical_lowlands_02_properties.dds,Assets/CK3Map/Data/Source/game/gfx/map/terrain/gen_tropical_lowlands_02_properties.dds,1398256,2026-06-10T10:17:26.0624148Z
game/gfx/map/terrain/gen_tropical_lowlands_03_diffuse.dds,Assets/CK3Map/Data/Source/game/gfx/map/terrain/gen_tropical_lowlands_03_diffuse.dds,1398256,2026-06-10T10:17:26.0629257Z
game/gfx/map/terrain/gen_tropical_lowlands_03_normal.dds,Assets/CK3Map/Data/Source/game/gfx/map/terrain/gen_tropical_lowlands_03_normal.dds,1398256,2026-06-10T10:17:26.0629257Z
game/gfx/map/terrain/gen_tropical_lowlands_03_properties.dds,Assets/CK3Map/Data/Source/game/gfx/map/terrain/gen_tropical_lowlands_03_properties.dds,1398256,2026-06-10T10:17:26.0634399Z
game/gfx/map/terrain/gen_tropical_lowlands_diffuse.dds,Assets/CK3Map/Data/Source/game/gfx/map/terrain/gen_tropical_lowlands_diffuse.dds,1398256,2026-06-10T10:17:26.0634399Z
game/gfx/map/terrain/gen_tropical_lowlands_normal.dds,Assets/CK3Map/Data/Source/game/gfx/map/terrain/gen_tropical_lowlands_normal.dds,1398256,2026-06-10T10:17:26.0649513Z
game/gfx/map/terrain/gen_tropical_lowlands_properties.dds,Assets/CK3Map/Data/Source/game/gfx/map/terrain/gen_tropical_lowlands_properties.dds,1398256,2026-06-10T10:17:26.0649513Z
game/gfx/map/terrain/gen_tropical_mountain_diffuse.dds,Assets/CK3Map/Data/Source/game/gfx/map/terrain/gen_tropical_mountain_diffuse.dds,1398256,2026-06-10T10:17:26.0649513Z
game/gfx/map/terrain/gen_tropical_mountain_normal.dds,Assets/CK3Map/Data/Source/game/gfx/map/terrain/gen_tropical_mountain_normal.dds,1398256,2026-06-10T10:17:26.0663930Z
game/gfx/map/terrain/gen_tropical_mountain_properties.dds,Assets/CK3Map/Data/Source/game/gfx/map/terrain/gen_tropical_mountain_properties.dds,1398256,2026-06-10T10:17:26.0663930Z
game/gfx/map/terrain/gen_tropical_mountain_transition_diffuse.dds,Assets/CK3Map/Data/Source/game/gfx/map/terrain/gen_tropical_mountain_transition_diffuse.dds,1398256,2026-06-10T10:17:26.0663930Z
game/gfx/map/terrain/gen_tropical_mountain_transition_normal.dds,Assets/CK3Map/Data/Source/game/gfx/map/terrain/gen_tropical_mountain_transition_normal.dds,1398256,2026-06-10T10:17:26.0663930Z
game/gfx/map/terrain/gen_tropical_mountain_transition_properties.dds,Assets/CK3Map/Data/Source/game/gfx/map/terrain/gen_tropical_mountain_transition_properties.dds,1398256,2026-06-10T10:17:26.0663930Z
game/gfx/map/terrain/hills_01_diffuse.dds,Assets/CK3Map/Data/Source/game/gfx/map/terrain/hills_01_diffuse.dds,1398256,2026-06-10T10:17:26.0663930Z
game/gfx/map/terrain/hills_01_normal.dds,Assets/CK3Map/Data/Source/game/gfx/map/terrain/hills_01_normal.dds,1398256,2026-06-10T10:17:26.0674595Z
game/gfx/map/terrain/hills_01_properties.dds,Assets/CK3Map/Data/Source/game/gfx/map/terrain/hills_01_properties.dds,1398256,2026-06-10T10:17:26.0674595Z
game/gfx/map/terrain/hills_01_rocks_diffuse.dds,Assets/CK3Map/Data/Source/game/gfx/map/terrain/hills_01_rocks_diffuse.dds,1398256,2026-06-10T10:17:26.0674595Z
game/gfx/map/terrain/hills_01_rocks_medi_diffuse.dds,Assets/CK3Map/Data/Source/game/gfx/map/terrain/hills_01_rocks_medi_diffuse.dds,1398256,2026-06-10T10:17:26.0680368Z
game/gfx/map/terrain/hills_01_rocks_medi_normal.dds,Assets/CK3Map/Data/Source/game/gfx/map/terrain/hills_01_rocks_medi_normal.dds,1398256,2026-06-10T10:17:26.0680368Z
game/gfx/map/terrain/hills_01_rocks_medi_properties.dds,Assets/CK3Map/Data/Source/game/gfx/map/terrain/hills_01_rocks_medi_properties.dds,1398256,2026-06-10T10:17:26.0685432Z
game/gfx/map/terrain/hills_01_rocks_normal.dds,Assets/CK3Map/Data/Source/game/gfx/map/terrain/hills_01_rocks_normal.dds,1398256,2026-06-10T10:17:26.0685432Z
game/gfx/map/terrain/hills_01_rocks_properties.dds,Assets/CK3Map/Data/Source/game/gfx/map/terrain/hills_01_rocks_properties.dds,1398256,2026-06-10T10:17:26.0685432Z
game/gfx/map/terrain/hills_01_rocks_small_diffuse.dds,Assets/CK3Map/Data/Source/game/gfx/map/terrain/hills_01_rocks_small_diffuse.dds,1398256,2026-06-10T10:17:26.0685432Z
game/gfx/map/terrain/hills_01_rocks_small_normal.dds,Assets/CK3Map/Data/Source/game/gfx/map/terrain/hills_01_rocks_small_normal.dds,1398256,2026-06-10T10:17:26.0685432Z
game/gfx/map/terrain/hills_01_rocks_small_properties.dds,Assets/CK3Map/Data/Source/game/gfx/map/terrain/hills_01_rocks_small_properties.dds,1398256,2026-06-10T10:17:26.0685432Z
game/gfx/map/terrain/india_farmlands_diffuse.dds,Assets/CK3Map/Data/Source/game/gfx/map/terrain/india_farmlands_diffuse.dds,1398256,2026-06-10T10:17:26.0685432Z
game/gfx/map/terrain/india_farmlands_normal.dds,Assets/CK3Map/Data/Source/game/gfx/map/terrain/india_farmlands_normal.dds,1398256,2026-06-10T10:17:26.0695574Z
game/gfx/map/terrain/india_farmlands_properties.dds,Assets/CK3Map/Data/Source/game/gfx/map/terrain/india_farmlands_properties.dds,1398256,2026-06-10T10:17:26.0695574Z
game/gfx/map/terrain/masks/beach_02_mask.png,Assets/CK3Map/Data/Source/game/gfx/map/terrain/masks/beach_02_mask.png,4093444,2026-06-10T10:17:26.0695574Z
game/gfx/map/terrain/masks/beach_02_mediterranean_mask.png,Assets/CK3Map/Data/Source/game/gfx/map/terrain/masks/beach_02_mediterranean_mask.png,1496336,2026-06-10T10:17:26.0695574Z
game/gfx/map/terrain/masks/beach_02_pebbles_mask.png,Assets/CK3Map/Data/Source/game/gfx/map/terrain/masks/beach_02_pebbles_mask.png,830307,2026-06-10T10:17:26.0695574Z
game/gfx/map/terrain/masks/central_lowlands_02_mask.png,Assets/CK3Map/Data/Source/game/gfx/map/terrain/masks/central_lowlands_02_mask.png,300659,2026-06-10T10:17:26.0705727Z
game/gfx/map/terrain/masks/central_lowlands_03_mask.png,Assets/CK3Map/Data/Source/game/gfx/map/terrain/masks/central_lowlands_03_mask.png,297505,2026-06-10T10:17:26.0705727Z
game/gfx/map/terrain/masks/central_mountain_mask.png,Assets/CK3Map/Data/Source/game/gfx/map/terrain/masks/central_mountain_mask.png,366799,2026-06-10T10:17:26.0705727Z
game/gfx/map/terrain/masks/coastline_cliff_desert_mask.png,Assets/CK3Map/Data/Source/game/gfx/map/terrain/masks/coastline_cliff_desert_mask.png,1057546,2026-06-10T10:17:26.0705727Z
game/gfx/map/terrain/masks/coastline_cliff_grey_mask.png,Assets/CK3Map/Data/Source/game/gfx/map/terrain/masks/coastline_cliff_grey_mask.png,934327,2026-06-10T10:17:26.0705727Z
game/gfx/map/terrain/masks/desert_01_mask.png,Assets/CK3Map/Data/Source/game/gfx/map/terrain/masks/desert_01_mask.png,335679,2026-06-10T10:17:26.0705727Z
game/gfx/map/terrain/masks/desert_02_mask.png,Assets/CK3Map/Data/Source/game/gfx/map/terrain/masks/desert_02_mask.png,1391316,2026-06-10T10:17:26.0705727Z
game/gfx/map/terrain/masks/desert_cracked_mask.png,Assets/CK3Map/Data/Source/game/gfx/map/terrain/masks/desert_cracked_mask.png,989125,2026-06-10T10:17:26.0705727Z
game/gfx/map/terrain/masks/desert_flat_01_mask.png,Assets/CK3Map/Data/Source/game/gfx/map/terrain/masks/desert_flat_01_mask.png,353542,2026-06-10T10:17:26.0715879Z
game/gfx/map/terrain/masks/desert_rocky_mask.png,Assets/CK3Map/Data/Source/game/gfx/map/terrain/masks/desert_rocky_mask.png,2430660,2026-06-10T10:17:26.0715879Z
game/gfx/map/terrain/masks/desert_wavy_01_larger_mask.png,Assets/CK3Map/Data/Source/game/gfx/map/terrain/masks/desert_wavy_01_larger_mask.png,1391648,2026-06-10T10:17:26.0715879Z
game/gfx/map/terrain/masks/desert_wavy_01_mask.png,Assets/CK3Map/Data/Source/game/gfx/map/terrain/masks/desert_wavy_01_mask.png,2748480,2026-06-10T10:17:26.0715879Z
game/gfx/map/terrain/masks/drought_cracks_mask.png,Assets/CK3Map/Data/Source/game/gfx/map/terrain/masks/drought_cracks_mask.png,185697,2026-06-10T10:19:44.4794107Z
game/gfx/map/terrain/masks/drought_mask.png,Assets/CK3Map/Data/Source/game/gfx/map/terrain/masks/drought_mask.png,185697,2026-06-10T10:19:44.4794107Z
game/gfx/map/terrain/masks/drylands_01_cracked_mask.png,Assets/CK3Map/Data/Source/game/gfx/map/terrain/masks/drylands_01_cracked_mask.png,815209,2026-06-10T10:17:26.0715879Z
game/gfx/map/terrain/masks/drylands_01_grassy_diffuse.dds,Assets/CK3Map/Data/Source/game/gfx/map/terrain/masks/drylands_01_grassy_diffuse.dds,1398256,2026-06-10T10:17:26.0720989Z
game/gfx/map/terrain/masks/drylands_01_grassy_mask.png,Assets/CK3Map/Data/Source/game/gfx/map/terrain/masks/drylands_01_grassy_mask.png,3355274,2026-06-10T10:17:26.0720989Z
game/gfx/map/terrain/masks/drylands_01_mask.png,Assets/CK3Map/Data/Source/game/gfx/map/terrain/masks/drylands_01_mask.png,2077582,2026-06-10T10:17:26.0720989Z
game/gfx/map/terrain/masks/farmland_01_mask.png,Assets/CK3Map/Data/Source/game/gfx/map/terrain/masks/farmland_01_mask.png,300120,2026-06-10T10:17:26.0720989Z
game/gfx/map/terrain/masks/farm_paddy_01_mask.png,Assets/CK3Map/Data/Source/game/gfx/map/terrain/masks/farm_paddy_01_mask.png,373039,2026-06-10T10:17:26.0726123Z
game/gfx/map/terrain/masks/floodplains_01_mask.png,Assets/CK3Map/Data/Source/game/gfx/map/terrain/masks/floodplains_01_mask.png,443381,2026-06-10T10:17:26.0726123Z
game/gfx/map/terrain/masks/flood_mask.png,Assets/CK3Map/Data/Source/game/gfx/map/terrain/masks/flood_mask.png,185697,2026-06-10T10:19:44.4788885Z
game/gfx/map/terrain/masks/forestfloor_mask.png,Assets/CK3Map/Data/Source/game/gfx/map/terrain/masks/forestfloor_mask.png,1729622,2026-06-10T10:17:26.0726123Z
game/gfx/map/terrain/masks/forest_jungle_01_mask.png,Assets/CK3Map/Data/Source/game/gfx/map/terrain/masks/forest_jungle_01_mask.png,2214184,2026-06-10T10:17:26.0726123Z
game/gfx/map/terrain/masks/forest_leaf_01_mask.png,Assets/CK3Map/Data/Source/game/gfx/map/terrain/masks/forest_leaf_01_mask.png,1378332,2026-06-10T10:17:26.0731242Z
game/gfx/map/terrain/masks/forest_pine_01_mask.png,Assets/CK3Map/Data/Source/game/gfx/map/terrain/masks/forest_pine_01_mask.png,2235771,2026-06-10T10:17:26.0731242Z
game/gfx/map/terrain/masks/hills_01_mask.png,Assets/CK3Map/Data/Source/game/gfx/map/terrain/masks/hills_01_mask.png,2769527,2026-06-10T10:17:26.0731242Z
game/gfx/map/terrain/masks/hills_01_rocks_mask.png,Assets/CK3Map/Data/Source/game/gfx/map/terrain/masks/hills_01_rocks_mask.png,1938024,2026-06-10T10:17:26.0736400Z
game/gfx/map/terrain/masks/hills_01_rocks_medi_mask.png,Assets/CK3Map/Data/Source/game/gfx/map/terrain/masks/hills_01_rocks_medi_mask.png,1752048,2026-06-10T10:17:26.0736400Z
game/gfx/map/terrain/masks/hills_01_rocks_small_mask.png,Assets/CK3Map/Data/Source/game/gfx/map/terrain/masks/hills_01_rocks_small_mask.png,1508992,2026-06-10T10:17:26.0736400Z
game/gfx/map/terrain/masks/india_farmlands_mask.png,Assets/CK3Map/Data/Source/game/gfx/map/terrain/masks/india_farmlands_mask.png,308361,2026-06-10T10:17:26.0739988Z
game/gfx/map/terrain/masks/medi_dry_mud_mask.png,Assets/CK3Map/Data/Source/game/gfx/map/terrain/masks/medi_dry_mud_mask.png,1006546,2026-06-10T10:17:26.0739988Z
game/gfx/map/terrain/masks/medi_farmlands_mask.png,Assets/CK3Map/Data/Source/game/gfx/map/terrain/masks/medi_farmlands_mask.png,258721,2026-06-10T10:19:52.5095695Z
game/gfx/map/terrain/masks/medi_grass_01_mask.png,Assets/CK3Map/Data/Source/game/gfx/map/terrain/masks/medi_grass_01_mask.png,1217763,2026-06-10T10:17:26.0739988Z
game/gfx/map/terrain/masks/medi_lumpy_grass_mask.png,Assets/CK3Map/Data/Source/game/gfx/map/terrain/masks/medi_lumpy_grass_mask.png,217032,2026-06-10T10:19:27.4709478Z
game/gfx/map/terrain/masks/medi_noisy_grass_mask.png,Assets/CK3Map/Data/Source/game/gfx/map/terrain/masks/medi_noisy_grass_mask.png,329333,2026-06-10T10:17:26.0739988Z
game/gfx/map/terrain/masks/mountain_02_b_mask.png,Assets/CK3Map/Data/Source/game/gfx/map/terrain/masks/mountain_02_b_mask.png,413432,2026-06-10T10:17:26.0739988Z
game/gfx/map/terrain/masks/mountain_02_c_mask.png,Assets/CK3Map/Data/Source/game/gfx/map/terrain/masks/mountain_02_c_mask.png,85676,2026-06-10T10:19:14.4289135Z
game/gfx/map/terrain/masks/mountain_02_c_snow_mask.png,Assets/CK3Map/Data/Source/game/gfx/map/terrain/masks/mountain_02_c_snow_mask.png,292395,2026-06-10T10:17:26.0739988Z
game/gfx/map/terrain/masks/mountain_02_desert_c_mask.png,Assets/CK3Map/Data/Source/game/gfx/map/terrain/masks/mountain_02_desert_c_mask.png,437461,2026-06-10T10:17:26.0739988Z
game/gfx/map/terrain/masks/mountain_02_desert_mask_old.png,Assets/CK3Map/Data/Source/game/gfx/map/terrain/masks/mountain_02_desert_mask_old.png,733259,2026-06-10T10:17:26.0750026Z
game/gfx/map/terrain/masks/mountain_02_d_desert_mask.png,Assets/CK3Map/Data/Source/game/gfx/map/terrain/masks/mountain_02_d_desert_mask.png,1046074,2026-06-10T10:17:26.0750026Z
game/gfx/map/terrain/masks/mountain_02_d_mask.png,Assets/CK3Map/Data/Source/game/gfx/map/terrain/masks/mountain_02_d_mask.png,172501,2026-06-10T10:19:15.3789315Z
game/gfx/map/terrain/masks/mountain_02_d_snow_mask.png,Assets/CK3Map/Data/Source/game/gfx/map/terrain/masks/mountain_02_d_snow_mask.png,116730,2026-06-10T10:19:03.4800578Z
game/gfx/map/terrain/masks/mountain_02_d_valleys_mask.png,Assets/CK3Map/Data/Source/game/gfx/map/terrain/masks/mountain_02_d_valleys_mask.png,115905,2026-06-10T10:18:44.6445755Z
game/gfx/map/terrain/masks/mountain_02_mask.png,Assets/CK3Map/Data/Source/game/gfx/map/terrain/masks/mountain_02_mask.png,519624,2026-06-10T10:17:26.0750026Z
game/gfx/map/terrain/masks/mountain_02_snow_mask.png,Assets/CK3Map/Data/Source/game/gfx/map/terrain/masks/mountain_02_snow_mask.png,197908,2026-06-10T10:19:21.3266672Z
game/gfx/map/terrain/masks/mountain_03_mask.png,Assets/CK3Map/Data/Source/game/gfx/map/terrain/masks/mountain_03_mask.png,246623,2026-06-10T10:19:57.6553331Z
game/gfx/map/terrain/masks/mud_wet_01_mask.png,Assets/CK3Map/Data/Source/game/gfx/map/terrain/masks/mud_wet_01_mask.png,431285,2026-06-10T10:17:26.0750026Z
game/gfx/map/terrain/masks/northern_hills_01_mask.png,Assets/CK3Map/Data/Source/game/gfx/map/terrain/masks/northern_hills_01_mask.png,46147,2026-06-10T10:18:44.6435312Z
game/gfx/map/terrain/masks/northern_plains_01_mask.png,Assets/CK3Map/Data/Source/game/gfx/map/terrain/masks/northern_plains_01_mask.png,711296,2026-06-10T10:17:26.0755117Z
game/gfx/map/terrain/masks/oasis_mask.png,Assets/CK3Map/Data/Source/game/gfx/map/terrain/masks/oasis_mask.png,291599,2026-06-10T10:17:26.0755117Z
game/gfx/map/terrain/masks/plains_01_dry_mask.png,Assets/CK3Map/Data/Source/game/gfx/map/terrain/masks/plains_01_dry_mask.png,2025222,2026-06-10T10:17:26.0755117Z
game/gfx/map/terrain/masks/plains_01_dry_mud_mask.png,Assets/CK3Map/Data/Source/game/gfx/map/terrain/masks/plains_01_dry_mud_mask.png,2066310,2026-06-10T10:17:26.0760194Z
game/gfx/map/terrain/masks/plains_01_mask.png,Assets/CK3Map/Data/Source/game/gfx/map/terrain/masks/plains_01_mask.png,3332140,2026-06-10T10:17:26.0760194Z
game/gfx/map/terrain/masks/plains_01_noisy_mask.png,Assets/CK3Map/Data/Source/game/gfx/map/terrain/masks/plains_01_noisy_mask.png,1626237,2026-06-10T10:17:26.0760194Z
game/gfx/map/terrain/masks/plains_01_rough_mask.png,Assets/CK3Map/Data/Source/game/gfx/map/terrain/masks/plains_01_rough_mask.png,3104865,2026-06-10T10:17:26.0760194Z
game/gfx/map/terrain/masks/snow_mask.png,Assets/CK3Map/Data/Source/game/gfx/map/terrain/masks/snow_mask.png,921719,2026-06-10T10:17:26.0760194Z
game/gfx/map/terrain/masks/steppe_01_mask.png,Assets/CK3Map/Data/Source/game/gfx/map/terrain/masks/steppe_01_mask.png,3443703,2026-06-10T10:17:26.0770336Z
game/gfx/map/terrain/masks/steppe_bushes_mask.png,Assets/CK3Map/Data/Source/game/gfx/map/terrain/masks/steppe_bushes_mask.png,2643776,2026-06-10T10:17:26.0770336Z
game/gfx/map/terrain/masks/steppe_grass_mask.png,Assets/CK3Map/Data/Source/game/gfx/map/terrain/masks/steppe_grass_mask.png,1381612,2026-06-10T10:17:26.0770336Z
game/gfx/map/terrain/masks/steppe_rocks_mask.png,Assets/CK3Map/Data/Source/game/gfx/map/terrain/masks/steppe_rocks_mask.png,1035647,2026-06-10T10:17:26.0770336Z
game/gfx/map/terrain/masks/summer_grass_mask.png,Assets/CK3Map/Data/Source/game/gfx/map/terrain/masks/summer_grass_mask.png,186272,2026-06-10T10:19:39.8086092Z
game/gfx/map/terrain/masks/wetlands_02_mask.png,Assets/CK3Map/Data/Source/game/gfx/map/terrain/masks/wetlands_02_mask.png,635601,2026-06-10T10:17:26.0780359Z
game/gfx/map/terrain/masks/wetlands_02_mud_mask.png,Assets/CK3Map/Data/Source/game/gfx/map/terrain/masks/wetlands_02_mud_mask.png,289673,2026-06-10T10:17:26.0780359Z
game/gfx/map/terrain/masks/winter_effect_mask.png,Assets/CK3Map/Data/Source/game/gfx/map/terrain/masks/winter_effect_mask.png,185697,2026-06-10T10:19:44.4794107Z
game/gfx/map/terrain/masks/_debug_mask.png,Assets/CK3Map/Data/Source/game/gfx/map/terrain/masks/_debug_mask.png,7343018,2026-06-10T10:17:26.0780359Z
game/gfx/map/terrain/masks_gen/drylands_02_mask.png,Assets/CK3Map/Data/Source/game/gfx/map/terrain/masks_gen/drylands_02_mask.png,42591,2026-06-10T10:19:59.6336880Z
game/gfx/map/terrain/masks_gen/gen_beach_01_mask.png,Assets/CK3Map/Data/Source/game/gfx/map/terrain/masks_gen/gen_beach_01_mask.png,42591,2026-06-10T10:19:24.4651235Z
game/gfx/map/terrain/masks_gen/gen_central_base_mask.png,Assets/CK3Map/Data/Source/game/gfx/map/terrain/masks_gen/gen_central_base_mask.png,4204146,2026-06-10T10:17:26.0785407Z
game/gfx/map/terrain/masks_gen/gen_central_hills_mask.png,Assets/CK3Map/Data/Source/game/gfx/map/terrain/masks_gen/gen_central_hills_mask.png,4645399,2026-06-10T10:17:26.0785407Z
game/gfx/map/terrain/masks_gen/gen_central_lowlands_02_mask.png,Assets/CK3Map/Data/Source/game/gfx/map/terrain/masks_gen/gen_central_lowlands_02_mask.png,6216505,2026-06-10T10:17:26.0785407Z
game/gfx/map/terrain/masks_gen/gen_central_lowlands_03_mask.png,Assets/CK3Map/Data/Source/game/gfx/map/terrain/masks_gen/gen_central_lowlands_03_mask.png,5800439,2026-06-10T10:17:26.0785407Z
game/gfx/map/terrain/masks_gen/gen_central_lowlands_mask.png,Assets/CK3Map/Data/Source/game/gfx/map/terrain/masks_gen/gen_central_lowlands_mask.png,6032373,2026-06-10T10:17:26.0785407Z
game/gfx/map/terrain/masks_gen/gen_central_mountain_mask.png,Assets/CK3Map/Data/Source/game/gfx/map/terrain/masks_gen/gen_central_mountain_mask.png,2407147,2026-06-10T10:17:26.0785407Z
game/gfx/map/terrain/masks_gen/gen_central_mountain_transition_mask.png,Assets/CK3Map/Data/Source/game/gfx/map/terrain/masks_gen/gen_central_mountain_transition_mask.png,2447261,2026-06-10T10:17:26.0785407Z
game/gfx/map/terrain/masks_gen/gen_desert_base_mask.png,Assets/CK3Map/Data/Source/game/gfx/map/terrain/masks_gen/gen_desert_base_mask.png,4389525,2026-06-10T10:17:26.0800627Z
game/gfx/map/terrain/masks_gen/gen_desert_hills_mask.png,Assets/CK3Map/Data/Source/game/gfx/map/terrain/masks_gen/gen_desert_hills_mask.png,2582024,2026-06-10T10:17:26.0800627Z
game/gfx/map/terrain/masks_gen/gen_desert_lowlands_02_mask.png,Assets/CK3Map/Data/Source/game/gfx/map/terrain/masks_gen/gen_desert_lowlands_02_mask.png,5019403,2026-06-10T10:17:26.0800627Z
game/gfx/map/terrain/masks_gen/gen_desert_lowlands_03_mask.png,Assets/CK3Map/Data/Source/game/gfx/map/terrain/masks_gen/gen_desert_lowlands_03_mask.png,3518322,2026-06-10T10:17:26.0800627Z
game/gfx/map/terrain/masks_gen/gen_desert_lowlands_04_mask.png,Assets/CK3Map/Data/Source/game/gfx/map/terrain/masks_gen/gen_desert_lowlands_04_mask.png,2514714,2026-06-10T10:17:26.0800627Z
game/gfx/map/terrain/masks_gen/gen_desert_lowlands_mask.png,Assets/CK3Map/Data/Source/game/gfx/map/terrain/masks_gen/gen_desert_lowlands_mask.png,772964,2026-06-10T10:17:26.0800627Z
game/gfx/map/terrain/masks_gen/gen_desert_mountain_mask.png,Assets/CK3Map/Data/Source/game/gfx/map/terrain/masks_gen/gen_desert_mountain_mask.png,1647792,2026-06-10T10:17:26.0810751Z
game/gfx/map/terrain/masks_gen/gen_desert_mountain_transition_mask.png,Assets/CK3Map/Data/Source/game/gfx/map/terrain/masks_gen/gen_desert_mountain_transition_mask.png,1378393,2026-06-10T10:17:26.0810751Z
game/gfx/map/terrain/masks_gen/gen_drylands_base_mask.png,Assets/CK3Map/Data/Source/game/gfx/map/terrain/masks_gen/gen_drylands_base_mask.png,2978588,2026-06-10T10:17:26.0810751Z
game/gfx/map/terrain/masks_gen/gen_drylands_hills_mask.png,Assets/CK3Map/Data/Source/game/gfx/map/terrain/masks_gen/gen_drylands_hills_mask.png,3594575,2026-06-10T10:17:26.0810751Z
game/gfx/map/terrain/masks_gen/gen_drylands_lowlands_02_mask.png,Assets/CK3Map/Data/Source/game/gfx/map/terrain/masks_gen/gen_drylands_lowlands_02_mask.png,5160851,2026-06-10T10:17:26.0810751Z
game/gfx/map/terrain/masks_gen/gen_drylands_lowlands_03_mask.png,Assets/CK3Map/Data/Source/game/gfx/map/terrain/masks_gen/gen_drylands_lowlands_03_mask.png,4850787,2026-06-10T10:17:26.0810751Z
game/gfx/map/terrain/masks_gen/gen_drylands_lowlands_mask.png,Assets/CK3Map/Data/Source/game/gfx/map/terrain/masks_gen/gen_drylands_lowlands_mask.png,4997220,2026-06-10T10:17:26.0820763Z
game/gfx/map/terrain/masks_gen/gen_drylands_mountain_mask.png,Assets/CK3Map/Data/Source/game/gfx/map/terrain/masks_gen/gen_drylands_mountain_mask.png,2078069,2026-06-10T10:17:26.0820763Z
game/gfx/map/terrain/masks_gen/gen_drylands_mountain_transition_mask.png,Assets/CK3Map/Data/Source/game/gfx/map/terrain/masks_gen/gen_drylands_mountain_transition_mask.png,1784411,2026-06-10T10:17:26.0820763Z
game/gfx/map/terrain/masks_gen/gen_mediterranean_base_mask.png,Assets/CK3Map/Data/Source/game/gfx/map/terrain/masks_gen/gen_mediterranean_base_mask.png,898680,2026-06-10T10:17:26.0820763Z
game/gfx/map/terrain/masks_gen/gen_mediterranean_hills_mask.png,Assets/CK3Map/Data/Source/game/gfx/map/terrain/masks_gen/gen_mediterranean_hills_mask.png,960224,2026-06-10T10:17:26.0825818Z
game/gfx/map/terrain/masks_gen/gen_mediterranean_lowlands_02_mask.png,Assets/CK3Map/Data/Source/game/gfx/map/terrain/masks_gen/gen_mediterranean_lowlands_02_mask.png,1058510,2026-06-10T10:17:26.0825818Z
game/gfx/map/terrain/masks_gen/gen_mediterranean_lowlands_03_mask.png,Assets/CK3Map/Data/Source/game/gfx/map/terrain/masks_gen/gen_mediterranean_lowlands_03_mask.png,1006070,2026-06-10T10:17:26.0831546Z
game/gfx/map/terrain/masks_gen/gen_mediterranean_lowlands_mask.png,Assets/CK3Map/Data/Source/game/gfx/map/terrain/masks_gen/gen_mediterranean_lowlands_mask.png,989814,2026-06-10T10:17:26.0831546Z
game/gfx/map/terrain/masks_gen/gen_mediterranean_mountain_mask.png,Assets/CK3Map/Data/Source/game/gfx/map/terrain/masks_gen/gen_mediterranean_mountain_mask.png,592410,2026-06-10T10:17:26.0836691Z
game/gfx/map/terrain/masks_gen/gen_mediterranean_mountain_transition_mask.png,Assets/CK3Map/Data/Source/game/gfx/map/terrain/masks_gen/gen_mediterranean_mountain_transition_mask.png,615659,2026-06-10T10:17:26.0836691Z
game/gfx/map/terrain/masks_gen/gen_northern_base_mask.png,Assets/CK3Map/Data/Source/game/gfx/map/terrain/masks_gen/gen_northern_base_mask.png,1898671,2026-06-10T10:17:26.0836691Z
game/gfx/map/terrain/masks_gen/gen_northern_hills_mask.png,Assets/CK3Map/Data/Source/game/gfx/map/terrain/masks_gen/gen_northern_hills_mask.png,2115472,2026-06-10T10:17:26.0836691Z
game/gfx/map/terrain/masks_gen/gen_northern_lowlands_02_mask.png,Assets/CK3Map/Data/Source/game/gfx/map/terrain/masks_gen/gen_northern_lowlands_02_mask.png,4599604,2026-06-10T10:17:26.0836691Z
game/gfx/map/terrain/masks_gen/gen_northern_lowlands_03_mask.png,Assets/CK3Map/Data/Source/game/gfx/map/terrain/masks_gen/gen_northern_lowlands_03_mask.png,4599444,2026-06-10T10:17:26.0836691Z
game/gfx/map/terrain/masks_gen/gen_northern_lowlands_mask.png,Assets/CK3Map/Data/Source/game/gfx/map/terrain/masks_gen/gen_northern_lowlands_mask.png,4345944,2026-06-10T10:17:26.0836691Z
game/gfx/map/terrain/masks_gen/gen_northern_mountain_mask.png,Assets/CK3Map/Data/Source/game/gfx/map/terrain/masks_gen/gen_northern_mountain_mask.png,1299650,2026-06-10T10:17:26.0851840Z
game/gfx/map/terrain/masks_gen/gen_northern_mountain_transition_mask.png,Assets/CK3Map/Data/Source/game/gfx/map/terrain/masks_gen/gen_northern_mountain_transition_mask.png,1172841,2026-06-10T10:17:26.0862015Z
game/gfx/map/terrain/masks_gen/gen_steppe_base_mask.png,Assets/CK3Map/Data/Source/game/gfx/map/terrain/masks_gen/gen_steppe_base_mask.png,2242011,2026-06-10T10:17:26.0862015Z
game/gfx/map/terrain/masks_gen/gen_steppe_hills_mask.png,Assets/CK3Map/Data/Source/game/gfx/map/terrain/masks_gen/gen_steppe_hills_mask.png,1570507,2026-06-10T10:17:26.0862015Z
game/gfx/map/terrain/masks_gen/gen_steppe_lowlands_02_mask.png,Assets/CK3Map/Data/Source/game/gfx/map/terrain/masks_gen/gen_steppe_lowlands_02_mask.png,2360281,2026-06-10T10:17:26.0862015Z
game/gfx/map/terrain/masks_gen/gen_steppe_lowlands_03_mask.png,Assets/CK3Map/Data/Source/game/gfx/map/terrain/masks_gen/gen_steppe_lowlands_03_mask.png,2284919,2026-06-10T10:17:26.0862015Z
game/gfx/map/terrain/masks_gen/gen_steppe_lowlands_mask.png,Assets/CK3Map/Data/Source/game/gfx/map/terrain/masks_gen/gen_steppe_lowlands_mask.png,2195714,2026-06-10T10:17:26.0862015Z
game/gfx/map/terrain/masks_gen/gen_steppe_mountain_mask.png,Assets/CK3Map/Data/Source/game/gfx/map/terrain/masks_gen/gen_steppe_mountain_mask.png,762618,2026-06-10T10:17:26.0862015Z
game/gfx/map/terrain/masks_gen/gen_steppe_mountain_transition_mask.png,Assets/CK3Map/Data/Source/game/gfx/map/terrain/masks_gen/gen_steppe_mountain_transition_mask.png,929958,2026-06-10T10:17:26.0862015Z
game/gfx/map/terrain/masks_gen/gen_tropical_base_mask.png,Assets/CK3Map/Data/Source/game/gfx/map/terrain/masks_gen/gen_tropical_base_mask.png,1541937,2026-06-10T10:17:26.0862015Z
game/gfx/map/terrain/masks_gen/gen_tropical_hills_mask.png,Assets/CK3Map/Data/Source/game/gfx/map/terrain/masks_gen/gen_tropical_hills_mask.png,2114992,2026-06-10T10:17:26.0877213Z
game/gfx/map/terrain/masks_gen/gen_tropical_lowlands_02_mask.png,Assets/CK3Map/Data/Source/game/gfx/map/terrain/masks_gen/gen_tropical_lowlands_02_mask.png,3148475,2026-06-10T10:17:26.0877213Z
game/gfx/map/terrain/masks_gen/gen_tropical_lowlands_03_mask.png,Assets/CK3Map/Data/Source/game/gfx/map/terrain/masks_gen/gen_tropical_lowlands_03_mask.png,2505183,2026-06-10T10:17:26.0877213Z
game/gfx/map/terrain/masks_gen/gen_tropical_lowlands_mask.png,Assets/CK3Map/Data/Source/game/gfx/map/terrain/masks_gen/gen_tropical_lowlands_mask.png,1091699,2026-06-10T10:17:26.0877213Z
game/gfx/map/terrain/masks_gen/gen_tropical_mountain_mask.png,Assets/CK3Map/Data/Source/game/gfx/map/terrain/masks_gen/gen_tropical_mountain_mask.png,833112,2026-06-10T10:17:26.0877213Z
game/gfx/map/terrain/masks_gen/gen_tropical_mountain_transition_mask.png,Assets/CK3Map/Data/Source/game/gfx/map/terrain/masks_gen/gen_tropical_mountain_transition_mask.png,1202694,2026-06-10T10:17:26.0877213Z
game/gfx/map/terrain/materials.settings,Assets/CK3Map/Data/Source/game/gfx/map/terrain/materials.settings,33686,2026-06-10T10:18:54.5353870Z
game/gfx/map/terrain/material_diffuse19.dds,Assets/CK3Map/Data/Source/game/gfx/map/terrain/material_diffuse19.dds,1398256,2026-06-10T10:17:26.0877213Z
game/gfx/map/terrain/material_neutral.dds,Assets/CK3Map/Data/Source/game/gfx/map/terrain/material_neutral.dds,1398256,2026-06-10T10:17:26.0877213Z
game/gfx/map/terrain/medi_dry_mud_diffuse.dds,Assets/CK3Map/Data/Source/game/gfx/map/terrain/medi_dry_mud_diffuse.dds,1398256,2026-06-10T10:17:26.0877213Z
game/gfx/map/terrain/medi_dry_mud_normal.dds,Assets/CK3Map/Data/Source/game/gfx/map/terrain/medi_dry_mud_normal.dds,1398256,2026-06-10T10:17:26.0893295Z
game/gfx/map/terrain/medi_dry_mud_properties.dds,Assets/CK3Map/Data/Source/game/gfx/map/terrain/medi_dry_mud_properties.dds,1398256,2026-06-10T10:17:26.0893295Z
game/gfx/map/terrain/medi_farmlands_diffuse.dds,Assets/CK3Map/Data/Source/game/gfx/map/terrain/medi_farmlands_diffuse.dds,1398256,2026-06-10T10:17:26.0893295Z
game/gfx/map/terrain/medi_farmlands_normal.dds,Assets/CK3Map/Data/Source/game/gfx/map/terrain/medi_farmlands_normal.dds,1398256,2026-06-10T10:17:26.0893295Z
game/gfx/map/terrain/medi_farmlands_properties.dds,Assets/CK3Map/Data/Source/game/gfx/map/terrain/medi_farmlands_properties.dds,1398256,2026-06-10T10:17:26.0893295Z
game/gfx/map/terrain/medi_grass_01_diffuse.dds,Assets/CK3Map/Data/Source/game/gfx/map/terrain/medi_grass_01_diffuse.dds,1398256,2026-06-10T10:17:26.0893295Z
game/gfx/map/terrain/medi_grass_01_normal.dds,Assets/CK3Map/Data/Source/game/gfx/map/terrain/medi_grass_01_normal.dds,1398256,2026-06-10T10:17:26.0893295Z
game/gfx/map/terrain/medi_grass_01_properties.dds,Assets/CK3Map/Data/Source/game/gfx/map/terrain/medi_grass_01_properties.dds,1398256,2026-06-10T10:17:26.0893295Z
game/gfx/map/terrain/medi_lumpy_grass_diffuse.dds,Assets/CK3Map/Data/Source/game/gfx/map/terrain/medi_lumpy_grass_diffuse.dds,1398256,2026-06-10T10:17:26.0903441Z
game/gfx/map/terrain/medi_lumpy_grass_normal.dds,Assets/CK3Map/Data/Source/game/gfx/map/terrain/medi_lumpy_grass_normal.dds,1398256,2026-06-10T10:17:26.0903441Z
game/gfx/map/terrain/medi_lumpy_grass_properties.dds,Assets/CK3Map/Data/Source/game/gfx/map/terrain/medi_lumpy_grass_properties.dds,1398256,2026-06-10T10:17:26.0903441Z
game/gfx/map/terrain/medi_noisy_grass_diffuse.dds,Assets/CK3Map/Data/Source/game/gfx/map/terrain/medi_noisy_grass_diffuse.dds,1398256,2026-06-10T10:17:26.0903441Z
game/gfx/map/terrain/medi_noisy_grass_normal.dds,Assets/CK3Map/Data/Source/game/gfx/map/terrain/medi_noisy_grass_normal.dds,1398256,2026-06-10T10:17:26.0903441Z
game/gfx/map/terrain/medi_noisy_grass_properties.dds,Assets/CK3Map/Data/Source/game/gfx/map/terrain/medi_noisy_grass_properties.dds,1398256,2026-06-10T10:17:26.0903441Z
game/gfx/map/terrain/mountain_02_b_diffuse.dds,Assets/CK3Map/Data/Source/game/gfx/map/terrain/mountain_02_b_diffuse.dds,1398256,2026-06-10T10:17:26.0903441Z
game/gfx/map/terrain/mountain_02_b_normal.dds,Assets/CK3Map/Data/Source/game/gfx/map/terrain/mountain_02_b_normal.dds,1398256,2026-06-10T10:17:26.0903441Z
game/gfx/map/terrain/mountain_02_b_properties.dds,Assets/CK3Map/Data/Source/game/gfx/map/terrain/mountain_02_b_properties.dds,1398256,2026-06-10T10:17:26.0913601Z
game/gfx/map/terrain/mountain_02_c_diffuse.dds,Assets/CK3Map/Data/Source/game/gfx/map/terrain/mountain_02_c_diffuse.dds,1398256,2026-06-10T10:17:26.0913601Z
game/gfx/map/terrain/mountain_02_c_normal.dds,Assets/CK3Map/Data/Source/game/gfx/map/terrain/mountain_02_c_normal.dds,1398256,2026-06-10T10:17:26.0913601Z
game/gfx/map/terrain/mountain_02_c_properties.dds,Assets/CK3Map/Data/Source/game/gfx/map/terrain/mountain_02_c_properties.dds,1398256,2026-06-10T10:17:26.0913601Z
game/gfx/map/terrain/mountain_02_c_snow_diffuse.dds,Assets/CK3Map/Data/Source/game/gfx/map/terrain/mountain_02_c_snow_diffuse.dds,1398256,2026-06-10T10:17:26.0918705Z
game/gfx/map/terrain/mountain_02_c_snow_normal.dds,Assets/CK3Map/Data/Source/game/gfx/map/terrain/mountain_02_c_snow_normal.dds,1398256,2026-06-10T10:17:26.0918705Z
game/gfx/map/terrain/mountain_02_c_snow_properties.dds,Assets/CK3Map/Data/Source/game/gfx/map/terrain/mountain_02_c_snow_properties.dds,1398256,2026-06-10T10:17:26.0918705Z
game/gfx/map/terrain/mountain_02_desert_c_diffuse.dds,Assets/CK3Map/Data/Source/game/gfx/map/terrain/mountain_02_desert_c_diffuse.dds,1398256,2026-06-10T10:17:26.0923812Z
game/gfx/map/terrain/mountain_02_desert_c_normal.dds,Assets/CK3Map/Data/Source/game/gfx/map/terrain/mountain_02_desert_c_normal.dds,1398256,2026-06-10T10:17:26.0923812Z
game/gfx/map/terrain/mountain_02_desert_c_properties.dds,Assets/CK3Map/Data/Source/game/gfx/map/terrain/mountain_02_desert_c_properties.dds,1398256,2026-06-10T10:17:26.0923812Z
game/gfx/map/terrain/mountain_02_desert_diffuse.dds,Assets/CK3Map/Data/Source/game/gfx/map/terrain/mountain_02_desert_diffuse.dds,1398256,2026-06-10T10:17:26.0923812Z
game/gfx/map/terrain/mountain_02_desert_normal.dds,Assets/CK3Map/Data/Source/game/gfx/map/terrain/mountain_02_desert_normal.dds,1398256,2026-06-10T10:17:26.0928901Z
game/gfx/map/terrain/mountain_02_desert_properties.dds,Assets/CK3Map/Data/Source/game/gfx/map/terrain/mountain_02_desert_properties.dds,1398256,2026-06-10T10:17:26.0928901Z
game/gfx/map/terrain/mountain_02_diffuse.dds,Assets/CK3Map/Data/Source/game/gfx/map/terrain/mountain_02_diffuse.dds,1398256,2026-06-10T10:17:26.0928901Z
game/gfx/map/terrain/mountain_02_d_desert_diffuse.dds,Assets/CK3Map/Data/Source/game/gfx/map/terrain/mountain_02_d_desert_diffuse.dds,1398256,2026-06-10T10:17:26.0934245Z
game/gfx/map/terrain/mountain_02_d_desert_normal.dds,Assets/CK3Map/Data/Source/game/gfx/map/terrain/mountain_02_d_desert_normal.dds,1398256,2026-06-10T10:17:26.0934245Z
game/gfx/map/terrain/mountain_02_d_desert_properties.dds,Assets/CK3Map/Data/Source/game/gfx/map/terrain/mountain_02_d_desert_properties.dds,1398256,2026-06-10T10:17:26.0937804Z
game/gfx/map/terrain/mountain_02_d_diffuse.dds,Assets/CK3Map/Data/Source/game/gfx/map/terrain/mountain_02_d_diffuse.dds,1398256,2026-06-10T10:17:26.0937804Z
game/gfx/map/terrain/mountain_02_d_normal.dds,Assets/CK3Map/Data/Source/game/gfx/map/terrain/mountain_02_d_normal.dds,1398256,2026-06-10T10:17:26.0937804Z
game/gfx/map/terrain/mountain_02_d_properties.dds,Assets/CK3Map/Data/Source/game/gfx/map/terrain/mountain_02_d_properties.dds,1398256,2026-06-10T10:17:26.0937804Z
game/gfx/map/terrain/mountain_02_d_snow_diffuse.dds,Assets/CK3Map/Data/Source/game/gfx/map/terrain/mountain_02_d_snow_diffuse.dds,1398256,2026-06-10T10:17:26.0937804Z
game/gfx/map/terrain/mountain_02_d_snow_normal.dds,Assets/CK3Map/Data/Source/game/gfx/map/terrain/mountain_02_d_snow_normal.dds,1398256,2026-06-10T10:17:26.0937804Z
game/gfx/map/terrain/mountain_02_d_snow_properties.dds,Assets/CK3Map/Data/Source/game/gfx/map/terrain/mountain_02_d_snow_properties.dds,1398256,2026-06-10T10:17:26.0937804Z
game/gfx/map/terrain/mountain_02_d_valleys_diffuse.dds,Assets/CK3Map/Data/Source/game/gfx/map/terrain/mountain_02_d_valleys_diffuse.dds,1398256,2026-06-10T10:17:26.0947837Z
game/gfx/map/terrain/mountain_02_d_valleys_normal.dds,Assets/CK3Map/Data/Source/game/gfx/map/terrain/mountain_02_d_valleys_normal.dds,1398256,2026-06-10T10:17:26.0947837Z
game/gfx/map/terrain/mountain_02_d_valleys_properties.dds,Assets/CK3Map/Data/Source/game/gfx/map/terrain/mountain_02_d_valleys_properties.dds,1398256,2026-06-10T10:17:26.0947837Z
game/gfx/map/terrain/mountain_02_normal.dds,Assets/CK3Map/Data/Source/game/gfx/map/terrain/mountain_02_normal.dds,1398256,2026-06-10T10:17:26.0947837Z
game/gfx/map/terrain/mountain_02_properties.dds,Assets/CK3Map/Data/Source/game/gfx/map/terrain/mountain_02_properties.dds,1398256,2026-06-10T10:17:26.0947837Z
game/gfx/map/terrain/mountain_02_snow_diffuse.dds,Assets/CK3Map/Data/Source/game/gfx/map/terrain/mountain_02_snow_diffuse.dds,1398256,2026-06-10T10:17:26.0947837Z
game/gfx/map/terrain/mountain_02_snow_normal.dds,Assets/CK3Map/Data/Source/game/gfx/map/terrain/mountain_02_snow_normal.dds,1398256,2026-06-10T10:17:26.0947837Z
game/gfx/map/terrain/mountain_02_snow_properties.dds,Assets/CK3Map/Data/Source/game/gfx/map/terrain/mountain_02_snow_properties.dds,1398256,2026-06-10T10:17:26.0947837Z
game/gfx/map/terrain/mountain_03_desert_diffuse.dds,Assets/CK3Map/Data/Source/game/gfx/map/terrain/mountain_03_desert_diffuse.dds,1398256,2026-06-10T10:17:26.0963024Z
game/gfx/map/terrain/mountain_03_desert_normal.dds,Assets/CK3Map/Data/Source/game/gfx/map/terrain/mountain_03_desert_normal.dds,1398256,2026-06-10T10:17:26.0963024Z
game/gfx/map/terrain/mountain_03_desert_properties.dds,Assets/CK3Map/Data/Source/game/gfx/map/terrain/mountain_03_desert_properties.dds,1398256,2026-06-10T10:17:26.0963024Z
game/gfx/map/terrain/mountain_03_diffuse.dds,Assets/CK3Map/Data/Source/game/gfx/map/terrain/mountain_03_diffuse.dds,1398256,2026-06-10T10:17:26.0963024Z
game/gfx/map/terrain/mountain_03_normal.dds,Assets/CK3Map/Data/Source/game/gfx/map/terrain/mountain_03_normal.dds,1398256,2026-06-10T10:17:26.0963024Z
game/gfx/map/terrain/mountain_03_properties.dds,Assets/CK3Map/Data/Source/game/gfx/map/terrain/mountain_03_properties.dds,1398256,2026-06-10T10:17:26.0963024Z
game/gfx/map/terrain/mountain_desert_diffuse.dds,Assets/CK3Map/Data/Source/game/gfx/map/terrain/mountain_desert_diffuse.dds,1398256,2026-06-10T10:17:26.0963024Z
game/gfx/map/terrain/mud_wet_01_diffuse.dds,Assets/CK3Map/Data/Source/game/gfx/map/terrain/mud_wet_01_diffuse.dds,1398256,2026-06-10T10:17:26.0978146Z
game/gfx/map/terrain/mud_wet_01_normal.dds,Assets/CK3Map/Data/Source/game/gfx/map/terrain/mud_wet_01_normal.dds,1398256,2026-06-10T10:17:26.0978146Z
game/gfx/map/terrain/mud_wet_01_properties.dds,Assets/CK3Map/Data/Source/game/gfx/map/terrain/mud_wet_01_properties.dds,1398256,2026-06-10T10:17:26.0978146Z
game/gfx/map/terrain/normal_neutral.dds,Assets/CK3Map/Data/Source/game/gfx/map/terrain/normal_neutral.dds,1398256,2026-06-10T10:17:26.0978146Z
game/gfx/map/terrain/northern_plains_01_diffuse.dds,Assets/CK3Map/Data/Source/game/gfx/map/terrain/northern_plains_01_diffuse.dds,1398256,2026-06-10T10:17:26.0978146Z
game/gfx/map/terrain/northern_plains_01_normal.dds,Assets/CK3Map/Data/Source/game/gfx/map/terrain/northern_plains_01_normal.dds,1398256,2026-06-10T10:17:26.0978146Z
game/gfx/map/terrain/northern_plains_01_properties.dds,Assets/CK3Map/Data/Source/game/gfx/map/terrain/northern_plains_01_properties.dds,1398256,2026-06-10T10:17:26.0978146Z
game/gfx/map/terrain/oasis_diffuse.dds,Assets/CK3Map/Data/Source/game/gfx/map/terrain/oasis_diffuse.dds,1398256,2026-06-10T10:17:26.0978146Z
game/gfx/map/terrain/oasis_normal.dds,Assets/CK3Map/Data/Source/game/gfx/map/terrain/oasis_normal.dds,1398256,2026-06-10T10:17:26.0978146Z
game/gfx/map/terrain/oasis_properties.dds,Assets/CK3Map/Data/Source/game/gfx/map/terrain/oasis_properties.dds,1398256,2026-06-10T10:17:26.0978146Z
game/gfx/map/terrain/output_final_colormap.dds,Assets/CK3Map/Data/Source/game/gfx/map/terrain/output_final_colormap.dds,0,2026-06-10T10:28:20.4650200Z
game/gfx/map/terrain/pattern.dds,Assets/CK3Map/Data/Source/game/gfx/map/terrain/pattern.dds,174904,2026-06-10T10:19:01.3547222Z
game/gfx/map/terrain/plains_01_diffuse.dds,Assets/CK3Map/Data/Source/game/gfx/map/terrain/plains_01_diffuse.dds,1398256,2026-06-10T10:17:26.0994755Z
game/gfx/map/terrain/plains_01_dry_diffuse.dds,Assets/CK3Map/Data/Source/game/gfx/map/terrain/plains_01_dry_diffuse.dds,1398256,2026-06-10T10:17:26.0994755Z
game/gfx/map/terrain/plains_01_dry_mud_diffuse.dds,Assets/CK3Map/Data/Source/game/gfx/map/terrain/plains_01_dry_mud_diffuse.dds,1398256,2026-06-10T10:17:26.0994755Z
game/gfx/map/terrain/plains_01_dry_mud_normal.dds,Assets/CK3Map/Data/Source/game/gfx/map/terrain/plains_01_dry_mud_normal.dds,1398256,2026-06-10T10:17:26.1000011Z
game/gfx/map/terrain/plains_01_dry_mud_properties.dds,Assets/CK3Map/Data/Source/game/gfx/map/terrain/plains_01_dry_mud_properties.dds,1398256,2026-06-10T10:17:26.1000011Z
game/gfx/map/terrain/plains_01_dry_normal.dds,Assets/CK3Map/Data/Source/game/gfx/map/terrain/plains_01_dry_normal.dds,1398256,2026-06-10T10:17:26.1000011Z
game/gfx/map/terrain/plains_01_dry_properties.dds,Assets/CK3Map/Data/Source/game/gfx/map/terrain/plains_01_dry_properties.dds,1398256,2026-06-10T10:17:26.1000011Z
game/gfx/map/terrain/plains_01_noisy_diffuse.dds,Assets/CK3Map/Data/Source/game/gfx/map/terrain/plains_01_noisy_diffuse.dds,1398256,2026-06-10T10:17:26.1005196Z
game/gfx/map/terrain/plains_01_noisy_normal.dds,Assets/CK3Map/Data/Source/game/gfx/map/terrain/plains_01_noisy_normal.dds,1398256,2026-06-10T10:17:26.1005196Z
game/gfx/map/terrain/plains_01_noisy_properties.dds,Assets/CK3Map/Data/Source/game/gfx/map/terrain/plains_01_noisy_properties.dds,1398256,2026-06-10T10:17:26.1015588Z
game/gfx/map/terrain/plains_01_normal.dds,Assets/CK3Map/Data/Source/game/gfx/map/terrain/plains_01_normal.dds,1398256,2026-06-10T10:17:26.1025976Z
game/gfx/map/terrain/plains_01_properties.dds,Assets/CK3Map/Data/Source/game/gfx/map/terrain/plains_01_properties.dds,1398256,2026-06-10T10:17:26.1031144Z
game/gfx/map/terrain/plains_01_rough_diffuse.dds,Assets/CK3Map/Data/Source/game/gfx/map/terrain/plains_01_rough_diffuse.dds,1398256,2026-06-10T10:17:26.1031144Z
game/gfx/map/terrain/plains_01_rough_normal.dds,Assets/CK3Map/Data/Source/game/gfx/map/terrain/plains_01_rough_normal.dds,1398256,2026-06-10T10:17:26.1036340Z
game/gfx/map/terrain/plains_01_rough_properties.dds,Assets/CK3Map/Data/Source/game/gfx/map/terrain/plains_01_rough_properties.dds,1398256,2026-06-10T10:17:26.1036340Z
game/gfx/map/terrain/settings.terrain,Assets/CK3Map/Data/Source/game/gfx/map/terrain/settings.terrain,461,2026-06-10T10:19:31.6157300Z
game/gfx/map/terrain/snow_diffuse.dds,Assets/CK3Map/Data/Source/game/gfx/map/terrain/snow_diffuse.dds,1398256,2026-06-10T10:17:26.1041580Z
game/gfx/map/terrain/snow_diffuse_for_combined_winter.dds,Assets/CK3Map/Data/Source/game/gfx/map/terrain/snow_diffuse_for_combined_winter.dds,55396,2026-06-10T10:19:34.4954368Z
game/gfx/map/terrain/snow_normal.dds,Assets/CK3Map/Data/Source/game/gfx/map/terrain/snow_normal.dds,1398256,2026-06-10T10:17:26.1041580Z
game/gfx/map/terrain/snow_properties.dds,Assets/CK3Map/Data/Source/game/gfx/map/terrain/snow_properties.dds,1398256,2026-06-10T10:17:26.1046720Z
game/gfx/map/terrain/steppe_bushes_01_diffuse.dds,Assets/CK3Map/Data/Source/game/gfx/map/terrain/steppe_bushes_01_diffuse.dds,1398256,2026-06-10T10:17:26.1046720Z
game/gfx/map/terrain/steppe_bushes_01_normal.dds,Assets/CK3Map/Data/Source/game/gfx/map/terrain/steppe_bushes_01_normal.dds,1398256,2026-06-10T10:17:26.1046720Z
game/gfx/map/terrain/steppe_bushes_01_properties.dds,Assets/CK3Map/Data/Source/game/gfx/map/terrain/steppe_bushes_01_properties.dds,1398256,2026-06-10T10:17:26.1051964Z
game/gfx/map/terrain/steppe_bushes_diffuse.dds,Assets/CK3Map/Data/Source/game/gfx/map/terrain/steppe_bushes_diffuse.dds,1398256,2026-06-10T10:17:26.1057102Z
game/gfx/map/terrain/steppe_bushes_normal.dds,Assets/CK3Map/Data/Source/game/gfx/map/terrain/steppe_bushes_normal.dds,1398256,2026-06-10T10:17:26.1062485Z
game/gfx/map/terrain/steppe_bushes_properties.dds,Assets/CK3Map/Data/Source/game/gfx/map/terrain/steppe_bushes_properties.dds,1398256,2026-06-10T10:17:26.1067628Z
game/gfx/map/terrain/steppe_cracked_diffuse.dds,Assets/CK3Map/Data/Source/game/gfx/map/terrain/steppe_cracked_diffuse.dds,1398256,2026-06-10T10:17:26.1072996Z
game/gfx/map/terrain/steppe_cracked_normal.dds,Assets/CK3Map/Data/Source/game/gfx/map/terrain/steppe_cracked_normal.dds,1398256,2026-06-10T10:17:26.1078119Z
game/gfx/map/terrain/steppe_cracked_properties.dds,Assets/CK3Map/Data/Source/game/gfx/map/terrain/steppe_cracked_properties.dds,1398256,2026-06-10T10:17:26.1083429Z
game/gfx/map/terrain/steppe_grass_diffuse.dds,Assets/CK3Map/Data/Source/game/gfx/map/terrain/steppe_grass_diffuse.dds,1398256,2026-06-10T10:17:26.1088562Z
game/gfx/map/terrain/steppe_grass_normal.dds,Assets/CK3Map/Data/Source/game/gfx/map/terrain/steppe_grass_normal.dds,1398256,2026-06-10T10:17:26.1088562Z
game/gfx/map/terrain/steppe_grass_properties.dds,Assets/CK3Map/Data/Source/game/gfx/map/terrain/steppe_grass_properties.dds,1398256,2026-06-10T10:17:26.1093894Z
game/gfx/map/terrain/steppe_rocks_diffuse.dds,Assets/CK3Map/Data/Source/game/gfx/map/terrain/steppe_rocks_diffuse.dds,1398256,2026-06-10T10:17:26.1099007Z
game/gfx/map/terrain/steppe_rocks_normal.dds,Assets/CK3Map/Data/Source/game/gfx/map/terrain/steppe_rocks_normal.dds,1398256,2026-06-10T10:17:26.1109485Z
game/gfx/map/terrain/steppe_rocks_properties.dds,Assets/CK3Map/Data/Source/game/gfx/map/terrain/steppe_rocks_properties.dds,1398256,2026-06-10T10:17:26.1109485Z
game/gfx/map/terrain/sub_saharan_stripes_pattern_linen_01_diffuse.dds,Assets/CK3Map/Data/Source/game/gfx/map/terrain/sub_saharan_stripes_pattern_linen_01_diffuse.dds,174904,2026-06-10T10:19:42.5359671Z
game/gfx/map/terrain/sub_saharan_stripes_pattern_linen_01_normal.dds,Assets/CK3Map/Data/Source/game/gfx/map/terrain/sub_saharan_stripes_pattern_linen_01_normal.dds,349680,2026-06-10T10:17:26.1109485Z
game/gfx/map/terrain/sub_saharan_stripes_pattern_linen_01_properties.dds,Assets/CK3Map/Data/Source/game/gfx/map/terrain/sub_saharan_stripes_pattern_linen_01_properties.dds,349680,2026-06-10T10:17:26.1119531Z
game/gfx/map/terrain/summer_grass_diffuse.dds,Assets/CK3Map/Data/Source/game/gfx/map/terrain/summer_grass_diffuse.dds,1398256,2026-06-10T10:17:26.1119531Z
game/gfx/map/terrain/summer_grass_normal.dds,Assets/CK3Map/Data/Source/game/gfx/map/terrain/summer_grass_normal.dds,1398256,2026-06-10T10:17:26.1124626Z
game/gfx/map/terrain/summer_grass_properties.dds,Assets/CK3Map/Data/Source/game/gfx/map/terrain/summer_grass_properties.dds,1398256,2026-06-10T10:17:26.1124626Z
game/gfx/map/terrain/surround_tile.dds,Assets/CK3Map/Data/Source/game/gfx/map/terrain/surround_tile.dds,167808,2026-06-10T10:19:59.1565656Z
game/gfx/map/terrain/unmasked/diffuse0.dds,Assets/CK3Map/Data/Source/game/gfx/map/terrain/unmasked/diffuse0.dds,1398256,2026-06-10T10:17:26.1129711Z
game/gfx/map/terrain/unmasked/diffuse1.dds,Assets/CK3Map/Data/Source/game/gfx/map/terrain/unmasked/diffuse1.dds,1398256,2026-06-10T10:17:26.1129711Z
game/gfx/map/terrain/unmasked/material0.dds,Assets/CK3Map/Data/Source/game/gfx/map/terrain/unmasked/material0.dds,1398256,2026-06-10T10:17:26.1129711Z
game/gfx/map/terrain/unmasked/material1.dds,Assets/CK3Map/Data/Source/game/gfx/map/terrain/unmasked/material1.dds,1398256,2026-06-10T10:17:26.1129711Z
game/gfx/map/terrain/unmasked/normal0.dds,Assets/CK3Map/Data/Source/game/gfx/map/terrain/unmasked/normal0.dds,1398256,2026-06-10T10:17:26.1129711Z
game/gfx/map/terrain/unmasked/normal1.dds,Assets/CK3Map/Data/Source/game/gfx/map/terrain/unmasked/normal1.dds,1398256,2026-06-10T10:17:26.1129711Z
game/gfx/map/terrain/wetlands_02_diffuse.dds,Assets/CK3Map/Data/Source/game/gfx/map/terrain/wetlands_02_diffuse.dds,1398256,2026-06-10T10:17:26.1145573Z
game/gfx/map/terrain/wetlands_02_mud_diffuse.dds,Assets/CK3Map/Data/Source/game/gfx/map/terrain/wetlands_02_mud_diffuse.dds,1398256,2026-06-10T10:17:26.1145573Z
game/gfx/map/terrain/wetlands_02_mud_normal.dds,Assets/CK3Map/Data/Source/game/gfx/map/terrain/wetlands_02_mud_normal.dds,1398256,2026-06-10T10:17:26.1145573Z
game/gfx/map/terrain/wetlands_02_mud_properties.dds,Assets/CK3Map/Data/Source/game/gfx/map/terrain/wetlands_02_mud_properties.dds,1398256,2026-06-10T10:17:26.1145573Z
game/gfx/map/terrain/wetlands_02_normal.dds,Assets/CK3Map/Data/Source/game/gfx/map/terrain/wetlands_02_normal.dds,1398256,2026-06-10T10:17:26.1155703Z
game/gfx/map/terrain/wetlands_02_properties.dds,Assets/CK3Map/Data/Source/game/gfx/map/terrain/wetlands_02_properties.dds,1398256,2026-06-10T10:17:26.1155703Z
game/gfx/map/terrain/winter_effect_diffuse.dds,Assets/CK3Map/Data/Source/game/gfx/map/terrain/winter_effect_diffuse.dds,1398256,2026-06-10T10:17:26.1155703Z
game/gfx/map/terrain/winter_effect_normal.dds,Assets/CK3Map/Data/Source/game/gfx/map/terrain/winter_effect_normal.dds,1398256,2026-06-10T10:17:26.1165828Z
game/gfx/map/terrain/winter_effect_properties.dds,Assets/CK3Map/Data/Source/game/gfx/map/terrain/winter_effect_properties.dds,1398256,2026-06-10T10:17:26.1165828Z
game/gfx/map/terrain/_debug_diffuse.dds,Assets/CK3Map/Data/Source/game/gfx/map/terrain/_debug_diffuse.dds,1398256,2026-06-10T10:17:26.1165828Z
game/gfx/map/terrain/_debug_normal.dds,Assets/CK3Map/Data/Source/game/gfx/map/terrain/_debug_normal.dds,1398256,2026-06-10T10:17:26.1165828Z
game/gfx/map/terrain/_debug_properties.dds,Assets/CK3Map/Data/Source/game/gfx/map/terrain/_debug_properties.dds,1398256,2026-06-10T10:17:26.1165828Z
game/gfx/map/textures/noise.dds,Assets/CK3Map/Data/Source/game/gfx/map/textures/noise.dds,262272,2026-06-10T10:17:26.1181112Z
game/gfx/map/textures/political_mapmode_pattern.dds,Assets/CK3Map/Data/Source/game/gfx/map/textures/political_mapmode_pattern.dds,2796344,2026-06-10T10:17:26.1181112Z
game/gfx/map/textures/river_bottom_diffuse.dds,Assets/CK3Map/Data/Source/game/gfx/map/textures/river_bottom_diffuse.dds,11064,2026-06-10T10:20:21.3493518Z
game/gfx/map/textures/river_bottom_gloss.dds,Assets/CK3Map/Data/Source/game/gfx/map/textures/river_bottom_gloss.dds,22000,2026-06-10T10:20:00.5859851Z
game/gfx/map/textures/river_bottom_normal.dds,Assets/CK3Map/Data/Source/game/gfx/map/textures/river_bottom_normal.dds,22000,2026-06-10T10:20:07.3530477Z
game/gfx/map/textures/river_depth.dds,Assets/CK3Map/Data/Source/game/gfx/map/textures/river_depth.dds,11064,2026-06-10T10:20:07.3587258Z
game/gfx/map/textures/rough_texture_overlay.dds,Assets/CK3Map/Data/Source/game/gfx/map/textures/rough_texture_overlay.dds,349680,2026-06-10T10:17:26.1181112Z
game/gfx/map/textures/shadow_color.dds,Assets/CK3Map/Data/Source/game/gfx/map/textures/shadow_color.dds,1398256,2026-06-10T10:17:26.1181112Z
game/gfx/map/textures/snow_mask.dds,Assets/CK3Map/Data/Source/game/gfx/map/textures/snow_mask.dds,14156116,2026-06-10T10:17:26.1181112Z
game/gfx/map/textures/wavy_noise.dds,Assets/CK3Map/Data/Source/game/gfx/map/textures/wavy_noise.dds,349680,2026-06-10T10:17:26.1181112Z
game/gfx/map/water/ambient_normal.dds,Assets/CK3Map/Data/Source/game/gfx/map/water/ambient_normal.dds,699192,2026-06-10T10:17:26.1181112Z
game/gfx/map/water/flowmap.dds,Assets/CK3Map/Data/Source/game/gfx/map/water/flowmap.dds,2796388,2026-06-10T10:17:26.1181112Z
game/gfx/map/water/flow_normal.dds,Assets/CK3Map/Data/Source/game/gfx/map/water/flow_normal.dds,349680,2026-06-10T10:17:26.1196297Z
game/gfx/map/water/foam.dds,Assets/CK3Map/Data/Source/game/gfx/map/water/foam.dds,1398256,2026-06-10T10:17:26.1196297Z
game/gfx/map/water/foam_map.dds,Assets/CK3Map/Data/Source/game/gfx/map/water/foam_map.dds,14156096,2026-06-10T10:17:26.1196297Z
game/gfx/map/water/foam_noise.dds,Assets/CK3Map/Data/Source/game/gfx/map/water/foam_noise.dds,349680,2026-06-10T10:17:26.1196297Z
game/gfx/map/water/foam_ramp.dds,Assets/CK3Map/Data/Source/game/gfx/map/water/foam_ramp.dds,896,2026-06-10T10:19:30.2965646Z
game/gfx/map/water/water.settings,Assets/CK3Map/Data/Source/game/gfx/map/water/water.settings,7925,2026-06-10T10:19:41.4969464Z
game/gfx/map/water/watercolor_rgb_waterspec_a.dds,Assets/CK3Map/Data/Source/game/gfx/map/water/watercolor_rgb_waterspec_a.dds,14156116,2026-06-10T10:17:26.1196297Z
game/gfx/models/artifacts/books/artifact_books.asset,Assets/CK3Map/Data/Source/game/gfx/models/artifacts/books/artifact_books.asset,20900,2026-06-10T10:20:09.5683367Z
game/gfx/models/artifacts/books/artifact_books_portrait.asset,Assets/CK3Map/Data/Source/game/gfx/models/artifacts/books/artifact_books_portrait.asset,2685,2026-06-10T10:20:00.5245979Z
game/gfx/models/artifacts/books/ep1_indian_book_big_01_a.mesh,Assets/CK3Map/Data/Source/game/gfx/models/artifacts/books/ep1_indian_book_big_01_a.mesh,53734,2026-06-10T10:19:33.3582359Z
game/gfx/models/artifacts/books/ep1_indian_book_big_01_a_diffuse.dds,Assets/CK3Map/Data/Source/game/gfx/models/artifacts/books/ep1_indian_book_big_01_a_diffuse.dds,1398256,2026-06-10T10:17:26.1231759Z
game/gfx/models/artifacts/books/ep1_indian_book_big_01_a_normal.dds,Assets/CK3Map/Data/Source/game/gfx/models/artifacts/books/ep1_indian_book_big_01_a_normal.dds,1398256,2026-06-10T10:17:26.1247046Z
game/gfx/models/artifacts/books/ep1_indian_book_big_01_a_portrait.asset,Assets/CK3Map/Data/Source/game/gfx/models/artifacts/books/ep1_indian_book_big_01_a_portrait.asset,1375,2026-06-10T10:20:09.5990859Z
game/gfx/models/artifacts/books/ep1_indian_book_big_01_a_portrait.mesh,Assets/CK3Map/Data/Source/game/gfx/models/artifacts/books/ep1_indian_book_big_01_a_portrait.mesh,53857,2026-06-10T10:19:42.3503121Z
game/gfx/models/artifacts/books/ep1_indian_book_big_01_a_properties.dds,Assets/CK3Map/Data/Source/game/gfx/models/artifacts/books/ep1_indian_book_big_01_a_properties.dds,1398256,2026-06-10T10:17:26.1247046Z
game/gfx/models/artifacts/books/ep1_indian_book_big_01_b_diffuse.dds,Assets/CK3Map/Data/Source/game/gfx/models/artifacts/books/ep1_indian_book_big_01_b_diffuse.dds,1398256,2026-06-10T10:17:26.1247046Z
game/gfx/models/artifacts/books/ep1_indian_book_big_01_b_normal.dds,Assets/CK3Map/Data/Source/game/gfx/models/artifacts/books/ep1_indian_book_big_01_b_normal.dds,1398256,2026-06-10T10:17:26.1247046Z
game/gfx/models/artifacts/books/ep1_indian_book_big_01_b_properties.dds,Assets/CK3Map/Data/Source/game/gfx/models/artifacts/books/ep1_indian_book_big_01_b_properties.dds,1398256,2026-06-10T10:17:26.1247046Z
game/gfx/models/artifacts/books/ep1_indian_book_verybig_01_a.mesh,Assets/CK3Map/Data/Source/game/gfx/models/artifacts/books/ep1_indian_book_verybig_01_a.mesh,64318,2026-06-10T10:19:33.4170368Z
game/gfx/models/artifacts/books/ep1_indian_book_verybig_01_a_diffuse.dds,Assets/CK3Map/Data/Source/game/gfx/models/artifacts/books/ep1_indian_book_verybig_01_a_diffuse.dds,1398256,2026-06-10T10:17:26.1247046Z
game/gfx/models/artifacts/books/ep1_indian_book_verybig_01_a_normal.dds,Assets/CK3Map/Data/Source/game/gfx/models/artifacts/books/ep1_indian_book_verybig_01_a_normal.dds,1398256,2026-06-10T10:17:26.1247046Z
game/gfx/models/artifacts/books/ep1_indian_book_verybig_01_a_portrait.asset,Assets/CK3Map/Data/Source/game/gfx/models/artifacts/books/ep1_indian_book_verybig_01_a_portrait.asset,1439,2026-06-10T10:19:33.4170368Z
game/gfx/models/artifacts/books/ep1_indian_book_verybig_01_a_portrait.mesh,Assets/CK3Map/Data/Source/game/gfx/models/artifacts/books/ep1_indian_book_verybig_01_a_portrait.mesh,64441,2026-06-10T10:19:15.3789315Z
game/gfx/models/artifacts/books/ep1_indian_book_verybig_01_a_properties.dds,Assets/CK3Map/Data/Source/game/gfx/models/artifacts/books/ep1_indian_book_verybig_01_a_properties.dds,1398256,2026-06-10T10:17:26.1247046Z
game/gfx/models/artifacts/books/ep1_indian_book_verybig_01_b_diffuse.dds,Assets/CK3Map/Data/Source/game/gfx/models/artifacts/books/ep1_indian_book_verybig_01_b_diffuse.dds,1398256,2026-06-10T10:17:26.1247046Z
game/gfx/models/artifacts/books/ep1_mediterranean_book_big_01_a.mesh,Assets/CK3Map/Data/Source/game/gfx/models/artifacts/books/ep1_mediterranean_book_big_01_a.mesh,86290,2026-06-10T10:19:35.3446176Z
game/gfx/models/artifacts/books/ep1_mediterranean_book_big_01_a_diffuse.dds,Assets/CK3Map/Data/Source/game/gfx/models/artifacts/books/ep1_mediterranean_book_big_01_a_diffuse.dds,349680,2026-06-10T10:17:26.1247046Z
game/gfx/models/artifacts/books/ep1_mediterranean_book_big_01_a_normal.dds,Assets/CK3Map/Data/Source/game/gfx/models/artifacts/books/ep1_mediterranean_book_big_01_a_normal.dds,349680,2026-06-10T10:17:26.1247046Z
game/gfx/models/artifacts/books/ep1_mediterranean_book_big_01_a_portrait.asset,Assets/CK3Map/Data/Source/game/gfx/models/artifacts/books/ep1_mediterranean_book_big_01_a_portrait.asset,1487,2026-06-10T10:19:15.3789315Z
game/gfx/models/artifacts/books/ep1_mediterranean_book_big_01_a_portrait.mesh,Assets/CK3Map/Data/Source/game/gfx/models/artifacts/books/ep1_mediterranean_book_big_01_a_portrait.mesh,86413,2026-06-10T10:20:00.5859851Z
game/gfx/models/artifacts/books/ep1_mediterranean_book_big_01_a_properties.dds,Assets/CK3Map/Data/Source/game/gfx/models/artifacts/books/ep1_mediterranean_book_big_01_a_properties.dds,349680,2026-06-10T10:17:26.1262468Z
game/gfx/models/artifacts/books/ep1_mediterranean_book_big_01_b_diffuse.dds,Assets/CK3Map/Data/Source/game/gfx/models/artifacts/books/ep1_mediterranean_book_big_01_b_diffuse.dds,349680,2026-06-10T10:17:26.1262468Z
game/gfx/models/artifacts/books/ep1_mediterranean_book_verybig_01_a.mesh,Assets/CK3Map/Data/Source/game/gfx/models/artifacts/books/ep1_mediterranean_book_verybig_01_a.mesh,63442,2026-06-10T10:19:46.4757717Z
game/gfx/models/artifacts/books/ep1_mediterranean_book_verybig_01_a_diffuse.dds,Assets/CK3Map/Data/Source/game/gfx/models/artifacts/books/ep1_mediterranean_book_verybig_01_a_diffuse.dds,349680,2026-06-10T10:17:26.1262468Z
game/gfx/models/artifacts/books/ep1_mediterranean_book_verybig_01_a_normal.dds,Assets/CK3Map/Data/Source/game/gfx/models/artifacts/books/ep1_mediterranean_book_verybig_01_a_normal.dds,349680,2026-06-10T10:17:26.1262468Z
game/gfx/models/artifacts/books/ep1_mediterranean_book_verybig_01_a_portrait.asset,Assets/CK3Map/Data/Source/game/gfx/models/artifacts/books/ep1_mediterranean_book_verybig_01_a_portrait.asset,1551,2026-06-10T10:19:15.3417616Z
game/gfx/models/artifacts/books/ep1_mediterranean_book_verybig_01_a_portrait.mesh,Assets/CK3Map/Data/Source/game/gfx/models/artifacts/books/ep1_mediterranean_book_verybig_01_a_portrait.mesh,63565,2026-06-10T10:20:00.5864941Z
game/gfx/models/artifacts/books/ep1_mediterranean_book_verybig_01_a_properties.dds,Assets/CK3Map/Data/Source/game/gfx/models/artifacts/books/ep1_mediterranean_book_verybig_01_a_properties.dds,349680,2026-06-10T10:17:26.1262468Z
game/gfx/models/artifacts/books/ep1_mediterranean_book_verybig_01_b_diffuse.dds,Assets/CK3Map/Data/Source/game/gfx/models/artifacts/books/ep1_mediterranean_book_verybig_01_b_diffuse.dds,349680,2026-06-10T10:17:26.1262468Z
game/gfx/models/artifacts/books/ep1_mediterranean_book_verybig_01_b_normal.dds,Assets/CK3Map/Data/Source/game/gfx/models/artifacts/books/ep1_mediterranean_book_verybig_01_b_normal.dds,349680,2026-06-10T10:17:26.1262468Z
game/gfx/models/artifacts/books/ep1_mediterranean_book_verybig_01_b_properties.dds,Assets/CK3Map/Data/Source/game/gfx/models/artifacts/books/ep1_mediterranean_book_verybig_01_b_properties.dds,349680,2026-06-10T10:17:26.1262468Z
game/gfx/models/artifacts/books/ep1_mena_book_big_01_a.mesh,Assets/CK3Map/Data/Source/game/gfx/models/artifacts/books/ep1_mena_book_big_01_a.mesh,35494,2026-06-10T10:19:42.3508399Z
game/gfx/models/artifacts/books/ep1_mena_book_big_01_a_diffuse.dds,Assets/CK3Map/Data/Source/game/gfx/models/artifacts/books/ep1_mena_book_big_01_a_diffuse.dds,349680,2026-06-10T10:17:26.1262468Z
game/gfx/models/artifacts/books/ep1_mena_book_big_01_a_normal.dds,Assets/CK3Map/Data/Source/game/gfx/models/artifacts/books/ep1_mena_book_big_01_a_normal.dds,349680,2026-06-10T10:17:26.1277757Z
game/gfx/models/artifacts/books/ep1_mena_book_big_01_a_portrait.mesh,Assets/CK3Map/Data/Source/game/gfx/models/artifacts/books/ep1_mena_book_big_01_a_portrait.mesh,35563,2026-06-10T10:19:35.3438631Z
game/gfx/models/artifacts/books/ep1_mena_book_big_01_a_properties.dds,Assets/CK3Map/Data/Source/game/gfx/models/artifacts/books/ep1_mena_book_big_01_a_properties.dds,349680,2026-06-10T10:17:26.1277757Z
game/gfx/models/artifacts/books/ep1_mena_book_big_01_b_diffuse.dds,Assets/CK3Map/Data/Source/game/gfx/models/artifacts/books/ep1_mena_book_big_01_b_diffuse.dds,349680,2026-06-10T10:17:26.1277757Z
game/gfx/models/artifacts/books/ep1_mena_book_verybig_01_a.mesh,Assets/CK3Map/Data/Source/game/gfx/models/artifacts/books/ep1_mena_book_verybig_01_a.mesh,40822,2026-06-10T10:19:38.5756406Z
game/gfx/models/artifacts/books/ep1_mena_book_verybig_01_a_diffuse.dds,Assets/CK3Map/Data/Source/game/gfx/models/artifacts/books/ep1_mena_book_verybig_01_a_diffuse.dds,349680,2026-06-10T10:17:26.1277757Z
game/gfx/models/artifacts/books/ep1_mena_book_verybig_01_a_normal.dds,Assets/CK3Map/Data/Source/game/gfx/models/artifacts/books/ep1_mena_book_verybig_01_a_normal.dds,349680,2026-06-10T10:17:26.1277757Z
game/gfx/models/artifacts/books/ep1_mena_book_verybig_01_a_portrait.asset,Assets/CK3Map/Data/Source/game/gfx/models/artifacts/books/ep1_mena_book_verybig_01_a_portrait.asset,1407,2026-06-10T10:19:33.5408950Z
game/gfx/models/artifacts/books/ep1_mena_book_verybig_01_a_portrait.mesh,Assets/CK3Map/Data/Source/game/gfx/models/artifacts/books/ep1_mena_book_verybig_01_a_portrait.mesh,40945,2026-06-10T10:20:08.5150000Z
game/gfx/models/artifacts/books/ep1_mena_book_verybig_01_a_properties.dds,Assets/CK3Map/Data/Source/game/gfx/models/artifacts/books/ep1_mena_book_verybig_01_a_properties.dds,349680,2026-06-10T10:17:26.1295558Z
game/gfx/models/artifacts/books/ep1_mena_book_verybig_01_b_diffuse.dds,Assets/CK3Map/Data/Source/game/gfx/models/artifacts/books/ep1_mena_book_verybig_01_b_diffuse.dds,349680,2026-06-10T10:17:26.1295558Z
game/gfx/models/artifacts/books/ep1_mena_book_verybig_01_b_properties.dds,Assets/CK3Map/Data/Source/game/gfx/models/artifacts/books/ep1_mena_book_verybig_01_b_properties.dds,349680,2026-06-10T10:17:26.1295558Z
game/gfx/models/artifacts/books/ep1_western_book_big_01_a.mesh,Assets/CK3Map/Data/Source/game/gfx/models/artifacts/books/ep1_western_book_big_01_a.mesh,48632,2026-06-10T10:20:05.3478705Z
game/gfx/models/artifacts/books/ep1_western_book_big_01_a_diffuse.dds,Assets/CK3Map/Data/Source/game/gfx/models/artifacts/books/ep1_western_book_big_01_a_diffuse.dds,174904,2026-06-10T10:19:38.5772290Z
game/gfx/models/artifacts/books/ep1_western_book_big_01_a_normal.dds,Assets/CK3Map/Data/Source/game/gfx/models/artifacts/books/ep1_western_book_big_01_a_normal.dds,349680,2026-06-10T10:17:26.1295558Z
game/gfx/models/artifacts/books/ep1_western_book_big_01_a_portrait.mesh,Assets/CK3Map/Data/Source/game/gfx/models/artifacts/books/ep1_western_book_big_01_a_portrait.mesh,48670,2026-06-10T10:20:23.3678925Z
game/gfx/models/artifacts/books/ep1_western_book_big_01_a_properties.dds,Assets/CK3Map/Data/Source/game/gfx/models/artifacts/books/ep1_western_book_big_01_a_properties.dds,349680,2026-06-10T10:17:26.1295558Z
game/gfx/models/artifacts/books/ep1_western_book_big_01_b_diffuse.dds,Assets/CK3Map/Data/Source/game/gfx/models/artifacts/books/ep1_western_book_big_01_b_diffuse.dds,349680,2026-06-10T10:17:26.1295558Z
game/gfx/models/artifacts/books/ep1_western_book_big_01_b_properties.dds,Assets/CK3Map/Data/Source/game/gfx/models/artifacts/books/ep1_western_book_big_01_b_properties.dds,349680,2026-06-10T10:17:26.1311782Z
game/gfx/models/artifacts/books/ep1_western_book_verybig_01_a.mesh,Assets/CK3Map/Data/Source/game/gfx/models/artifacts/books/ep1_western_book_verybig_01_a.mesh,96154,2026-06-10T10:20:23.3684047Z
game/gfx/models/artifacts/books/ep1_western_book_verybig_01_a_diffuse.dds,Assets/CK3Map/Data/Source/game/gfx/models/artifacts/books/ep1_western_book_verybig_01_a_diffuse.dds,349680,2026-06-10T10:17:26.1311782Z
game/gfx/models/artifacts/books/ep1_western_book_verybig_01_a_normal.dds,Assets/CK3Map/Data/Source/game/gfx/models/artifacts/books/ep1_western_book_verybig_01_a_normal.dds,349680,2026-06-10T10:17:26.1311782Z
game/gfx/models/artifacts/books/ep1_western_book_verybig_01_a_portrait.asset,Assets/CK3Map/Data/Source/game/gfx/models/artifacts/books/ep1_western_book_verybig_01_a_portrait.asset,1455,2026-06-10T10:19:15.3443484Z
game/gfx/models/artifacts/books/ep1_western_book_verybig_01_a_portrait.mesh,Assets/CK3Map/Data/Source/game/gfx/models/artifacts/books/ep1_western_book_verybig_01_a_portrait.mesh,96277,2026-06-10T10:19:15.3417616Z
game/gfx/models/artifacts/books/ep1_western_book_verybig_01_a_properties.dds,Assets/CK3Map/Data/Source/game/gfx/models/artifacts/books/ep1_western_book_verybig_01_a_properties.dds,349680,2026-06-10T10:17:26.1311782Z
game/gfx/models/artifacts/books/ep1_western_book_verybig_01_b_diffuse.dds,Assets/CK3Map/Data/Source/game/gfx/models/artifacts/books/ep1_western_book_verybig_01_b_diffuse.dds,349680,2026-06-10T10:17:26.1321842Z
game/gfx/models/artifacts/containers/boxes/artifact_boxes.asset,Assets/CK3Map/Data/Source/game/gfx/models/artifacts/containers/boxes/artifact_boxes.asset,66383,2026-06-10T10:20:10.2987111Z
game/gfx/models/artifacts/containers/boxes/ep1_indian_box_medium_basic_01_a.mesh,Assets/CK3Map/Data/Source/game/gfx/models/artifacts/containers/boxes/ep1_indian_box_medium_basic_01_a.mesh,132127,2026-06-10T10:20:05.6360059Z
game/gfx/models/artifacts/containers/boxes/ep1_indian_box_medium_basic_01_a_diffuse.dds,Assets/CK3Map/Data/Source/game/gfx/models/artifacts/containers/boxes/ep1_indian_box_medium_basic_01_a_diffuse.dds,349680,2026-06-10T10:17:26.1357888Z
game/gfx/models/artifacts/containers/boxes/ep1_indian_box_medium_basic_01_a_normal.dds,Assets/CK3Map/Data/Source/game/gfx/models/artifacts/containers/boxes/ep1_indian_box_medium_basic_01_a_normal.dds,349680,2026-06-10T10:17:26.1357888Z
game/gfx/models/artifacts/containers/boxes/ep1_indian_box_medium_basic_01_a_properties.dds,Assets/CK3Map/Data/Source/game/gfx/models/artifacts/containers/boxes/ep1_indian_box_medium_basic_01_a_properties.dds,349680,2026-06-10T10:17:26.1357888Z
game/gfx/models/artifacts/containers/boxes/ep1_indian_box_medium_basic_02_a.mesh,Assets/CK3Map/Data/Source/game/gfx/models/artifacts/containers/boxes/ep1_indian_box_medium_basic_02_a.mesh,206278,2026-06-10T10:19:42.4123339Z
game/gfx/models/artifacts/containers/boxes/ep1_indian_box_medium_basic_02_a_diffuse.dds,Assets/CK3Map/Data/Source/game/gfx/models/artifacts/containers/boxes/ep1_indian_box_medium_basic_02_a_diffuse.dds,1398256,2026-06-10T10:17:26.1367989Z
game/gfx/models/artifacts/containers/boxes/ep1_indian_box_medium_basic_02_a_normal.dds,Assets/CK3Map/Data/Source/game/gfx/models/artifacts/containers/boxes/ep1_indian_box_medium_basic_02_a_normal.dds,1398256,2026-06-10T10:17:26.1367989Z
game/gfx/models/artifacts/containers/boxes/ep1_indian_box_medium_basic_02_a_properties.dds,Assets/CK3Map/Data/Source/game/gfx/models/artifacts/containers/boxes/ep1_indian_box_medium_basic_02_a_properties.dds,1398256,2026-06-10T10:17:26.1367989Z
game/gfx/models/artifacts/containers/boxes/ep1_indian_box_medium_fancy_01_a.mesh,Assets/CK3Map/Data/Source/game/gfx/models/artifacts/containers/boxes/ep1_indian_box_medium_fancy_01_a.mesh,92899,2026-06-10T10:19:15.5794007Z
game/gfx/models/artifacts/containers/boxes/ep1_indian_box_medium_fancy_01_a_diffuse.dds,Assets/CK3Map/Data/Source/game/gfx/models/artifacts/containers/boxes/ep1_indian_box_medium_fancy_01_a_diffuse.dds,1398256,2026-06-10T10:17:26.1367989Z
game/gfx/models/artifacts/containers/boxes/ep1_indian_box_medium_fancy_01_a_normal.dds,Assets/CK3Map/Data/Source/game/gfx/models/artifacts/containers/boxes/ep1_indian_box_medium_fancy_01_a_normal.dds,1398256,2026-06-10T10:17:26.1367989Z
game/gfx/models/artifacts/containers/boxes/ep1_indian_box_medium_fancy_01_a_properties.dds,Assets/CK3Map/Data/Source/game/gfx/models/artifacts/containers/boxes/ep1_indian_box_medium_fancy_01_a_properties.dds,1398256,2026-06-10T10:17:26.1367989Z
game/gfx/models/artifacts/containers/boxes/ep1_indian_box_medium_fancy_02_a.mesh,Assets/CK3Map/Data/Source/game/gfx/models/artifacts/containers/boxes/ep1_indian_box_medium_fancy_02_a.mesh,208354,2026-06-10T10:20:01.3953532Z
game/gfx/models/artifacts/containers/boxes/ep1_indian_box_medium_fancy_02_a_diffuse.dds,Assets/CK3Map/Data/Source/game/gfx/models/artifacts/containers/boxes/ep1_indian_box_medium_fancy_02_a_diffuse.dds,1398256,2026-06-10T10:17:26.1367989Z
game/gfx/models/artifacts/containers/boxes/ep1_indian_box_medium_fancy_02_a_normal.dds,Assets/CK3Map/Data/Source/game/gfx/models/artifacts/containers/boxes/ep1_indian_box_medium_fancy_02_a_normal.dds,1398256,2026-06-10T10:17:26.1378122Z
game/gfx/models/artifacts/containers/boxes/ep1_indian_box_medium_fancy_02_a_properties.dds,Assets/CK3Map/Data/Source/game/gfx/models/artifacts/containers/boxes/ep1_indian_box_medium_fancy_02_a_properties.dds,1398256,2026-06-10T10:17:26.1378122Z
game/gfx/models/artifacts/containers/boxes/ep1_indian_box_reliquary_01_a.mesh,Assets/CK3Map/Data/Source/game/gfx/models/artifacts/containers/boxes/ep1_indian_box_reliquary_01_a.mesh,121594,2026-06-10T10:19:46.5915235Z
game/gfx/models/artifacts/containers/boxes/ep1_indian_box_reliquary_01_a_diffuse.dds,Assets/CK3Map/Data/Source/game/gfx/models/artifacts/containers/boxes/ep1_indian_box_reliquary_01_a_diffuse.dds,349680,2026-06-10T10:17:26.1378122Z
game/gfx/models/artifacts/containers/boxes/ep1_indian_box_reliquary_01_a_normal.dds,Assets/CK3Map/Data/Source/game/gfx/models/artifacts/containers/boxes/ep1_indian_box_reliquary_01_a_normal.dds,349680,2026-06-10T10:17:26.1378122Z
game/gfx/models/artifacts/containers/boxes/ep1_indian_box_reliquary_01_a_properties.dds,Assets/CK3Map/Data/Source/game/gfx/models/artifacts/containers/boxes/ep1_indian_box_reliquary_01_a_properties.dds,349680,2026-06-10T10:17:26.1378122Z
game/gfx/models/artifacts/containers/boxes/ep1_indian_box_reliquary_02_a.mesh,Assets/CK3Map/Data/Source/game/gfx/models/artifacts/containers/boxes/ep1_indian_box_reliquary_02_a.mesh,126802,2026-06-10T10:20:01.4534026Z
game/gfx/models/artifacts/containers/boxes/ep1_indian_box_reliquary_02_a_diffuse.dds,Assets/CK3Map/Data/Source/game/gfx/models/artifacts/containers/boxes/ep1_indian_box_reliquary_02_a_diffuse.dds,1398256,2026-06-10T10:17:26.1388226Z
game/gfx/models/artifacts/containers/boxes/ep1_indian_box_reliquary_02_a_normal.dds,Assets/CK3Map/Data/Source/game/gfx/models/artifacts/containers/boxes/ep1_indian_box_reliquary_02_a_normal.dds,1398256,2026-06-10T10:17:26.1388226Z
game/gfx/models/artifacts/containers/boxes/ep1_indian_box_reliquary_02_a_properties.dds,Assets/CK3Map/Data/Source/game/gfx/models/artifacts/containers/boxes/ep1_indian_box_reliquary_02_a_properties.dds,1398256,2026-06-10T10:17:26.1388226Z
game/gfx/models/artifacts/containers/boxes/ep1_indian_box_small_basic_01_a.mesh,Assets/CK3Map/Data/Source/game/gfx/models/artifacts/containers/boxes/ep1_indian_box_small_basic_01_a.mesh,124807,2026-06-10T10:19:40.2872547Z
game/gfx/models/artifacts/containers/boxes/ep1_indian_box_small_basic_01_a_diffuse.dds,Assets/CK3Map/Data/Source/game/gfx/models/artifacts/containers/boxes/ep1_indian_box_small_basic_01_a_diffuse.dds,349680,2026-06-10T10:17:26.1388226Z
game/gfx/models/artifacts/containers/boxes/ep1_indian_box_small_basic_01_a_normal.dds,Assets/CK3Map/Data/Source/game/gfx/models/artifacts/containers/boxes/ep1_indian_box_small_basic_01_a_normal.dds,349680,2026-06-10T10:17:26.1388226Z
game/gfx/models/artifacts/containers/boxes/ep1_indian_box_small_basic_01_a_properties.dds,Assets/CK3Map/Data/Source/game/gfx/models/artifacts/containers/boxes/ep1_indian_box_small_basic_01_a_properties.dds,349680,2026-06-10T10:17:26.1388226Z
game/gfx/models/artifacts/containers/boxes/ep1_indian_box_small_basic_02_a.mesh,Assets/CK3Map/Data/Source/game/gfx/models/artifacts/containers/boxes/ep1_indian_box_small_basic_02_a.mesh,265951,2026-06-10T10:17:26.1388226Z
game/gfx/models/artifacts/containers/boxes/ep1_indian_box_small_basic_02_a_diffuse.dds,Assets/CK3Map/Data/Source/game/gfx/models/artifacts/containers/boxes/ep1_indian_box_small_basic_02_a_diffuse.dds,349680,2026-06-10T10:17:26.1398334Z
game/gfx/models/artifacts/containers/boxes/ep1_indian_box_small_basic_02_a_normal.dds,Assets/CK3Map/Data/Source/game/gfx/models/artifacts/containers/boxes/ep1_indian_box_small_basic_02_a_normal.dds,349680,2026-06-10T10:17:26.1398334Z
game/gfx/models/artifacts/containers/boxes/ep1_indian_box_small_basic_02_a_properties.dds,Assets/CK3Map/Data/Source/game/gfx/models/artifacts/containers/boxes/ep1_indian_box_small_basic_02_a_properties.dds,349680,2026-06-10T10:17:26.1398334Z
game/gfx/models/artifacts/containers/boxes/ep1_indian_box_small_fancy_01_a.mesh,Assets/CK3Map/Data/Source/game/gfx/models/artifacts/containers/boxes/ep1_indian_box_small_fancy_01_a.mesh,271144,2026-06-10T10:17:26.1398334Z
game/gfx/models/artifacts/containers/boxes/ep1_indian_box_small_fancy_01_a_diffuse.dds,Assets/CK3Map/Data/Source/game/gfx/models/artifacts/containers/boxes/ep1_indian_box_small_fancy_01_a_diffuse.dds,349680,2026-06-10T10:17:26.1398334Z
game/gfx/models/artifacts/containers/boxes/ep1_indian_box_small_fancy_01_a_normal.dds,Assets/CK3Map/Data/Source/game/gfx/models/artifacts/containers/boxes/ep1_indian_box_small_fancy_01_a_normal.dds,349680,2026-06-10T10:17:26.1398334Z
game/gfx/models/artifacts/containers/boxes/ep1_indian_box_small_fancy_01_a_properties.dds,Assets/CK3Map/Data/Source/game/gfx/models/artifacts/containers/boxes/ep1_indian_box_small_fancy_01_a_properties.dds,349680,2026-06-10T10:17:26.1398334Z
game/gfx/models/artifacts/containers/boxes/ep1_indian_box_small_fancy_02_a.mesh,Assets/CK3Map/Data/Source/game/gfx/models/artifacts/containers/boxes/ep1_indian_box_small_fancy_02_a.mesh,39394,2026-06-10T10:20:06.3134124Z
game/gfx/models/artifacts/containers/boxes/ep1_indian_box_small_fancy_02_a_diffuse.dds,Assets/CK3Map/Data/Source/game/gfx/models/artifacts/containers/boxes/ep1_indian_box_small_fancy_02_a_diffuse.dds,349680,2026-06-10T10:17:26.1408441Z
game/gfx/models/artifacts/containers/boxes/ep1_indian_box_small_fancy_02_a_normal.dds,Assets/CK3Map/Data/Source/game/gfx/models/artifacts/containers/boxes/ep1_indian_box_small_fancy_02_a_normal.dds,349680,2026-06-10T10:17:26.1408441Z
game/gfx/models/artifacts/containers/boxes/ep1_indian_box_small_fancy_02_a_properties.dds,Assets/CK3Map/Data/Source/game/gfx/models/artifacts/containers/boxes/ep1_indian_box_small_fancy_02_a_properties.dds,349680,2026-06-10T10:17:26.1408441Z
game/gfx/models/artifacts/containers/boxes/ep1_indian_chest_fancy_01_a.mesh,Assets/CK3Map/Data/Source/game/gfx/models/artifacts/containers/boxes/ep1_indian_chest_fancy_01_a.mesh,88942,2026-06-10T10:19:16.3764571Z
game/gfx/models/artifacts/containers/boxes/ep1_indian_chest_fancy_01_a_diffuse.dds,Assets/CK3Map/Data/Source/game/gfx/models/artifacts/containers/boxes/ep1_indian_chest_fancy_01_a_diffuse.dds,1398256,2026-06-10T10:17:26.1408441Z
game/gfx/models/artifacts/containers/boxes/ep1_indian_chest_fancy_01_a_normal.dds,Assets/CK3Map/Data/Source/game/gfx/models/artifacts/containers/boxes/ep1_indian_chest_fancy_01_a_normal.dds,1398256,2026-06-10T10:17:26.1408441Z
game/gfx/models/artifacts/containers/boxes/ep1_indian_chest_fancy_01_a_properties.dds,Assets/CK3Map/Data/Source/game/gfx/models/artifacts/containers/boxes/ep1_indian_chest_fancy_01_a_properties.dds,1398256,2026-06-10T10:17:26.1408441Z
game/gfx/models/artifacts/containers/boxes/ep1_indian_chest_fancy_01_b_diffuse.dds,Assets/CK3Map/Data/Source/game/gfx/models/artifacts/containers/boxes/ep1_indian_chest_fancy_01_b_diffuse.dds,1398256,2026-06-10T10:17:26.1408441Z
game/gfx/models/artifacts/containers/boxes/ep1_indian_chest_fancy_01_b_normal.dds,Assets/CK3Map/Data/Source/game/gfx/models/artifacts/containers/boxes/ep1_indian_chest_fancy_01_b_normal.dds,1398256,2026-06-10T10:17:26.1418475Z
game/gfx/models/artifacts/containers/boxes/ep1_indian_chest_fancy_01_b_properties.dds,Assets/CK3Map/Data/Source/game/gfx/models/artifacts/containers/boxes/ep1_indian_chest_fancy_01_b_properties.dds,1398256,2026-06-10T10:17:26.1418475Z
game/gfx/models/artifacts/containers/boxes/ep1_mediterranean_box_medium_basic_01_a.mesh,Assets/CK3Map/Data/Source/game/gfx/models/artifacts/containers/boxes/ep1_mediterranean_box_medium_basic_01_a.mesh,64651,2026-06-10T10:19:52.5610633Z
game/gfx/models/artifacts/containers/boxes/ep1_mediterranean_box_medium_basic_01_a_diffuse.dds,Assets/CK3Map/Data/Source/game/gfx/models/artifacts/containers/boxes/ep1_mediterranean_box_medium_basic_01_a_diffuse.dds,1398256,2026-06-10T10:17:26.1418475Z
game/gfx/models/artifacts/containers/boxes/ep1_mediterranean_box_medium_basic_01_a_normal.dds,Assets/CK3Map/Data/Source/game/gfx/models/artifacts/containers/boxes/ep1_mediterranean_box_medium_basic_01_a_normal.dds,1398256,2026-06-10T10:17:26.1418475Z
game/gfx/models/artifacts/containers/boxes/ep1_mediterranean_box_medium_basic_01_a_properties.dds,Assets/CK3Map/Data/Source/game/gfx/models/artifacts/containers/boxes/ep1_mediterranean_box_medium_basic_01_a_properties.dds,1398256,2026-06-10T10:17:26.1418475Z
game/gfx/models/artifacts/containers/boxes/ep1_mediterranean_box_medium_basic_02_a.mesh,Assets/CK3Map/Data/Source/game/gfx/models/artifacts/containers/boxes/ep1_mediterranean_box_medium_basic_02_a.mesh,92314,2026-06-10T10:20:26.5040860Z
game/gfx/models/artifacts/containers/boxes/ep1_mediterranean_box_medium_basic_02_a_diffuse.dds,Assets/CK3Map/Data/Source/game/gfx/models/artifacts/containers/boxes/ep1_mediterranean_box_medium_basic_02_a_diffuse.dds,1398256,2026-06-10T10:17:26.1418475Z
game/gfx/models/artifacts/containers/boxes/ep1_mediterranean_box_medium_basic_02_a_normal.dds,Assets/CK3Map/Data/Source/game/gfx/models/artifacts/containers/boxes/ep1_mediterranean_box_medium_basic_02_a_normal.dds,1398256,2026-06-10T10:17:26.1418475Z
game/gfx/models/artifacts/containers/boxes/ep1_mediterranean_box_medium_basic_02_a_properties.dds,Assets/CK3Map/Data/Source/game/gfx/models/artifacts/containers/boxes/ep1_mediterranean_box_medium_basic_02_a_properties.dds,1398256,2026-06-10T10:17:26.1428834Z
game/gfx/models/artifacts/containers/boxes/ep1_mediterranean_box_medium_fancy_01_a.mesh,Assets/CK3Map/Data/Source/game/gfx/models/artifacts/containers/boxes/ep1_mediterranean_box_medium_fancy_01_a.mesh,249109,2026-06-10T10:20:26.5564118Z
game/gfx/models/artifacts/containers/boxes/ep1_mediterranean_box_medium_fancy_01_a_diffuse.dds,Assets/CK3Map/Data/Source/game/gfx/models/artifacts/containers/boxes/ep1_mediterranean_box_medium_fancy_01_a_diffuse.dds,174904,2026-06-10T10:19:52.5620917Z
game/gfx/models/artifacts/containers/boxes/ep1_mediterranean_box_medium_fancy_01_a_normal.dds,Assets/CK3Map/Data/Source/game/gfx/models/artifacts/containers/boxes/ep1_mediterranean_box_medium_fancy_01_a_normal.dds,349680,2026-06-10T10:17:26.1428834Z
game/gfx/models/artifacts/containers/boxes/ep1_mediterranean_box_medium_fancy_01_a_properties.dds,Assets/CK3Map/Data/Source/game/gfx/models/artifacts/containers/boxes/ep1_mediterranean_box_medium_fancy_01_a_properties.dds,349680,2026-06-10T10:17:26.1428834Z
game/gfx/models/artifacts/containers/boxes/ep1_mediterranean_box_medium_fancy_02_a.mesh,Assets/CK3Map/Data/Source/game/gfx/models/artifacts/containers/boxes/ep1_mediterranean_box_medium_fancy_02_a.mesh,230902,2026-06-10T10:19:52.5615767Z
game/gfx/models/artifacts/containers/boxes/ep1_mediterranean_box_medium_fancy_02_a_diffuse.dds,Assets/CK3Map/Data/Source/game/gfx/models/artifacts/containers/boxes/ep1_mediterranean_box_medium_fancy_02_a_diffuse.dds,1398256,2026-06-10T10:17:26.1428834Z
game/gfx/models/artifacts/containers/boxes/ep1_mediterranean_box_medium_fancy_02_a_normal.dds,Assets/CK3Map/Data/Source/game/gfx/models/artifacts/containers/boxes/ep1_mediterranean_box_medium_fancy_02_a_normal.dds,1398256,2026-06-10T10:17:26.1428834Z
game/gfx/models/artifacts/containers/boxes/ep1_mediterranean_box_medium_fancy_02_a_properties.dds,Assets/CK3Map/Data/Source/game/gfx/models/artifacts/containers/boxes/ep1_mediterranean_box_medium_fancy_02_a_properties.dds,1398256,2026-06-10T10:17:26.1428834Z
game/gfx/models/artifacts/containers/boxes/ep1_mediterranean_box_reliquary_01_a.mesh,Assets/CK3Map/Data/Source/game/gfx/models/artifacts/containers/boxes/ep1_mediterranean_box_reliquary_01_a.mesh,197158,2026-06-10T10:19:52.5610633Z
game/gfx/models/artifacts/containers/boxes/ep1_mediterranean_box_reliquary_01_a_diffuse.dds,Assets/CK3Map/Data/Source/game/gfx/models/artifacts/containers/boxes/ep1_mediterranean_box_reliquary_01_a_diffuse.dds,1398256,2026-06-10T10:17:26.1443960Z
game/gfx/models/artifacts/containers/boxes/ep1_mediterranean_box_reliquary_01_a_normal.dds,Assets/CK3Map/Data/Source/game/gfx/models/artifacts/containers/boxes/ep1_mediterranean_box_reliquary_01_a_normal.dds,1398256,2026-06-10T10:17:26.1443960Z
game/gfx/models/artifacts/containers/boxes/ep1_mediterranean_box_reliquary_01_a_properties.dds,Assets/CK3Map/Data/Source/game/gfx/models/artifacts/containers/boxes/ep1_mediterranean_box_reliquary_01_a_properties.dds,1398256,2026-06-10T10:17:26.1443960Z
game/gfx/models/artifacts/containers/boxes/ep1_mediterranean_box_reliquary_02_a.mesh,Assets/CK3Map/Data/Source/game/gfx/models/artifacts/containers/boxes/ep1_mediterranean_box_reliquary_02_a.mesh,132718,2026-06-10T10:19:36.8782075Z
game/gfx/models/artifacts/containers/boxes/ep1_mediterranean_box_reliquary_02_a_diffuse.dds,Assets/CK3Map/Data/Source/game/gfx/models/artifacts/containers/boxes/ep1_mediterranean_box_reliquary_02_a_diffuse.dds,349680,2026-06-10T10:17:26.1443960Z
game/gfx/models/artifacts/containers/boxes/ep1_mediterranean_box_reliquary_02_a_normal.dds,Assets/CK3Map/Data/Source/game/gfx/models/artifacts/containers/boxes/ep1_mediterranean_box_reliquary_02_a_normal.dds,349680,2026-06-10T10:17:26.1443960Z
game/gfx/models/artifacts/containers/boxes/ep1_mediterranean_box_reliquary_02_a_properties.dds,Assets/CK3Map/Data/Source/game/gfx/models/artifacts/containers/boxes/ep1_mediterranean_box_reliquary_02_a_properties.dds,349680,2026-06-10T10:17:26.1454132Z
game/gfx/models/artifacts/containers/boxes/ep1_mediterranean_box_small_basic_01_a.mesh,Assets/CK3Map/Data/Source/game/gfx/models/artifacts/containers/boxes/ep1_mediterranean_box_small_basic_01_a.mesh,78475,2026-06-10T10:19:52.5605439Z
game/gfx/models/artifacts/containers/boxes/ep1_mediterranean_box_small_basic_01_a_diffuse.dds,Assets/CK3Map/Data/Source/game/gfx/models/artifacts/containers/boxes/ep1_mediterranean_box_small_basic_01_a_diffuse.dds,349680,2026-06-10T10:17:26.1454132Z
game/gfx/models/artifacts/containers/boxes/ep1_mediterranean_box_small_basic_01_a_normal.dds,Assets/CK3Map/Data/Source/game/gfx/models/artifacts/containers/boxes/ep1_mediterranean_box_small_basic_01_a_normal.dds,349680,2026-06-10T10:17:26.1454132Z
game/gfx/models/artifacts/containers/boxes/ep1_mediterranean_box_small_basic_01_a_properties.dds,Assets/CK3Map/Data/Source/game/gfx/models/artifacts/containers/boxes/ep1_mediterranean_box_small_basic_01_a_properties.dds,349680,2026-06-10T10:17:26.1454132Z
game/gfx/models/artifacts/containers/boxes/ep1_mediterranean_box_small_basic_02_a.mesh,Assets/CK3Map/Data/Source/game/gfx/models/artifacts/containers/boxes/ep1_mediterranean_box_small_basic_02_a.mesh,39205,2026-06-10T10:20:15.5795553Z
game/gfx/models/artifacts/containers/boxes/ep1_mediterranean_box_small_basic_02_a_diffuse.dds,Assets/CK3Map/Data/Source/game/gfx/models/artifacts/containers/boxes/ep1_mediterranean_box_small_basic_02_a_diffuse.dds,349680,2026-06-10T10:17:26.1454132Z
game/gfx/models/artifacts/containers/boxes/ep1_mediterranean_box_small_basic_02_a_normal.dds,Assets/CK3Map/Data/Source/game/gfx/models/artifacts/containers/boxes/ep1_mediterranean_box_small_basic_02_a_normal.dds,349680,2026-06-10T10:17:26.1469630Z
game/gfx/models/artifacts/containers/boxes/ep1_mediterranean_box_small_basic_02_a_properties.dds,Assets/CK3Map/Data/Source/game/gfx/models/artifacts/containers/boxes/ep1_mediterranean_box_small_basic_02_a_properties.dds,349680,2026-06-10T10:17:26.1469630Z
game/gfx/models/artifacts/containers/boxes/ep1_mediterranean_box_small_fancy_01_a.mesh,Assets/CK3Map/Data/Source/game/gfx/models/artifacts/containers/boxes/ep1_mediterranean_box_small_fancy_01_a.mesh,164902,2026-06-10T10:19:40.7086963Z
game/gfx/models/artifacts/containers/boxes/ep1_mediterranean_box_small_fancy_01_a_diffuse.dds,Assets/CK3Map/Data/Source/game/gfx/models/artifacts/containers/boxes/ep1_mediterranean_box_small_fancy_01_a_diffuse.dds,349680,2026-06-10T10:17:26.1469630Z
game/gfx/models/artifacts/containers/boxes/ep1_mediterranean_box_small_fancy_01_a_normal.dds,Assets/CK3Map/Data/Source/game/gfx/models/artifacts/containers/boxes/ep1_mediterranean_box_small_fancy_01_a_normal.dds,349680,2026-06-10T10:17:26.1469630Z
game/gfx/models/artifacts/containers/boxes/ep1_mediterranean_box_small_fancy_01_a_properties.dds,Assets/CK3Map/Data/Source/game/gfx/models/artifacts/containers/boxes/ep1_mediterranean_box_small_fancy_01_a_properties.dds,349680,2026-06-10T10:17:26.1469630Z
game/gfx/models/artifacts/containers/boxes/ep1_mediterranean_box_small_fancy_02_a.mesh,Assets/CK3Map/Data/Source/game/gfx/models/artifacts/containers/boxes/ep1_mediterranean_box_small_fancy_02_a.mesh,164050,2026-06-10T10:19:43.3164625Z
game/gfx/models/artifacts/containers/boxes/ep1_mediterranean_box_small_fancy_02_a_diffuse.dds,Assets/CK3Map/Data/Source/game/gfx/models/artifacts/containers/boxes/ep1_mediterranean_box_small_fancy_02_a_diffuse.dds,349680,2026-06-10T10:17:26.1483536Z
game/gfx/models/artifacts/containers/boxes/ep1_mediterranean_box_small_fancy_02_a_normal.dds,Assets/CK3Map/Data/Source/game/gfx/models/artifacts/containers/boxes/ep1_mediterranean_box_small_fancy_02_a_normal.dds,349680,2026-06-10T10:17:26.1483536Z
game/gfx/models/artifacts/containers/boxes/ep1_mediterranean_box_small_fancy_02_a_properties.dds,Assets/CK3Map/Data/Source/game/gfx/models/artifacts/containers/boxes/ep1_mediterranean_box_small_fancy_02_a_properties.dds,349680,2026-06-10T10:17:26.1483536Z
game/gfx/models/artifacts/containers/boxes/ep1_mediterranean_chest_fancy_01_a.mesh,Assets/CK3Map/Data/Source/game/gfx/models/artifacts/containers/boxes/ep1_mediterranean_chest_fancy_01_a.mesh,179098,2026-06-10T10:19:37.3708988Z
game/gfx/models/artifacts/containers/boxes/ep1_mediterranean_chest_fancy_01_a_diffuse.dds,Assets/CK3Map/Data/Source/game/gfx/models/artifacts/containers/boxes/ep1_mediterranean_chest_fancy_01_a_diffuse.dds,1398256,2026-06-10T10:17:26.1483536Z
game/gfx/models/artifacts/containers/boxes/ep1_mediterranean_chest_fancy_01_a_normal.dds,Assets/CK3Map/Data/Source/game/gfx/models/artifacts/containers/boxes/ep1_mediterranean_chest_fancy_01_a_normal.dds,1398256,2026-06-10T10:17:26.1483536Z
game/gfx/models/artifacts/containers/boxes/ep1_mediterranean_chest_fancy_01_a_properties.dds,Assets/CK3Map/Data/Source/game/gfx/models/artifacts/containers/boxes/ep1_mediterranean_chest_fancy_01_a_properties.dds,1398256,2026-06-10T10:17:26.1483536Z
game/gfx/models/artifacts/containers/boxes/ep1_mediterranean_chest_fancy_01_b_diffuse.dds,Assets/CK3Map/Data/Source/game/gfx/models/artifacts/containers/boxes/ep1_mediterranean_chest_fancy_01_b_diffuse.dds,1398256,2026-06-10T10:17:26.1493656Z
game/gfx/models/artifacts/containers/boxes/ep1_mediterranean_chest_fancy_01_b_normal.dds,Assets/CK3Map/Data/Source/game/gfx/models/artifacts/containers/boxes/ep1_mediterranean_chest_fancy_01_b_normal.dds,1398256,2026-06-10T10:17:26.1493656Z
game/gfx/models/artifacts/containers/boxes/ep1_mediterranean_chest_fancy_01_b_properties.dds,Assets/CK3Map/Data/Source/game/gfx/models/artifacts/containers/boxes/ep1_mediterranean_chest_fancy_01_b_properties.dds,1398256,2026-06-10T10:17:26.1493656Z
game/gfx/models/artifacts/containers/boxes/ep1_mena_box_medium_basic_01_a.mesh,Assets/CK3Map/Data/Source/game/gfx/models/artifacts/containers/boxes/ep1_mena_box_medium_basic_01_a.mesh,116398,2026-06-10T10:19:40.7086963Z
game/gfx/models/artifacts/containers/boxes/ep1_mena_box_medium_basic_01_a_diffuse.dds,Assets/CK3Map/Data/Source/game/gfx/models/artifacts/containers/boxes/ep1_mena_box_medium_basic_01_a_diffuse.dds,1398256,2026-06-10T10:17:26.1493656Z
game/gfx/models/artifacts/containers/boxes/ep1_mena_box_medium_basic_01_a_normal.dds,Assets/CK3Map/Data/Source/game/gfx/models/artifacts/containers/boxes/ep1_mena_box_medium_basic_01_a_normal.dds,1398256,2026-06-10T10:17:26.1493656Z
game/gfx/models/artifacts/containers/boxes/ep1_mena_box_medium_basic_01_a_properties.dds,Assets/CK3Map/Data/Source/game/gfx/models/artifacts/containers/boxes/ep1_mena_box_medium_basic_01_a_properties.dds,1398256,2026-06-10T10:17:26.1493656Z
game/gfx/models/artifacts/containers/boxes/ep1_mena_box_medium_basic_02_a.mesh,Assets/CK3Map/Data/Source/game/gfx/models/artifacts/containers/boxes/ep1_mena_box_medium_basic_02_a.mesh,264310,2026-06-10T10:17:26.1503786Z
game/gfx/models/artifacts/containers/boxes/ep1_mena_box_medium_basic_02_a_diffuse.dds,Assets/CK3Map/Data/Source/game/gfx/models/artifacts/containers/boxes/ep1_mena_box_medium_basic_02_a_diffuse.dds,1398256,2026-06-10T10:17:26.1503786Z
game/gfx/models/artifacts/containers/boxes/ep1_mena_box_medium_basic_02_a_normal.dds,Assets/CK3Map/Data/Source/game/gfx/models/artifacts/containers/boxes/ep1_mena_box_medium_basic_02_a_normal.dds,1398256,2026-06-10T10:17:26.1503786Z
game/gfx/models/artifacts/containers/boxes/ep1_mena_box_medium_basic_02_a_properties.dds,Assets/CK3Map/Data/Source/game/gfx/models/artifacts/containers/boxes/ep1_mena_box_medium_basic_02_a_properties.dds,1398256,2026-06-10T10:17:26.1503786Z
game/gfx/models/artifacts/containers/boxes/ep1_mena_box_medium_fancy_01_a.mesh,Assets/CK3Map/Data/Source/game/gfx/models/artifacts/containers/boxes/ep1_mena_box_medium_fancy_01_a.mesh,305383,2026-06-10T10:17:26.1503786Z
game/gfx/models/artifacts/containers/boxes/ep1_mena_box_medium_fancy_01_a_diffuse.dds,Assets/CK3Map/Data/Source/game/gfx/models/artifacts/containers/boxes/ep1_mena_box_medium_fancy_01_a_diffuse.dds,1398256,2026-06-10T10:17:26.1516187Z
game/gfx/models/artifacts/containers/boxes/ep1_mena_box_medium_fancy_01_a_normal.dds,Assets/CK3Map/Data/Source/game/gfx/models/artifacts/containers/boxes/ep1_mena_box_medium_fancy_01_a_normal.dds,1398256,2026-06-10T10:17:26.1521343Z
game/gfx/models/artifacts/containers/boxes/ep1_mena_box_medium_fancy_01_a_properties.dds,Assets/CK3Map/Data/Source/game/gfx/models/artifacts/containers/boxes/ep1_mena_box_medium_fancy_01_a_properties.dds,1398256,2026-06-10T10:17:26.1521343Z
game/gfx/models/artifacts/containers/boxes/ep1_mena_box_medium_fancy_02_a.mesh,Assets/CK3Map/Data/Source/game/gfx/models/artifacts/containers/boxes/ep1_mena_box_medium_fancy_02_a.mesh,151711,2026-06-10T10:20:26.6110482Z
game/gfx/models/artifacts/containers/boxes/ep1_mena_box_medium_fancy_02_a_diffuse.dds,Assets/CK3Map/Data/Source/game/gfx/models/artifacts/containers/boxes/ep1_mena_box_medium_fancy_02_a_diffuse.dds,1398256,2026-06-10T10:17:26.1521343Z
game/gfx/models/artifacts/containers/boxes/ep1_mena_box_medium_fancy_02_a_normal.dds,Assets/CK3Map/Data/Source/game/gfx/models/artifacts/containers/boxes/ep1_mena_box_medium_fancy_02_a_normal.dds,1398256,2026-06-10T10:17:26.1526742Z
game/gfx/models/artifacts/containers/boxes/ep1_mena_box_medium_fancy_02_a_properties.dds,Assets/CK3Map/Data/Source/game/gfx/models/artifacts/containers/boxes/ep1_mena_box_medium_fancy_02_a_properties.dds,1398256,2026-06-10T10:17:26.1526742Z
game/gfx/models/artifacts/containers/boxes/ep1_mena_box_reliquary_01_a.mesh,Assets/CK3Map/Data/Source/game/gfx/models/artifacts/containers/boxes/ep1_mena_box_reliquary_01_a.mesh,137650,2026-06-10T10:20:18.5797452Z
game/gfx/models/artifacts/containers/boxes/ep1_mena_box_reliquary_01_a_diffuse.dds,Assets/CK3Map/Data/Source/game/gfx/models/artifacts/containers/boxes/ep1_mena_box_reliquary_01_a_diffuse.dds,349680,2026-06-10T10:17:26.1526742Z
game/gfx/models/artifacts/containers/boxes/ep1_mena_box_reliquary_01_a_normal.dds,Assets/CK3Map/Data/Source/game/gfx/models/artifacts/containers/boxes/ep1_mena_box_reliquary_01_a_normal.dds,349680,2026-06-10T10:17:26.1526742Z
game/gfx/models/artifacts/containers/boxes/ep1_mena_box_reliquary_01_a_properties.dds,Assets/CK3Map/Data/Source/game/gfx/models/artifacts/containers/boxes/ep1_mena_box_reliquary_01_a_properties.dds,349680,2026-06-10T10:17:26.1531843Z
game/gfx/models/artifacts/containers/boxes/ep1_mena_box_reliquary_02_a.mesh,Assets/CK3Map/Data/Source/game/gfx/models/artifacts/containers/boxes/ep1_mena_box_reliquary_02_a.mesh,78826,2026-06-10T10:19:37.1241218Z
game/gfx/models/artifacts/containers/boxes/ep1_mena_box_reliquary_02_a_diffuse.dds,Assets/CK3Map/Data/Source/game/gfx/models/artifacts/containers/boxes/ep1_mena_box_reliquary_02_a_diffuse.dds,1398256,2026-06-10T10:17:26.1531843Z
game/gfx/models/artifacts/containers/boxes/ep1_mena_box_reliquary_02_a_normal.dds,Assets/CK3Map/Data/Source/game/gfx/models/artifacts/containers/boxes/ep1_mena_box_reliquary_02_a_normal.dds,1398256,2026-06-10T10:17:26.1531843Z
game/gfx/models/artifacts/containers/boxes/ep1_mena_box_reliquary_02_a_properties.dds,Assets/CK3Map/Data/Source/game/gfx/models/artifacts/containers/boxes/ep1_mena_box_reliquary_02_a_properties.dds,1398256,2026-06-10T10:17:26.1531843Z
game/gfx/models/artifacts/containers/boxes/ep1_mena_box_small_basic_01_a.mesh,Assets/CK3Map/Data/Source/game/gfx/models/artifacts/containers/boxes/ep1_mena_box_small_basic_01_a.mesh,74818,2026-06-10T10:19:41.3067666Z
game/gfx/models/artifacts/containers/boxes/ep1_mena_box_small_basic_01_a_diffuse.dds,Assets/CK3Map/Data/Source/game/gfx/models/artifacts/containers/boxes/ep1_mena_box_small_basic_01_a_diffuse.dds,349680,2026-06-10T10:17:26.1536971Z
game/gfx/models/artifacts/containers/boxes/ep1_mena_box_small_basic_01_a_normal.dds,Assets/CK3Map/Data/Source/game/gfx/models/artifacts/containers/boxes/ep1_mena_box_small_basic_01_a_normal.dds,349680,2026-06-10T10:17:26.1536971Z
game/gfx/models/artifacts/containers/boxes/ep1_mena_box_small_basic_01_a_properties.dds,Assets/CK3Map/Data/Source/game/gfx/models/artifacts/containers/boxes/ep1_mena_box_small_basic_01_a_properties.dds,349680,2026-06-10T10:17:26.1536971Z
game/gfx/models/artifacts/containers/boxes/ep1_mena_box_small_basic_02_a.mesh,Assets/CK3Map/Data/Source/game/gfx/models/artifacts/containers/boxes/ep1_mena_box_small_basic_02_a.mesh,139078,2026-06-10T10:20:03.6497880Z
game/gfx/models/artifacts/containers/boxes/ep1_mena_box_small_basic_02_a_diffuse.dds,Assets/CK3Map/Data/Source/game/gfx/models/artifacts/containers/boxes/ep1_mena_box_small_basic_02_a_diffuse.dds,349680,2026-06-10T10:17:26.1536971Z
game/gfx/models/artifacts/containers/boxes/ep1_mena_box_small_basic_02_a_normal.dds,Assets/CK3Map/Data/Source/game/gfx/models/artifacts/containers/boxes/ep1_mena_box_small_basic_02_a_normal.dds,349680,2026-06-10T10:17:26.1536971Z
game/gfx/models/artifacts/containers/boxes/ep1_mena_box_small_basic_02_a_properties.dds,Assets/CK3Map/Data/Source/game/gfx/models/artifacts/containers/boxes/ep1_mena_box_small_basic_02_a_properties.dds,349680,2026-06-10T10:17:26.1536971Z
game/gfx/models/artifacts/containers/boxes/ep1_mena_box_small_fancy_01_a.mesh,Assets/CK3Map/Data/Source/game/gfx/models/artifacts/containers/boxes/ep1_mena_box_small_fancy_01_a.mesh,131998,2026-06-10T10:20:03.6518048Z
game/gfx/models/artifacts/containers/boxes/ep1_mena_box_small_fancy_01_a_diffuse.dds,Assets/CK3Map/Data/Source/game/gfx/models/artifacts/containers/boxes/ep1_mena_box_small_fancy_01_a_diffuse.dds,349680,2026-06-10T10:17:26.1547098Z
game/gfx/models/artifacts/containers/boxes/ep1_mena_box_small_fancy_01_a_normal.dds,Assets/CK3Map/Data/Source/game/gfx/models/artifacts/containers/boxes/ep1_mena_box_small_fancy_01_a_normal.dds,349680,2026-06-10T10:17:26.1547098Z
game/gfx/models/artifacts/containers/boxes/ep1_mena_box_small_fancy_01_a_properties.dds,Assets/CK3Map/Data/Source/game/gfx/models/artifacts/containers/boxes/ep1_mena_box_small_fancy_01_a_properties.dds,349680,2026-06-10T10:17:26.1547098Z
game/gfx/models/artifacts/containers/boxes/ep1_mena_box_small_fancy_02_a.mesh,Assets/CK3Map/Data/Source/game/gfx/models/artifacts/containers/boxes/ep1_mena_box_small_fancy_02_a.mesh,108706,2026-06-10T10:19:20.3555107Z
game/gfx/models/artifacts/containers/boxes/ep1_mena_box_small_fancy_02_a_diffuse.dds,Assets/CK3Map/Data/Source/game/gfx/models/artifacts/containers/boxes/ep1_mena_box_small_fancy_02_a_diffuse.dds,349680,2026-06-10T10:17:26.1547098Z
game/gfx/models/artifacts/containers/boxes/ep1_mena_box_small_fancy_02_a_normal.dds,Assets/CK3Map/Data/Source/game/gfx/models/artifacts/containers/boxes/ep1_mena_box_small_fancy_02_a_normal.dds,349680,2026-06-10T10:17:26.1547098Z
game/gfx/models/artifacts/containers/boxes/ep1_mena_box_small_fancy_02_a_properties.dds,Assets/CK3Map/Data/Source/game/gfx/models/artifacts/containers/boxes/ep1_mena_box_small_fancy_02_a_properties.dds,349680,2026-06-10T10:17:26.1557249Z
game/gfx/models/artifacts/containers/boxes/ep1_mena_chest_fancy_01_a.mesh,Assets/CK3Map/Data/Source/game/gfx/models/artifacts/containers/boxes/ep1_mena_chest_fancy_01_a.mesh,300874,2026-06-10T10:17:26.1557249Z
game/gfx/models/artifacts/containers/boxes/ep1_mena_chest_fancy_01_a_diffuse.dds,Assets/CK3Map/Data/Source/game/gfx/models/artifacts/containers/boxes/ep1_mena_chest_fancy_01_a_diffuse.dds,1398256,2026-06-10T10:17:26.1557249Z
game/gfx/models/artifacts/containers/boxes/ep1_mena_chest_fancy_01_a_normal.dds,Assets/CK3Map/Data/Source/game/gfx/models/artifacts/containers/boxes/ep1_mena_chest_fancy_01_a_normal.dds,1398256,2026-06-10T10:17:26.1557249Z
game/gfx/models/artifacts/containers/boxes/ep1_mena_chest_fancy_01_a_properties.dds,Assets/CK3Map/Data/Source/game/gfx/models/artifacts/containers/boxes/ep1_mena_chest_fancy_01_a_properties.dds,1398256,2026-06-10T10:17:26.1557249Z
game/gfx/models/artifacts/containers/boxes/ep1_mena_chest_fancy_01_b_diffuse.dds,Assets/CK3Map/Data/Source/game/gfx/models/artifacts/containers/boxes/ep1_mena_chest_fancy_01_b_diffuse.dds,1398256,2026-06-10T10:17:26.1557249Z
game/gfx/models/artifacts/containers/boxes/ep1_western_box_medium_basic_01_a.mesh,Assets/CK3Map/Data/Source/game/gfx/models/artifacts/containers/boxes/ep1_western_box_medium_basic_01_a.mesh,105037,2026-06-10T10:20:11.3503340Z
game/gfx/models/artifacts/containers/boxes/ep1_western_box_medium_basic_01_a_diffuse.dds,Assets/CK3Map/Data/Source/game/gfx/models/artifacts/containers/boxes/ep1_western_box_medium_basic_01_a_diffuse.dds,174904,2026-06-10T10:19:44.6636242Z
game/gfx/models/artifacts/containers/boxes/ep1_western_box_medium_basic_01_a_normal.dds,Assets/CK3Map/Data/Source/game/gfx/models/artifacts/containers/boxes/ep1_western_box_medium_basic_01_a_normal.dds,349680,2026-06-10T10:17:26.1557249Z
game/gfx/models/artifacts/containers/boxes/ep1_western_box_medium_basic_01_a_properties.dds,Assets/CK3Map/Data/Source/game/gfx/models/artifacts/containers/boxes/ep1_western_box_medium_basic_01_a_properties.dds,349680,2026-06-10T10:17:26.1557249Z
game/gfx/models/artifacts/containers/boxes/ep1_western_box_medium_basic_02_a.mesh,Assets/CK3Map/Data/Source/game/gfx/models/artifacts/containers/boxes/ep1_western_box_medium_basic_02_a.mesh,96479,2026-06-10T10:20:27.5953404Z
game/gfx/models/artifacts/containers/boxes/ep1_western_box_medium_basic_02_a_diffuse.dds,Assets/CK3Map/Data/Source/game/gfx/models/artifacts/containers/boxes/ep1_western_box_medium_basic_02_a_diffuse.dds,174904,2026-06-10T10:19:44.6636242Z
game/gfx/models/artifacts/containers/boxes/ep1_western_box_medium_basic_02_a_normal.dds,Assets/CK3Map/Data/Source/game/gfx/models/artifacts/containers/boxes/ep1_western_box_medium_basic_02_a_normal.dds,349680,2026-06-10T10:17:26.1557249Z
game/gfx/models/artifacts/containers/boxes/ep1_western_box_medium_basic_02_a_properties.dds,Assets/CK3Map/Data/Source/game/gfx/models/artifacts/containers/boxes/ep1_western_box_medium_basic_02_a_properties.dds,349680,2026-06-10T10:17:26.1572433Z
game/gfx/models/artifacts/containers/boxes/ep1_western_box_medium_fancy_01_a.mesh,Assets/CK3Map/Data/Source/game/gfx/models/artifacts/containers/boxes/ep1_western_box_medium_fancy_01_a.mesh,179269,2026-06-10T10:20:03.6997037Z
game/gfx/models/artifacts/containers/boxes/ep1_western_box_medium_fancy_01_a_diffuse.dds,Assets/CK3Map/Data/Source/game/gfx/models/artifacts/containers/boxes/ep1_western_box_medium_fancy_01_a_diffuse.dds,174904,2026-06-10T10:20:05.3473532Z
game/gfx/models/artifacts/containers/boxes/ep1_western_box_medium_fancy_01_a_normal.dds,Assets/CK3Map/Data/Source/game/gfx/models/artifacts/containers/boxes/ep1_western_box_medium_fancy_01_a_normal.dds,349680,2026-06-10T10:17:26.1572433Z
game/gfx/models/artifacts/containers/boxes/ep1_western_box_medium_fancy_01_a_properties.dds,Assets/CK3Map/Data/Source/game/gfx/models/artifacts/containers/boxes/ep1_western_box_medium_fancy_01_a_properties.dds,349680,2026-06-10T10:17:26.1572433Z
game/gfx/models/artifacts/containers/boxes/ep1_western_box_medium_fancy_02_a.mesh,Assets/CK3Map/Data/Source/game/gfx/models/artifacts/containers/boxes/ep1_western_box_medium_fancy_02_a.mesh,186226,2026-06-10T10:19:20.4180120Z
game/gfx/models/artifacts/containers/boxes/ep1_western_box_medium_fancy_02_a_diffuse.dds,Assets/CK3Map/Data/Source/game/gfx/models/artifacts/containers/boxes/ep1_western_box_medium_fancy_02_a_diffuse.dds,1398256,2026-06-10T10:17:26.1572433Z
game/gfx/models/artifacts/containers/boxes/ep1_western_box_medium_fancy_02_a_normal.dds,Assets/CK3Map/Data/Source/game/gfx/models/artifacts/containers/boxes/ep1_western_box_medium_fancy_02_a_normal.dds,1398256,2026-06-10T10:17:26.1572433Z
game/gfx/models/artifacts/containers/boxes/ep1_western_box_medium_fancy_02_a_properties.dds,Assets/CK3Map/Data/Source/game/gfx/models/artifacts/containers/boxes/ep1_western_box_medium_fancy_02_a_properties.dds,1398256,2026-06-10T10:17:26.1572433Z
game/gfx/models/artifacts/containers/boxes/ep1_western_box_reliquary_01_a.mesh,Assets/CK3Map/Data/Source/game/gfx/models/artifacts/containers/boxes/ep1_western_box_reliquary_01_a.mesh,149434,2026-06-10T10:20:05.3473532Z
game/gfx/models/artifacts/containers/boxes/ep1_western_box_reliquary_01_a_diffuse.dds,Assets/CK3Map/Data/Source/game/gfx/models/artifacts/containers/boxes/ep1_western_box_reliquary_01_a_diffuse.dds,1398256,2026-06-10T10:17:26.1582530Z
game/gfx/models/artifacts/containers/boxes/ep1_western_box_reliquary_01_a_normal.dds,Assets/CK3Map/Data/Source/game/gfx/models/artifacts/containers/boxes/ep1_western_box_reliquary_01_a_normal.dds,1398256,2026-06-10T10:17:26.1582530Z
game/gfx/models/artifacts/containers/boxes/ep1_western_box_reliquary_01_a_properties.dds,Assets/CK3Map/Data/Source/game/gfx/models/artifacts/containers/boxes/ep1_western_box_reliquary_01_a_properties.dds,1398256,2026-06-10T10:17:26.1582530Z
game/gfx/models/artifacts/containers/boxes/ep1_western_box_reliquary_02_a.mesh,Assets/CK3Map/Data/Source/game/gfx/models/artifacts/containers/boxes/ep1_western_box_reliquary_02_a.mesh,194302,2026-06-10T10:20:20.5038193Z
game/gfx/models/artifacts/containers/boxes/ep1_western_box_reliquary_02_a_diffuse.dds,Assets/CK3Map/Data/Source/game/gfx/models/artifacts/containers/boxes/ep1_western_box_reliquary_02_a_diffuse.dds,349680,2026-06-10T10:17:26.1587642Z
game/gfx/models/artifacts/containers/boxes/ep1_western_box_reliquary_02_a_normal.dds,Assets/CK3Map/Data/Source/game/gfx/models/artifacts/containers/boxes/ep1_western_box_reliquary_02_a_normal.dds,349680,2026-06-10T10:17:26.1587642Z
game/gfx/models/artifacts/containers/boxes/ep1_western_box_reliquary_02_a_properties.dds,Assets/CK3Map/Data/Source/game/gfx/models/artifacts/containers/boxes/ep1_western_box_reliquary_02_a_properties.dds,349680,2026-06-10T10:17:26.1587642Z
game/gfx/models/artifacts/containers/boxes/ep1_western_box_small_basic_01_a.mesh,Assets/CK3Map/Data/Source/game/gfx/models/artifacts/containers/boxes/ep1_western_box_small_basic_01_a.mesh,80145,2026-06-10T10:19:44.4162397Z
game/gfx/models/artifacts/containers/boxes/ep1_western_box_small_basic_01_a_diffuse.dds,Assets/CK3Map/Data/Source/game/gfx/models/artifacts/containers/boxes/ep1_western_box_small_basic_01_a_diffuse.dds,174904,2026-06-10T10:20:20.5142416Z
game/gfx/models/artifacts/containers/boxes/ep1_western_box_small_basic_01_a_normal.dds,Assets/CK3Map/Data/Source/game/gfx/models/artifacts/containers/boxes/ep1_western_box_small_basic_01_a_normal.dds,349680,2026-06-10T10:17:26.1587642Z
game/gfx/models/artifacts/containers/boxes/ep1_western_box_small_basic_01_a_properties.dds,Assets/CK3Map/Data/Source/game/gfx/models/artifacts/containers/boxes/ep1_western_box_small_basic_01_a_properties.dds,349680,2026-06-10T10:17:26.1587642Z
game/gfx/models/artifacts/containers/boxes/ep1_western_box_small_basic_02_a.mesh,Assets/CK3Map/Data/Source/game/gfx/models/artifacts/containers/boxes/ep1_western_box_small_basic_02_a.mesh,73521,2026-06-10T10:19:38.5750685Z
game/gfx/models/artifacts/containers/boxes/ep1_western_box_small_basic_02_a_diffuse.dds,Assets/CK3Map/Data/Source/game/gfx/models/artifacts/containers/boxes/ep1_western_box_small_basic_02_a_diffuse.dds,174904,2026-06-10T10:19:44.6631148Z
game/gfx/models/artifacts/containers/boxes/ep1_western_box_small_basic_02_a_normal.dds,Assets/CK3Map/Data/Source/game/gfx/models/artifacts/containers/boxes/ep1_western_box_small_basic_02_a_normal.dds,349680,2026-06-10T10:17:26.1587642Z
game/gfx/models/artifacts/containers/boxes/ep1_western_box_small_basic_02_a_properties.dds,Assets/CK3Map/Data/Source/game/gfx/models/artifacts/containers/boxes/ep1_western_box_small_basic_02_a_properties.dds,349680,2026-06-10T10:17:26.1587642Z
game/gfx/models/artifacts/containers/boxes/ep1_western_box_small_basic_02_b.mesh,Assets/CK3Map/Data/Source/game/gfx/models/artifacts/containers/boxes/ep1_western_box_small_basic_02_b.mesh,73521,2026-06-10T10:19:20.5322795Z
game/gfx/models/artifacts/containers/boxes/ep1_western_box_small_basic_02_b_diffuse.dds,Assets/CK3Map/Data/Source/game/gfx/models/artifacts/containers/boxes/ep1_western_box_small_basic_02_b_diffuse.dds,174904,2026-06-10T10:19:20.5322795Z
game/gfx/models/artifacts/containers/boxes/ep1_western_box_small_basic_02_b_normal.dds,Assets/CK3Map/Data/Source/game/gfx/models/artifacts/containers/boxes/ep1_western_box_small_basic_02_b_normal.dds,349680,2026-06-10T10:17:26.1587642Z
game/gfx/models/artifacts/containers/boxes/ep1_western_box_small_basic_02_b_properties.dds,Assets/CK3Map/Data/Source/game/gfx/models/artifacts/containers/boxes/ep1_western_box_small_basic_02_b_properties.dds,349680,2026-06-10T10:17:26.1587642Z
game/gfx/models/artifacts/containers/boxes/ep1_western_box_small_fancy_01_a.mesh,Assets/CK3Map/Data/Source/game/gfx/models/artifacts/containers/boxes/ep1_western_box_small_fancy_01_a.mesh,67735,2026-06-10T10:20:05.4026271Z
game/gfx/models/artifacts/containers/boxes/ep1_western_box_small_fancy_01_a_diffuse.dds,Assets/CK3Map/Data/Source/game/gfx/models/artifacts/containers/boxes/ep1_western_box_small_fancy_01_a_diffuse.dds,349680,2026-06-10T10:17:26.1602771Z
game/gfx/models/artifacts/containers/boxes/ep1_western_box_small_fancy_01_a_normal.dds,Assets/CK3Map/Data/Source/game/gfx/models/artifacts/containers/boxes/ep1_western_box_small_fancy_01_a_normal.dds,349680,2026-06-10T10:17:26.1602771Z
game/gfx/models/artifacts/containers/boxes/ep1_western_box_small_fancy_01_a_properties.dds,Assets/CK3Map/Data/Source/game/gfx/models/artifacts/containers/boxes/ep1_western_box_small_fancy_01_a_properties.dds,349680,2026-06-10T10:17:26.1602771Z
game/gfx/models/artifacts/containers/boxes/ep1_western_box_small_fancy_02_a.mesh,Assets/CK3Map/Data/Source/game/gfx/models/artifacts/containers/boxes/ep1_western_box_small_fancy_02_a.mesh,225250,2026-06-10T10:20:10.5916503Z
game/gfx/models/artifacts/containers/boxes/ep1_western_box_small_fancy_02_a_diffuse.dds,Assets/CK3Map/Data/Source/game/gfx/models/artifacts/containers/boxes/ep1_western_box_small_fancy_02_a_diffuse.dds,349680,2026-06-10T10:17:26.1602771Z
game/gfx/models/artifacts/containers/boxes/ep1_western_box_small_fancy_02_a_normal.dds,Assets/CK3Map/Data/Source/game/gfx/models/artifacts/containers/boxes/ep1_western_box_small_fancy_02_a_normal.dds,349680,2026-06-10T10:17:26.1602771Z
game/gfx/models/artifacts/containers/boxes/ep1_western_box_small_fancy_02_a_properties.dds,Assets/CK3Map/Data/Source/game/gfx/models/artifacts/containers/boxes/ep1_western_box_small_fancy_02_a_properties.dds,349680,2026-06-10T10:17:26.1612922Z
game/gfx/models/artifacts/containers/boxes/ep1_western_chest_fancy_01_a.mesh,Assets/CK3Map/Data/Source/game/gfx/models/artifacts/containers/boxes/ep1_western_chest_fancy_01_a.mesh,701305,2026-06-10T10:17:26.1612922Z
game/gfx/models/artifacts/containers/boxes/ep1_western_chest_fancy_01_a_diffuse.dds,Assets/CK3Map/Data/Source/game/gfx/models/artifacts/containers/boxes/ep1_western_chest_fancy_01_a_diffuse.dds,1398256,2026-06-10T10:17:26.1612922Z
game/gfx/models/artifacts/containers/boxes/ep1_western_chest_fancy_01_a_normal.dds,Assets/CK3Map/Data/Source/game/gfx/models/artifacts/containers/boxes/ep1_western_chest_fancy_01_a_normal.dds,1398256,2026-06-10T10:17:26.1612922Z
game/gfx/models/artifacts/containers/boxes/ep1_western_chest_fancy_01_a_properties.dds,Assets/CK3Map/Data/Source/game/gfx/models/artifacts/containers/boxes/ep1_western_chest_fancy_01_a_properties.dds,1398256,2026-06-10T10:17:26.1622951Z
game/gfx/models/artifacts/containers/boxes/ep1_western_chest_fancy_01_b_diffuse.dds,Assets/CK3Map/Data/Source/game/gfx/models/artifacts/containers/boxes/ep1_western_chest_fancy_01_b_diffuse.dds,1398256,2026-06-10T10:17:26.1628008Z
game/gfx/models/artifacts/containers/boxes/ep1_western_chest_fancy_01_b_normal.dds,Assets/CK3Map/Data/Source/game/gfx/models/artifacts/containers/boxes/ep1_western_chest_fancy_01_b_normal.dds,1398256,2026-06-10T10:17:26.1628008Z
game/gfx/models/artifacts/containers/boxes/ep1_western_chest_fancy_01_b_properties.dds,Assets/CK3Map/Data/Source/game/gfx/models/artifacts/containers/boxes/ep1_western_chest_fancy_01_b_properties.dds,1398256,2026-06-10T10:17:26.1628008Z
game/gfx/models/artifacts/containers/boxes/map_table_box.asset,Assets/CK3Map/Data/Source/game/gfx/models/artifacts/containers/boxes/map_table_box.asset,1469,2026-06-10T10:19:44.4168767Z
game/gfx/models/artifacts/fp2/chalice_diffuse.dds,Assets/CK3Map/Data/Source/game/gfx/models/artifacts/fp2/chalice_diffuse.dds,1398256,2026-06-10T10:17:26.2204887Z
game/gfx/models/artifacts/fp2/chalice_normal.dds,Assets/CK3Map/Data/Source/game/gfx/models/artifacts/fp2/chalice_normal.dds,1398256,2026-06-10T10:17:26.2204887Z
game/gfx/models/artifacts/fp2/chalice_properties.dds,Assets/CK3Map/Data/Source/game/gfx/models/artifacts/fp2/chalice_properties.dds,1398256,2026-06-10T10:17:26.2204887Z
game/gfx/models/artifacts/fp2/fp2_armillary_sphere_01_a.asset,Assets/CK3Map/Data/Source/game/gfx/models/artifacts/fp2/fp2_armillary_sphere_01_a.asset,1318,2026-06-10T10:19:36.8787309Z
game/gfx/models/artifacts/fp2/fp2_armillary_sphere_01_a.mesh,Assets/CK3Map/Data/Source/game/gfx/models/artifacts/fp2/fp2_armillary_sphere_01_a.mesh,2029222,2026-06-10T10:17:26.2204887Z
game/gfx/models/artifacts/fp2/fp2_armillary_sphere_01_a_diffuse.dds,Assets/CK3Map/Data/Source/game/gfx/models/artifacts/fp2/fp2_armillary_sphere_01_a_diffuse.dds,1398276,2026-06-10T10:17:26.2204887Z
game/gfx/models/artifacts/fp2/fp2_armillary_sphere_01_a_normal.dds,Assets/CK3Map/Data/Source/game/gfx/models/artifacts/fp2/fp2_armillary_sphere_01_a_normal.dds,5592580,2026-06-10T10:17:26.2220054Z
game/gfx/models/artifacts/fp2/fp2_armillary_sphere_01_a_properties.dds,Assets/CK3Map/Data/Source/game/gfx/models/artifacts/fp2/fp2_armillary_sphere_01_a_properties.dds,1398276,2026-06-10T10:17:26.2220054Z
game/gfx/models/artifacts/fp2/fp2_artifact_iberian_christian_sword_01_a.asset,Assets/CK3Map/Data/Source/game/gfx/models/artifacts/fp2/fp2_artifact_iberian_christian_sword_01_a.asset,2297,2026-06-10T10:20:08.6410579Z
game/gfx/models/artifacts/fp2/fp2_artifact_iberian_christian_sword_01_a.mesh,Assets/CK3Map/Data/Source/game/gfx/models/artifacts/fp2/fp2_artifact_iberian_christian_sword_01_a.mesh,358102,2026-06-10T10:17:26.2220054Z
game/gfx/models/artifacts/fp2/fp2_artifact_iberian_muslim_dagger_01_a.asset,Assets/CK3Map/Data/Source/game/gfx/models/artifacts/fp2/fp2_artifact_iberian_muslim_dagger_01_a.asset,2687,2026-06-10T10:19:49.2790840Z
game/gfx/models/artifacts/fp2/fp2_artifact_iberian_muslim_dagger_01_a.mesh,Assets/CK3Map/Data/Source/game/gfx/models/artifacts/fp2/fp2_artifact_iberian_muslim_dagger_01_a.mesh,393436,2026-06-10T10:17:26.2220054Z
game/gfx/models/artifacts/fp2/fp2_artifact_iberian_muslim_sword_01_a.asset,Assets/CK3Map/Data/Source/game/gfx/models/artifacts/fp2/fp2_artifact_iberian_muslim_sword_01_a.asset,2609,2026-06-10T10:19:54.6280905Z
game/gfx/models/artifacts/fp2/fp2_artifact_iberian_muslim_sword_01_a.mesh,Assets/CK3Map/Data/Source/game/gfx/models/artifacts/fp2/fp2_artifact_iberian_muslim_sword_01_a.mesh,384422,2026-06-10T10:17:26.2220054Z
game/gfx/models/artifacts/fp2/fp2_bell_of_santiago_01_a.asset,Assets/CK3Map/Data/Source/game/gfx/models/artifacts/fp2/fp2_bell_of_santiago_01_a.asset,1315,2026-06-10T10:20:33.2605062Z
game/gfx/models/artifacts/fp2/fp2_bell_of_santiago_01_a.mesh,Assets/CK3Map/Data/Source/game/gfx/models/artifacts/fp2/fp2_bell_of_santiago_01_a.mesh,483547,2026-06-10T10:17:26.2220054Z
game/gfx/models/artifacts/fp2/fp2_bell_of_santiago_01_a_diffuse.dds,Assets/CK3Map/Data/Source/game/gfx/models/artifacts/fp2/fp2_bell_of_santiago_01_a_diffuse.dds,5592560,2026-06-10T10:17:26.2230088Z
game/gfx/models/artifacts/fp2/fp2_bell_of_santiago_01_a_normal.dds,Assets/CK3Map/Data/Source/game/gfx/models/artifacts/fp2/fp2_bell_of_santiago_01_a_normal.dds,5592560,2026-06-10T10:17:26.2230088Z
game/gfx/models/artifacts/fp2/fp2_bell_of_santiago_01_a_properties.dds,Assets/CK3Map/Data/Source/game/gfx/models/artifacts/fp2/fp2_bell_of_santiago_01_a_properties.dds,5592560,2026-06-10T10:17:26.2238156Z
game/gfx/models/artifacts/fp2/fp2_chalice_of_dona_urraca_01_a1.asset,Assets/CK3Map/Data/Source/game/gfx/models/artifacts/fp2/fp2_chalice_of_dona_urraca_01_a1.asset,1148,2026-06-10T10:19:53.7104858Z
game/gfx/models/artifacts/fp2/fp2_chalice_of_dona_urraca_01_a1.mesh,Assets/CK3Map/Data/Source/game/gfx/models/artifacts/fp2/fp2_chalice_of_dona_urraca_01_a1.mesh,406333,2026-06-10T10:17:26.2243317Z
game/gfx/models/artifacts/fp2/fp2_chessboard_01_a.asset,Assets/CK3Map/Data/Source/game/gfx/models/artifacts/fp2/fp2_chessboard_01_a.asset,3112,2026-06-10T10:20:08.6416342Z
game/gfx/models/artifacts/fp2/fp2_chessboard_01_a.mesh,Assets/CK3Map/Data/Source/game/gfx/models/artifacts/fp2/fp2_chessboard_01_a.mesh,1345816,2026-06-10T10:17:26.2243317Z
game/gfx/models/artifacts/fp2/fp2_chessboard_01_a_diffuse.dds,Assets/CK3Map/Data/Source/game/gfx/models/artifacts/fp2/fp2_chessboard_01_a_diffuse.dds,1398256,2026-06-10T10:17:26.2248448Z
game/gfx/models/artifacts/fp2/fp2_chessboard_01_a_normal.dds,Assets/CK3Map/Data/Source/game/gfx/models/artifacts/fp2/fp2_chessboard_01_a_normal.dds,1398256,2026-06-10T10:17:26.2248448Z
game/gfx/models/artifacts/fp2/fp2_chessboard_01_a_properties.dds,Assets/CK3Map/Data/Source/game/gfx/models/artifacts/fp2/fp2_chessboard_01_a_properties.dds,1398256,2026-06-10T10:17:26.2248448Z
game/gfx/models/artifacts/fp2/fp2_chessboard_01_b.asset,Assets/CK3Map/Data/Source/game/gfx/models/artifacts/fp2/fp2_chessboard_01_b.asset,5002,2026-06-10T10:19:59.3893005Z
game/gfx/models/artifacts/fp2/fp2_chessboard_01_b.mesh,Assets/CK3Map/Data/Source/game/gfx/models/artifacts/fp2/fp2_chessboard_01_b.mesh,1644910,2026-06-10T10:17:26.2248448Z
game/gfx/models/artifacts/fp2/fp2_chessboard_01_b_diffuse.dds,Assets/CK3Map/Data/Source/game/gfx/models/artifacts/fp2/fp2_chessboard_01_b_diffuse.dds,1398256,2026-06-10T10:17:26.2253622Z
game/gfx/models/artifacts/fp2/fp2_chesspieces_01_a_diffuse.dds,Assets/CK3Map/Data/Source/game/gfx/models/artifacts/fp2/fp2_chesspieces_01_a_diffuse.dds,349680,2026-06-10T10:17:26.2253622Z
game/gfx/models/artifacts/fp2/fp2_chesspieces_01_a_normal.dds,Assets/CK3Map/Data/Source/game/gfx/models/artifacts/fp2/fp2_chesspieces_01_a_normal.dds,349680,2026-06-10T10:17:26.2253622Z
game/gfx/models/artifacts/fp2/fp2_chesspieces_01_a_properties.dds,Assets/CK3Map/Data/Source/game/gfx/models/artifacts/fp2/fp2_chesspieces_01_a_properties.dds,349680,2026-06-10T10:17:26.2258735Z
game/gfx/models/artifacts/fp2/fp2_chesspieces_01_b_diffuse.dds,Assets/CK3Map/Data/Source/game/gfx/models/artifacts/fp2/fp2_chesspieces_01_b_diffuse.dds,174904,2026-06-10T10:20:08.7003204Z
game/gfx/models/artifacts/fp2/fp2_chesspieces_01_c_diffuse.dds,Assets/CK3Map/Data/Source/game/gfx/models/artifacts/fp2/fp2_chesspieces_01_c_diffuse.dds,349680,2026-06-10T10:17:26.2263861Z
game/gfx/models/artifacts/fp2/fp2_chesspieces_01_d_diffuse.dds,Assets/CK3Map/Data/Source/game/gfx/models/artifacts/fp2/fp2_chesspieces_01_d_diffuse.dds,349680,2026-06-10T10:17:26.2263861Z
game/gfx/models/artifacts/fp2/fp2_chesspiece_rook_01_a.asset,Assets/CK3Map/Data/Source/game/gfx/models/artifacts/fp2/fp2_chesspiece_rook_01_a.asset,1433,2026-06-10T10:20:27.5971432Z
game/gfx/models/artifacts/fp2/fp2_chesspiece_rook_01_a.mesh,Assets/CK3Map/Data/Source/game/gfx/models/artifacts/fp2/fp2_chesspiece_rook_01_a.mesh,58960,2026-06-10T10:19:49.6152823Z
game/gfx/models/artifacts/fp2/fp2_iberian_fancy_throne_01_a.asset,Assets/CK3Map/Data/Source/game/gfx/models/artifacts/fp2/fp2_iberian_fancy_throne_01_a.asset,1566,2026-06-10T10:20:35.5476110Z
game/gfx/models/artifacts/fp2/fp2_iberian_fancy_throne_01_a.mesh,Assets/CK3Map/Data/Source/game/gfx/models/artifacts/fp2/fp2_iberian_fancy_throne_01_a.mesh,903187,2026-06-10T10:17:26.2269266Z
game/gfx/models/artifacts/fp2/fp2_iberian_fancy_throne_01_a_diffuse.dds,Assets/CK3Map/Data/Source/game/gfx/models/artifacts/fp2/fp2_iberian_fancy_throne_01_a_diffuse.dds,5592560,2026-06-10T10:17:26.2269266Z
game/gfx/models/artifacts/fp2/fp2_iberian_fancy_throne_01_a_normal.dds,Assets/CK3Map/Data/Source/game/gfx/models/artifacts/fp2/fp2_iberian_fancy_throne_01_a_normal.dds,5592560,2026-06-10T10:17:26.2269266Z
game/gfx/models/artifacts/fp2/fp2_iberian_fancy_throne_01_a_properties.dds,Assets/CK3Map/Data/Source/game/gfx/models/artifacts/fp2/fp2_iberian_fancy_throne_01_a_properties.dds,5592560,2026-06-10T10:17:26.2274467Z
game/gfx/models/artifacts/fp2/fp2_sword_of_tizona_01_a.asset,Assets/CK3Map/Data/Source/game/gfx/models/artifacts/fp2/fp2_sword_of_tizona_01_a.asset,2081,2026-06-10T10:19:59.5750910Z
game/gfx/models/artifacts/fp2/fp2_sword_of_tizona_01_a.mesh,Assets/CK3Map/Data/Source/game/gfx/models/artifacts/fp2/fp2_sword_of_tizona_01_a.mesh,942609,2026-06-10T10:17:26.2274467Z
game/gfx/models/artifacts/fp2/fp2_sword_of_tizona_01_a_diffuse.dds,Assets/CK3Map/Data/Source/game/gfx/models/artifacts/fp2/fp2_sword_of_tizona_01_a_diffuse.dds,1398256,2026-06-10T10:17:26.2279701Z
game/gfx/models/artifacts/fp2/fp2_sword_of_tizona_01_a_normal.dds,Assets/CK3Map/Data/Source/game/gfx/models/artifacts/fp2/fp2_sword_of_tizona_01_a_normal.dds,1398256,2026-06-10T10:17:26.2279701Z
game/gfx/models/artifacts/fp2/fp2_sword_of_tizona_01_a_properties.dds,Assets/CK3Map/Data/Source/game/gfx/models/artifacts/fp2/fp2_sword_of_tizona_01_a_properties.dds,1398256,2026-06-10T10:17:26.2284997Z
game/gfx/models/artifacts/fp2/fp2_ummayad_aquamanile_01_a.asset,Assets/CK3Map/Data/Source/game/gfx/models/artifacts/fp2/fp2_ummayad_aquamanile_01_a.asset,3665,2026-06-10T10:19:51.2865356Z
game/gfx/models/artifacts/fp2/fp2_ummayad_aquamanile_01_a.mesh,Assets/CK3Map/Data/Source/game/gfx/models/artifacts/fp2/fp2_ummayad_aquamanile_01_a.mesh,373058,2026-06-10T10:17:26.2284997Z
game/gfx/models/artifacts/fp2/fp2_ummayad_aquamanile_01_a_diffuse.dds,Assets/CK3Map/Data/Source/game/gfx/models/artifacts/fp2/fp2_ummayad_aquamanile_01_a_diffuse.dds,1398256,2026-06-10T10:17:26.2290086Z
game/gfx/models/artifacts/fp2/fp2_ummayad_aquamanile_01_a_normal.dds,Assets/CK3Map/Data/Source/game/gfx/models/artifacts/fp2/fp2_ummayad_aquamanile_01_a_normal.dds,1398256,2026-06-10T10:17:26.2290086Z
game/gfx/models/artifacts/fp2/fp2_ummayad_aquamanile_01_a_properties.dds,Assets/CK3Map/Data/Source/game/gfx/models/artifacts/fp2/fp2_ummayad_aquamanile_01_a_properties.dds,1398256,2026-06-10T10:17:26.2290086Z
game/gfx/models/artifacts/fp2/fp2_ummayad_aquamanile_01_b_diffuse.dds,Assets/CK3Map/Data/Source/game/gfx/models/artifacts/fp2/fp2_ummayad_aquamanile_01_b_diffuse.dds,1398256,2026-06-10T10:17:26.2295421Z
game/gfx/models/artifacts/fp2/fp2_ummayad_aquamanile_01_b_properties.dds,Assets/CK3Map/Data/Source/game/gfx/models/artifacts/fp2/fp2_ummayad_aquamanile_01_b_properties.dds,1398256,2026-06-10T10:17:26.2300505Z
game/gfx/models/artifacts/fp2/fp2_votive_crown_01_a.asset,Assets/CK3Map/Data/Source/game/gfx/models/artifacts/fp2/fp2_votive_crown_01_a.asset,2337,2026-06-10T10:20:38.5634098Z
game/gfx/models/artifacts/fp2/fp2_votive_crown_01_a.mesh,Assets/CK3Map/Data/Source/game/gfx/models/artifacts/fp2/fp2_votive_crown_01_a.mesh,2225761,2026-06-10T10:17:26.2300505Z
game/gfx/models/artifacts/fp2/fp2_votive_crown_01_a_diffuse.dds,Assets/CK3Map/Data/Source/game/gfx/models/artifacts/fp2/fp2_votive_crown_01_a_diffuse.dds,5592560,2026-06-10T10:17:26.2300505Z
game/gfx/models/artifacts/fp2/fp2_votive_crown_01_a_normal.dds,Assets/CK3Map/Data/Source/game/gfx/models/artifacts/fp2/fp2_votive_crown_01_a_normal.dds,5592560,2026-06-10T10:17:26.2305639Z
game/gfx/models/artifacts/fp2/fp2_votive_crown_01_a_properties.dds,Assets/CK3Map/Data/Source/game/gfx/models/artifacts/fp2/fp2_votive_crown_01_a_properties.dds,5592560,2026-06-10T10:17:26.2305639Z
game/gfx/models/artifacts/fp2/fp2_votive_crown_01_hanger_diffuse.dds,Assets/CK3Map/Data/Source/game/gfx/models/artifacts/fp2/fp2_votive_crown_01_hanger_diffuse.dds,1398256,2026-06-10T10:17:26.2305639Z
game/gfx/models/artifacts/fp2/fp2_votive_crown_01_hanger_normal.dds,Assets/CK3Map/Data/Source/game/gfx/models/artifacts/fp2/fp2_votive_crown_01_hanger_normal.dds,1398256,2026-06-10T10:17:26.2310729Z
game/gfx/models/artifacts/fp2/fp2_votive_crown_01_hanger_properties.dds,Assets/CK3Map/Data/Source/game/gfx/models/artifacts/fp2/fp2_votive_crown_01_hanger_properties.dds,1398256,2026-06-10T10:17:26.2315919Z
game/gfx/models/artifacts/misc/artifact_misc.asset,Assets/CK3Map/Data/Source/game/gfx/models/artifacts/misc/artifact_misc.asset,13227,2026-06-10T10:20:28.7243107Z
game/gfx/models/artifacts/misc/ep1_generic_back_frame_01_a.mesh,Assets/CK3Map/Data/Source/game/gfx/models/artifacts/misc/ep1_generic_back_frame_01_a.mesh,45418,2026-06-10T10:20:01.3958764Z
game/gfx/models/artifacts/misc/ep1_generic_back_frame_01_a_diffuse.dds,Assets/CK3Map/Data/Source/game/gfx/models/artifacts/misc/ep1_generic_back_frame_01_a_diffuse.dds,1398256,2026-06-10T10:17:26.2442995Z
game/gfx/models/artifacts/misc/ep1_generic_back_frame_01_a_normal.dds,Assets/CK3Map/Data/Source/game/gfx/models/artifacts/misc/ep1_generic_back_frame_01_a_normal.dds,1398256,2026-06-10T10:17:26.2442995Z
game/gfx/models/artifacts/misc/ep1_generic_back_frame_01_a_properties.dds,Assets/CK3Map/Data/Source/game/gfx/models/artifacts/misc/ep1_generic_back_frame_01_a_properties.dds,1398256,2026-06-10T10:17:26.2442995Z
game/gfx/models/artifacts/misc/ep1_generic_back_frame_02_a.mesh,Assets/CK3Map/Data/Source/game/gfx/models/artifacts/misc/ep1_generic_back_frame_02_a.mesh,55594,2026-06-10T10:19:58.7206588Z
game/gfx/models/artifacts/misc/ep1_generic_back_frame_02_a_diffuse.dds,Assets/CK3Map/Data/Source/game/gfx/models/artifacts/misc/ep1_generic_back_frame_02_a_diffuse.dds,349680,2026-06-10T10:17:26.2442995Z
game/gfx/models/artifacts/misc/ep1_generic_back_frame_02_a_normal.dds,Assets/CK3Map/Data/Source/game/gfx/models/artifacts/misc/ep1_generic_back_frame_02_a_normal.dds,349680,2026-06-10T10:17:26.2458129Z
game/gfx/models/artifacts/misc/ep1_generic_back_frame_02_a_properties.dds,Assets/CK3Map/Data/Source/game/gfx/models/artifacts/misc/ep1_generic_back_frame_02_a_properties.dds,349680,2026-06-10T10:17:26.2458129Z
game/gfx/models/artifacts/misc/ep1_generic_banner_01_a.mesh,Assets/CK3Map/Data/Source/game/gfx/models/artifacts/misc/ep1_generic_banner_01_a.mesh,2229,2026-06-10T10:21:18.2821830Z
game/gfx/models/artifacts/misc/ep1_generic_coa_banner_01_a.mesh,Assets/CK3Map/Data/Source/game/gfx/models/artifacts/misc/ep1_generic_coa_banner_01_a.mesh,2229,2026-06-10T10:21:18.2837424Z
game/gfx/models/artifacts/misc/ep1_generic_cross_01_a.mesh,Assets/CK3Map/Data/Source/game/gfx/models/artifacts/misc/ep1_generic_cross_01_a.mesh,129670,2026-06-10T10:19:47.5208138Z
game/gfx/models/artifacts/misc/ep1_generic_cross_01_a_diffuse.dds,Assets/CK3Map/Data/Source/game/gfx/models/artifacts/misc/ep1_generic_cross_01_a_diffuse.dds,349680,2026-06-10T10:17:26.2458129Z
game/gfx/models/artifacts/misc/ep1_generic_cross_01_a_normal.dds,Assets/CK3Map/Data/Source/game/gfx/models/artifacts/misc/ep1_generic_cross_01_a_normal.dds,349680,2026-06-10T10:17:26.2458129Z
game/gfx/models/artifacts/misc/ep1_generic_cross_01_a_properties.dds,Assets/CK3Map/Data/Source/game/gfx/models/artifacts/misc/ep1_generic_cross_01_a_properties.dds,349680,2026-06-10T10:17:26.2458129Z
game/gfx/models/artifacts/misc/ep1_generic_diamond_massive_01_a.mesh,Assets/CK3Map/Data/Source/game/gfx/models/artifacts/misc/ep1_generic_diamond_massive_01_a.mesh,16318,2026-06-10T10:20:28.7232316Z
game/gfx/models/artifacts/misc/ep1_generic_diamond_massive_01_a_diffuse.dds,Assets/CK3Map/Data/Source/game/gfx/models/artifacts/misc/ep1_generic_diamond_massive_01_a_diffuse.dds,349680,2026-06-10T10:17:26.2458129Z
game/gfx/models/artifacts/misc/ep1_generic_diamond_massive_01_a_normal.dds,Assets/CK3Map/Data/Source/game/gfx/models/artifacts/misc/ep1_generic_diamond_massive_01_a_normal.dds,349680,2026-06-10T10:17:26.2458129Z
game/gfx/models/artifacts/misc/ep1_generic_diamond_massive_01_a_properties.dds,Assets/CK3Map/Data/Source/game/gfx/models/artifacts/misc/ep1_generic_diamond_massive_01_a_properties.dds,349680,2026-06-10T10:17:26.2473302Z
game/gfx/models/artifacts/misc/ep1_generic_jewelry_01_a.mesh,Assets/CK3Map/Data/Source/game/gfx/models/artifacts/misc/ep1_generic_jewelry_01_a.mesh,203102,2026-06-10T10:20:47.7268010Z
game/gfx/models/artifacts/misc/ep1_generic_jewelry_01_a_diffuse.dds,Assets/CK3Map/Data/Source/game/gfx/models/artifacts/misc/ep1_generic_jewelry_01_a_diffuse.dds,1398256,2026-06-10T10:17:26.2473302Z
game/gfx/models/artifacts/misc/ep1_generic_jewelry_01_a_normal.dds,Assets/CK3Map/Data/Source/game/gfx/models/artifacts/misc/ep1_generic_jewelry_01_a_normal.dds,1398256,2026-06-10T10:17:26.2473302Z
game/gfx/models/artifacts/misc/ep1_generic_jewelry_01_a_properties.dds,Assets/CK3Map/Data/Source/game/gfx/models/artifacts/misc/ep1_generic_jewelry_01_a_properties.dds,1398256,2026-06-10T10:17:26.2473302Z
game/gfx/models/artifacts/misc/ep1_generic_rock_01_a.mesh,Assets/CK3Map/Data/Source/game/gfx/models/artifacts/misc/ep1_generic_rock_01_a.mesh,28003,2026-06-10T10:20:49.4811588Z
game/gfx/models/artifacts/misc/ep1_generic_rock_01_a_diffuse.dds,Assets/CK3Map/Data/Source/game/gfx/models/artifacts/misc/ep1_generic_rock_01_a_diffuse.dds,349680,2026-06-10T10:17:26.2473302Z
game/gfx/models/artifacts/misc/ep1_generic_rock_01_a_normal.dds,Assets/CK3Map/Data/Source/game/gfx/models/artifacts/misc/ep1_generic_rock_01_a_normal.dds,349680,2026-06-10T10:17:26.2483320Z
game/gfx/models/artifacts/misc/ep1_generic_rock_01_a_properties.dds,Assets/CK3Map/Data/Source/game/gfx/models/artifacts/misc/ep1_generic_rock_01_a_properties.dds,349680,2026-06-10T10:17:26.2483320Z
game/gfx/models/artifacts/misc/ep1_tool_artist.mesh,Assets/CK3Map/Data/Source/game/gfx/models/artifacts/misc/ep1_tool_artist.mesh,1624,2026-06-10T10:20:01.5071301Z
game/gfx/models/artifacts/misc/ep1_tool_physician.mesh,Assets/CK3Map/Data/Source/game/gfx/models/artifacts/misc/ep1_tool_physician.mesh,1624,2026-06-10T10:20:01.5071301Z
game/gfx/models/artifacts/misc/ep1_tool_quill.mesh,Assets/CK3Map/Data/Source/game/gfx/models/artifacts/misc/ep1_tool_quill.mesh,107392,2026-06-10T10:20:49.5403724Z
game/gfx/models/artifacts/misc/ep1_tool_quill_diffuse.dds,Assets/CK3Map/Data/Source/game/gfx/models/artifacts/misc/ep1_tool_quill_diffuse.dds,349680,2026-06-10T10:17:26.2483320Z
game/gfx/models/artifacts/misc/ep1_tool_quill_normal.dds,Assets/CK3Map/Data/Source/game/gfx/models/artifacts/misc/ep1_tool_quill_normal.dds,349680,2026-06-10T10:17:26.2488367Z
game/gfx/models/artifacts/misc/ep1_tool_quill_properties.dds,Assets/CK3Map/Data/Source/game/gfx/models/artifacts/misc/ep1_tool_quill_properties.dds,349680,2026-06-10T10:17:26.2488367Z
game/gfx/models/artifacts/misc/ep1_tool_sculptor.mesh,Assets/CK3Map/Data/Source/game/gfx/models/artifacts/misc/ep1_tool_sculptor.mesh,1624,2026-06-10T10:20:01.5071301Z
game/gfx/models/artifacts/misc/ep2_generic_jewelry_01_a_properties.dds,Assets/CK3Map/Data/Source/game/gfx/models/artifacts/misc/ep2_generic_jewelry_01_a_properties.dds,1398256,2026-06-10T10:17:26.2488367Z
game/gfx/models/artifacts/objects/ep1_byzantine_tapestry_01_a.asset,Assets/CK3Map/Data/Source/game/gfx/models/artifacts/objects/ep1_byzantine_tapestry_01_a.asset,2921,2026-06-10T10:20:49.4801166Z
game/gfx/models/artifacts/objects/ep1_byzantine_tapestry_01_a.mesh,Assets/CK3Map/Data/Source/game/gfx/models/artifacts/objects/ep1_byzantine_tapestry_01_a.mesh,63364,2026-06-10T10:19:59.6336880Z
game/gfx/models/artifacts/objects/ep1_byzantine_tapestry_01_a_diffuse.dds,Assets/CK3Map/Data/Source/game/gfx/models/artifacts/objects/ep1_byzantine_tapestry_01_a_diffuse.dds,1398256,2026-06-10T10:17:26.2488367Z
game/gfx/models/artifacts/objects/ep1_byzantine_tapestry_01_b.mesh,Assets/CK3Map/Data/Source/game/gfx/models/artifacts/objects/ep1_byzantine_tapestry_01_b.mesh,75052,2026-06-10T10:20:47.7234405Z
game/gfx/models/artifacts/objects/ep1_byzantine_tapestry_01_b_diffuse.dds,Assets/CK3Map/Data/Source/game/gfx/models/artifacts/objects/ep1_byzantine_tapestry_01_b_diffuse.dds,1398256,2026-06-10T10:17:26.2488367Z
game/gfx/models/artifacts/objects/ep1_byzantine_tapestry_01_c.mesh,Assets/CK3Map/Data/Source/game/gfx/models/artifacts/objects/ep1_byzantine_tapestry_01_c.mesh,72308,2026-06-10T10:20:49.4811588Z
game/gfx/models/artifacts/objects/ep1_byzantine_tapestry_01_c_diffuse.dds,Assets/CK3Map/Data/Source/game/gfx/models/artifacts/objects/ep1_byzantine_tapestry_01_c_diffuse.dds,1398256,2026-06-10T10:17:26.2488367Z
game/gfx/models/artifacts/objects/ep1_deco_bench_01_a.asset,Assets/CK3Map/Data/Source/game/gfx/models/artifacts/objects/ep1_deco_bench_01_a.asset,1221,2026-06-10T10:20:50.2800944Z
game/gfx/models/artifacts/objects/ep1_deco_bench_01_a.mesh,Assets/CK3Map/Data/Source/game/gfx/models/artifacts/objects/ep1_deco_bench_01_a.mesh,56170,2026-06-10T10:19:47.5786544Z
game/gfx/models/artifacts/objects/ep1_deco_bench_01_a_diffuse.dds,Assets/CK3Map/Data/Source/game/gfx/models/artifacts/objects/ep1_deco_bench_01_a_diffuse.dds,1398256,2026-06-10T10:17:26.2488367Z
game/gfx/models/artifacts/objects/ep1_deco_bench_01_a_normal.dds,Assets/CK3Map/Data/Source/game/gfx/models/artifacts/objects/ep1_deco_bench_01_a_normal.dds,1398256,2026-06-10T10:17:26.2488367Z
game/gfx/models/artifacts/objects/ep1_deco_bench_01_a_properties.dds,Assets/CK3Map/Data/Source/game/gfx/models/artifacts/objects/ep1_deco_bench_01_a_properties.dds,1398256,2026-06-10T10:17:26.2503482Z
game/gfx/models/artifacts/objects/ep1_deco_chair_01_a.asset,Assets/CK3Map/Data/Source/game/gfx/models/artifacts/objects/ep1_deco_chair_01_a.asset,1221,2026-06-10T10:20:01.3932923Z
game/gfx/models/artifacts/objects/ep1_deco_chair_01_a.mesh,Assets/CK3Map/Data/Source/game/gfx/models/artifacts/objects/ep1_deco_chair_01_a.mesh,334330,2026-06-10T10:17:26.2503482Z
game/gfx/models/artifacts/objects/ep1_deco_chair_01_a_diffuse.dds,Assets/CK3Map/Data/Source/game/gfx/models/artifacts/objects/ep1_deco_chair_01_a_diffuse.dds,1398256,2026-06-10T10:17:26.2503482Z
game/gfx/models/artifacts/objects/ep1_deco_chair_01_a_normal.dds,Assets/CK3Map/Data/Source/game/gfx/models/artifacts/objects/ep1_deco_chair_01_a_normal.dds,1398256,2026-06-10T10:17:26.2503482Z
game/gfx/models/artifacts/objects/ep1_deco_chair_01_a_properties.dds,Assets/CK3Map/Data/Source/game/gfx/models/artifacts/objects/ep1_deco_chair_01_a_properties.dds,1398256,2026-06-10T10:17:26.2503482Z
game/gfx/models/artifacts/objects/ep1_deco_cupboard_01_a.asset,Assets/CK3Map/Data/Source/game/gfx/models/artifacts/objects/ep1_deco_cupboard_01_a.asset,2268,2026-06-10T10:20:13.6160464Z
game/gfx/models/artifacts/objects/ep1_deco_cupboard_01_a.mesh,Assets/CK3Map/Data/Source/game/gfx/models/artifacts/objects/ep1_deco_cupboard_01_a.mesh,192238,2026-06-10T10:19:59.9277222Z
game/gfx/models/artifacts/objects/ep1_deco_cupboard_01_a_diffuse.dds,Assets/CK3Map/Data/Source/game/gfx/models/artifacts/objects/ep1_deco_cupboard_01_a_diffuse.dds,349680,2026-06-10T10:17:26.2503482Z
game/gfx/models/artifacts/objects/ep1_deco_cupboard_01_a_normal.dds,Assets/CK3Map/Data/Source/game/gfx/models/artifacts/objects/ep1_deco_cupboard_01_a_normal.dds,349680,2026-06-10T10:17:26.2503482Z
game/gfx/models/artifacts/objects/ep1_deco_cupboard_01_a_properties.dds,Assets/CK3Map/Data/Source/game/gfx/models/artifacts/objects/ep1_deco_cupboard_01_a_properties.dds,349680,2026-06-10T10:17:26.2503482Z
game/gfx/models/artifacts/objects/ep1_deco_cupboard_01_b.asset,Assets/CK3Map/Data/Source/game/gfx/models/artifacts/objects/ep1_deco_cupboard_01_b.asset,2268,2026-06-10T10:19:47.5781346Z
game/gfx/models/artifacts/objects/ep1_deco_cupboard_01_b.mesh,Assets/CK3Map/Data/Source/game/gfx/models/artifacts/objects/ep1_deco_cupboard_01_b.mesh,278662,2026-06-10T10:17:26.2503482Z
game/gfx/models/artifacts/objects/ep1_deco_cupboard_01_c.asset,Assets/CK3Map/Data/Source/game/gfx/models/artifacts/objects/ep1_deco_cupboard_01_c.asset,2269,2026-06-10T10:20:49.4806256Z
game/gfx/models/artifacts/objects/ep1_deco_cupboard_01_c.mesh,Assets/CK3Map/Data/Source/game/gfx/models/artifacts/objects/ep1_deco_cupboard_01_c.mesh,248086,2026-06-10T10:20:53.6778960Z
game/gfx/models/artifacts/objects/ep1_deco_stool_01_a.asset,Assets/CK3Map/Data/Source/game/gfx/models/artifacts/objects/ep1_deco_stool_01_a.asset,1221,2026-06-10T10:20:49.4801166Z
game/gfx/models/artifacts/objects/ep1_deco_stool_01_a.mesh,Assets/CK3Map/Data/Source/game/gfx/models/artifacts/objects/ep1_deco_stool_01_a.mesh,45754,2026-06-10T10:20:49.4811588Z
game/gfx/models/artifacts/objects/ep1_deco_stool_01_a_diffuse.dds,Assets/CK3Map/Data/Source/game/gfx/models/artifacts/objects/ep1_deco_stool_01_a_diffuse.dds,349680,2026-06-10T10:17:26.2518599Z
game/gfx/models/artifacts/objects/ep1_deco_stool_01_a_normal.dds,Assets/CK3Map/Data/Source/game/gfx/models/artifacts/objects/ep1_deco_stool_01_a_normal.dds,349680,2026-06-10T10:17:26.2518599Z
game/gfx/models/artifacts/objects/ep1_deco_stool_01_a_properties.dds,Assets/CK3Map/Data/Source/game/gfx/models/artifacts/objects/ep1_deco_stool_01_a_properties.dds,349680,2026-06-10T10:17:26.2518599Z
game/gfx/models/artifacts/objects/ep1_deco_vase_01_a.asset,Assets/CK3Map/Data/Source/game/gfx/models/artifacts/objects/ep1_deco_vase_01_a.asset,1205,2026-06-10T10:20:02.6095049Z
game/gfx/models/artifacts/objects/ep1_deco_vase_01_a.mesh,Assets/CK3Map/Data/Source/game/gfx/models/artifacts/objects/ep1_deco_vase_01_a.mesh,67822,2026-06-10T10:20:28.8460507Z
game/gfx/models/artifacts/objects/ep1_deco_vase_01_a_diffuse.dds,Assets/CK3Map/Data/Source/game/gfx/models/artifacts/objects/ep1_deco_vase_01_a_diffuse.dds,349680,2026-06-10T10:17:26.2518599Z
game/gfx/models/artifacts/objects/ep1_deco_vase_01_a_normal.dds,Assets/CK3Map/Data/Source/game/gfx/models/artifacts/objects/ep1_deco_vase_01_a_normal.dds,349680,2026-06-10T10:17:26.2518599Z
game/gfx/models/artifacts/objects/ep1_deco_vase_01_a_properties.dds,Assets/CK3Map/Data/Source/game/gfx/models/artifacts/objects/ep1_deco_vase_01_a_properties.dds,349680,2026-06-10T10:17:26.2518599Z
game/gfx/models/artifacts/objects/ep1_generic_branch_01_a.asset,Assets/CK3Map/Data/Source/game/gfx/models/artifacts/objects/ep1_generic_branch_01_a.asset,533,2026-06-10T10:20:53.6767381Z
game/gfx/models/artifacts/objects/ep1_generic_branch_01_a.mesh,Assets/CK3Map/Data/Source/game/gfx/models/artifacts/objects/ep1_generic_branch_01_a.mesh,47937,2026-06-10T10:20:53.6767381Z
game/gfx/models/artifacts/objects/ep1_generic_branch_01_b.asset,Assets/CK3Map/Data/Source/game/gfx/models/artifacts/objects/ep1_generic_branch_01_b.asset,533,2026-06-10T10:20:49.4806256Z
game/gfx/models/artifacts/objects/ep1_generic_branch_01_b.mesh,Assets/CK3Map/Data/Source/game/gfx/models/artifacts/objects/ep1_generic_branch_01_b.mesh,39561,2026-06-10T10:20:28.8460507Z
game/gfx/models/artifacts/objects/ep1_generic_branch_01_diffuse.dds,Assets/CK3Map/Data/Source/game/gfx/models/artifacts/objects/ep1_generic_branch_01_diffuse.dds,1398256,2026-06-10T10:17:26.2528651Z
game/gfx/models/artifacts/objects/ep1_generic_branch_01_normal.dds,Assets/CK3Map/Data/Source/game/gfx/models/artifacts/objects/ep1_generic_branch_01_normal.dds,1398256,2026-06-10T10:17:26.2528651Z
game/gfx/models/artifacts/objects/ep1_generic_branch_01_properties.dds,Assets/CK3Map/Data/Source/game/gfx/models/artifacts/objects/ep1_generic_branch_01_properties.dds,1398256,2026-06-10T10:17:26.2528651Z
game/gfx/models/artifacts/objects/ep1_indian_tapestry_01_a.asset,Assets/CK3Map/Data/Source/game/gfx/models/artifacts/objects/ep1_indian_tapestry_01_a.asset,947,2026-06-10T10:20:53.6773369Z
game/gfx/models/artifacts/objects/ep1_indian_tapestry_01_a.mesh,Assets/CK3Map/Data/Source/game/gfx/models/artifacts/objects/ep1_indian_tapestry_01_a.mesh,77655,2026-06-10T10:20:01.4534026Z
game/gfx/models/artifacts/objects/ep1_indian_tapestry_01_a_diffuse.dds,Assets/CK3Map/Data/Source/game/gfx/models/artifacts/objects/ep1_indian_tapestry_01_a_diffuse.dds,1398256,2026-06-10T10:17:26.2528651Z
game/gfx/models/artifacts/objects/ep1_indian_tapestry_01_a_masks.dds,Assets/CK3Map/Data/Source/game/gfx/models/artifacts/objects/ep1_indian_tapestry_01_a_masks.dds,1398256,2026-06-10T10:17:26.2528651Z
game/gfx/models/artifacts/objects/ep1_indian_tapestry_01_a_normal.dds,Assets/CK3Map/Data/Source/game/gfx/models/artifacts/objects/ep1_indian_tapestry_01_a_normal.dds,1398256,2026-06-10T10:17:26.2544031Z
game/gfx/models/artifacts/objects/ep1_indian_tapestry_01_a_properties.dds,Assets/CK3Map/Data/Source/game/gfx/models/artifacts/objects/ep1_indian_tapestry_01_a_properties.dds,1398256,2026-06-10T10:17:26.2544031Z
game/gfx/models/artifacts/objects/ep1_indian_tapestry_02_a.asset,Assets/CK3Map/Data/Source/game/gfx/models/artifacts/objects/ep1_indian_tapestry_02_a.asset,949,2026-06-10T10:20:01.3958764Z
game/gfx/models/artifacts/objects/ep1_indian_tapestry_02_a.mesh,Assets/CK3Map/Data/Source/game/gfx/models/artifacts/objects/ep1_indian_tapestry_02_a.mesh,68591,2026-06-10T10:20:02.6095049Z
game/gfx/models/artifacts/objects/ep1_indian_tapestry_02_a_diffuse.dds,Assets/CK3Map/Data/Source/game/gfx/models/artifacts/objects/ep1_indian_tapestry_02_a_diffuse.dds,1398256,2026-06-10T10:17:26.2544031Z
game/gfx/models/artifacts/objects/ep1_indian_tapestry_02_a_masks.dds,Assets/CK3Map/Data/Source/game/gfx/models/artifacts/objects/ep1_indian_tapestry_02_a_masks.dds,1398256,2026-06-10T10:17:26.2544031Z
game/gfx/models/artifacts/objects/ep1_indian_tapestry_02_a_normal.dds,Assets/CK3Map/Data/Source/game/gfx/models/artifacts/objects/ep1_indian_tapestry_02_a_normal.dds,1398256,2026-06-10T10:17:26.2544031Z
game/gfx/models/artifacts/objects/ep1_indian_tapestry_02_a_properties.dds,Assets/CK3Map/Data/Source/game/gfx/models/artifacts/objects/ep1_indian_tapestry_02_a_properties.dds,1398256,2026-06-10T10:17:26.2544031Z
game/gfx/models/artifacts/objects/ep1_mediterranean_carpet_01_a.asset,Assets/CK3Map/Data/Source/game/gfx/models/artifacts/objects/ep1_mediterranean_carpet_01_a.asset,599,2026-06-10T10:19:59.3263764Z
game/gfx/models/artifacts/objects/ep1_mediterranean_carpet_01_a.mesh,Assets/CK3Map/Data/Source/game/gfx/models/artifacts/objects/ep1_mediterranean_carpet_01_a.mesh,2504,2026-06-10T10:19:59.9934911Z
game/gfx/models/artifacts/objects/ep1_mena_tapestry_01.asset,Assets/CK3Map/Data/Source/game/gfx/models/artifacts/objects/ep1_mena_tapestry_01.asset,1867,2026-06-10T10:20:13.6171183Z
game/gfx/models/artifacts/objects/ep1_mena_tapestry_01_a.mesh,Assets/CK3Map/Data/Source/game/gfx/models/artifacts/objects/ep1_mena_tapestry_01_a.mesh,89080,2026-06-10T10:20:28.8460507Z
game/gfx/models/artifacts/objects/ep1_mena_tapestry_01_a_diffuse.dds,Assets/CK3Map/Data/Source/game/gfx/models/artifacts/objects/ep1_mena_tapestry_01_a_diffuse.dds,1398256,2026-06-10T10:17:26.2544031Z
game/gfx/models/artifacts/objects/ep1_mena_tapestry_01_a_masks.dds,Assets/CK3Map/Data/Source/game/gfx/models/artifacts/objects/ep1_mena_tapestry_01_a_masks.dds,1398256,2026-06-10T10:17:26.2555782Z
game/gfx/models/artifacts/objects/ep1_mena_tapestry_01_a_normal.dds,Assets/CK3Map/Data/Source/game/gfx/models/artifacts/objects/ep1_mena_tapestry_01_a_normal.dds,1398256,2026-06-10T10:17:26.2555782Z
game/gfx/models/artifacts/objects/ep1_mena_tapestry_01_a_properties.dds,Assets/CK3Map/Data/Source/game/gfx/models/artifacts/objects/ep1_mena_tapestry_01_a_properties.dds,1398256,2026-06-10T10:17:26.2555782Z
game/gfx/models/artifacts/objects/ep1_mena_tapestry_01_b.mesh,Assets/CK3Map/Data/Source/game/gfx/models/artifacts/objects/ep1_mena_tapestry_01_b.mesh,80536,2026-06-10T10:20:13.6166031Z
game/gfx/models/artifacts/objects/ep1_mena_tapestry_01_b_diffuse.dds,Assets/CK3Map/Data/Source/game/gfx/models/artifacts/objects/ep1_mena_tapestry_01_b_diffuse.dds,1398256,2026-06-10T10:17:26.2555782Z
game/gfx/models/artifacts/objects/ep1_mena_tapestry_01_b_masks.dds,Assets/CK3Map/Data/Source/game/gfx/models/artifacts/objects/ep1_mena_tapestry_01_b_masks.dds,1398256,2026-06-10T10:17:26.2555782Z
game/gfx/models/artifacts/objects/ep1_mena_tapestry_01_b_normal.dds,Assets/CK3Map/Data/Source/game/gfx/models/artifacts/objects/ep1_mena_tapestry_01_b_normal.dds,1398256,2026-06-10T10:17:26.2555782Z
game/gfx/models/artifacts/objects/ep1_mena_tapestry_01_b_properties.dds,Assets/CK3Map/Data/Source/game/gfx/models/artifacts/objects/ep1_mena_tapestry_01_b_properties.dds,1398256,2026-06-10T10:17:26.2565897Z
game/gfx/models/artifacts/objects/ep1_mena_tapestry_02_a.asset,Assets/CK3Map/Data/Source/game/gfx/models/artifacts/objects/ep1_mena_tapestry_02_a.asset,928,2026-06-10T10:20:28.8455337Z
game/gfx/models/artifacts/objects/ep1_mena_tapestry_02_a.mesh,Assets/CK3Map/Data/Source/game/gfx/models/artifacts/objects/ep1_mena_tapestry_02_a.mesh,90112,2026-06-10T10:20:03.4807097Z
game/gfx/models/artifacts/objects/ep1_mena_tapestry_02_a_diffuse.dds,Assets/CK3Map/Data/Source/game/gfx/models/artifacts/objects/ep1_mena_tapestry_02_a_diffuse.dds,1398256,2026-06-10T10:17:26.2565897Z
game/gfx/models/artifacts/objects/ep1_mena_tapestry_02_a_masks.dds,Assets/CK3Map/Data/Source/game/gfx/models/artifacts/objects/ep1_mena_tapestry_02_a_masks.dds,1398256,2026-06-10T10:17:26.2565897Z
game/gfx/models/artifacts/objects/ep1_mena_tapestry_02_a_normal.dds,Assets/CK3Map/Data/Source/game/gfx/models/artifacts/objects/ep1_mena_tapestry_02_a_normal.dds,1398256,2026-06-10T10:17:26.2565897Z
game/gfx/models/artifacts/objects/ep1_mena_tapestry_02_a_properties.dds,Assets/CK3Map/Data/Source/game/gfx/models/artifacts/objects/ep1_mena_tapestry_02_a_properties.dds,1398256,2026-06-10T10:17:26.2565897Z
game/gfx/models/artifacts/objects/ep1_olifant.asset,Assets/CK3Map/Data/Source/game/gfx/models/artifacts/objects/ep1_olifant.asset,1106,2026-06-10T10:20:28.9121709Z
game/gfx/models/artifacts/objects/ep1_olifant.mesh,Assets/CK3Map/Data/Source/game/gfx/models/artifacts/objects/ep1_olifant.mesh,579461,2026-06-10T10:17:26.2565897Z
game/gfx/models/artifacts/objects/ep1_olifant_diffuse.dds,Assets/CK3Map/Data/Source/game/gfx/models/artifacts/objects/ep1_olifant_diffuse.dds,699192,2026-06-10T10:17:26.2565897Z
game/gfx/models/artifacts/objects/ep1_olifant_normal.dds,Assets/CK3Map/Data/Source/game/gfx/models/artifacts/objects/ep1_olifant_normal.dds,1398256,2026-06-10T10:17:26.2565897Z
game/gfx/models/artifacts/objects/ep1_olifant_properties.dds,Assets/CK3Map/Data/Source/game/gfx/models/artifacts/objects/ep1_olifant_properties.dds,1398256,2026-06-10T10:17:26.2576018Z
game/gfx/models/artifacts/objects/ep1_western_armorstand_01.asset,Assets/CK3Map/Data/Source/game/gfx/models/artifacts/objects/ep1_western_armorstand_01.asset,537,2026-06-10T10:19:48.6678208Z
game/gfx/models/artifacts/objects/ep1_western_armorstand_01.mesh,Assets/CK3Map/Data/Source/game/gfx/models/artifacts/objects/ep1_western_armorstand_01.mesh,121288,2026-06-10T10:20:37.5843814Z
game/gfx/models/artifacts/objects/ep1_western_armorstand_01_diffuse.dds,Assets/CK3Map/Data/Source/game/gfx/models/artifacts/objects/ep1_western_armorstand_01_diffuse.dds,349680,2026-06-10T10:17:26.2576018Z
game/gfx/models/artifacts/objects/ep1_western_armorstand_01_normal.dds,Assets/CK3Map/Data/Source/game/gfx/models/artifacts/objects/ep1_western_armorstand_01_normal.dds,349680,2026-06-10T10:17:26.2576018Z
game/gfx/models/artifacts/objects/ep1_western_armorstand_01_properties.dds,Assets/CK3Map/Data/Source/game/gfx/models/artifacts/objects/ep1_western_armorstand_01_properties.dds,349680,2026-06-10T10:17:26.2576018Z
game/gfx/models/artifacts/objects/ep1_western_carpet_01_a.asset,Assets/CK3Map/Data/Source/game/gfx/models/artifacts/objects/ep1_western_carpet_01_a.asset,551,2026-06-10T10:20:51.5073438Z
game/gfx/models/artifacts/objects/ep1_western_carpet_01_a.mesh,Assets/CK3Map/Data/Source/game/gfx/models/artifacts/objects/ep1_western_carpet_01_a.mesh,2475,2026-06-10T10:20:28.9110460Z
game/gfx/models/artifacts/objects/ep1_western_tapestry_01.asset,Assets/CK3Map/Data/Source/game/gfx/models/artifacts/objects/ep1_western_tapestry_01.asset,1920,2026-06-10T10:20:28.9103860Z
game/gfx/models/artifacts/objects/ep1_western_tapestry_01_a.mesh,Assets/CK3Map/Data/Source/game/gfx/models/artifacts/objects/ep1_western_tapestry_01_a.mesh,66082,2026-06-10T10:20:48.2707901Z
game/gfx/models/artifacts/objects/ep1_western_tapestry_01_a_diffuse.dds,Assets/CK3Map/Data/Source/game/gfx/models/artifacts/objects/ep1_western_tapestry_01_a_diffuse.dds,699192,2026-06-10T10:17:26.2576018Z
game/gfx/models/artifacts/objects/ep1_western_tapestry_01_a_masks.dds,Assets/CK3Map/Data/Source/game/gfx/models/artifacts/objects/ep1_western_tapestry_01_a_masks.dds,1398256,2026-06-10T10:17:26.2576018Z
game/gfx/models/artifacts/objects/ep1_western_tapestry_01_a_normal.dds,Assets/CK3Map/Data/Source/game/gfx/models/artifacts/objects/ep1_western_tapestry_01_a_normal.dds,1398256,2026-06-10T10:17:26.2576018Z
game/gfx/models/artifacts/objects/ep1_western_tapestry_01_a_properties.dds,Assets/CK3Map/Data/Source/game/gfx/models/artifacts/objects/ep1_western_tapestry_01_a_properties.dds,1398256,2026-06-10T10:17:26.2576018Z
game/gfx/models/artifacts/objects/ep1_western_tapestry_01_b.mesh,Assets/CK3Map/Data/Source/game/gfx/models/artifacts/objects/ep1_western_tapestry_01_b.mesh,64306,2026-06-10T10:20:00.4005238Z
game/gfx/models/artifacts/objects/ep1_western_tapestry_01_b_diffuse.dds,Assets/CK3Map/Data/Source/game/gfx/models/artifacts/objects/ep1_western_tapestry_01_b_diffuse.dds,699192,2026-06-10T10:17:26.2586125Z
game/gfx/models/artifacts/objects/ep1_western_tapestry_01_b_masks.dds,Assets/CK3Map/Data/Source/game/gfx/models/artifacts/objects/ep1_western_tapestry_01_b_masks.dds,1398256,2026-06-10T10:17:26.2586125Z
game/gfx/models/artifacts/objects/ep1_western_tapestry_02.asset,Assets/CK3Map/Data/Source/game/gfx/models/artifacts/objects/ep1_western_tapestry_02.asset,2883,2026-06-10T10:20:37.5849061Z
game/gfx/models/artifacts/objects/ep1_western_tapestry_02_a.mesh,Assets/CK3Map/Data/Source/game/gfx/models/artifacts/objects/ep1_western_tapestry_02_a.mesh,63362,2026-06-10T10:20:37.6446299Z
game/gfx/models/artifacts/objects/ep1_western_tapestry_02_a_diffuse.dds,Assets/CK3Map/Data/Source/game/gfx/models/artifacts/objects/ep1_western_tapestry_02_a_diffuse.dds,699192,2026-06-10T10:17:26.2586125Z
game/gfx/models/artifacts/objects/ep1_western_tapestry_02_a_masks.dds,Assets/CK3Map/Data/Source/game/gfx/models/artifacts/objects/ep1_western_tapestry_02_a_masks.dds,1398256,2026-06-10T10:17:26.2586125Z
game/gfx/models/artifacts/objects/ep1_western_tapestry_02_a_normal.dds,Assets/CK3Map/Data/Source/game/gfx/models/artifacts/objects/ep1_western_tapestry_02_a_normal.dds,1398256,2026-06-10T10:17:26.2586125Z
game/gfx/models/artifacts/objects/ep1_western_tapestry_02_a_properties.dds,Assets/CK3Map/Data/Source/game/gfx/models/artifacts/objects/ep1_western_tapestry_02_a_properties.dds,1398256,2026-06-10T10:17:26.2596224Z
game/gfx/models/artifacts/objects/ep1_western_tapestry_02_b.mesh,Assets/CK3Map/Data/Source/game/gfx/models/artifacts/objects/ep1_western_tapestry_02_b.mesh,69778,2026-06-10T10:20:48.3246815Z
game/gfx/models/artifacts/objects/ep1_western_tapestry_02_b_diffuse.dds,Assets/CK3Map/Data/Source/game/gfx/models/artifacts/objects/ep1_western_tapestry_02_b_diffuse.dds,699192,2026-06-10T10:17:26.2596224Z
game/gfx/models/artifacts/objects/ep1_western_tapestry_02_b_masks.dds,Assets/CK3Map/Data/Source/game/gfx/models/artifacts/objects/ep1_western_tapestry_02_b_masks.dds,1398256,2026-06-10T10:17:26.2596224Z
game/gfx/models/artifacts/objects/ep1_western_tapestry_02_c.mesh,Assets/CK3Map/Data/Source/game/gfx/models/artifacts/objects/ep1_western_tapestry_02_c.mesh,84114,2026-06-10T10:19:49.6152823Z
game/gfx/models/artifacts/objects/ep1_western_tapestry_02_c_diffuse.dds,Assets/CK3Map/Data/Source/game/gfx/models/artifacts/objects/ep1_western_tapestry_02_c_diffuse.dds,699192,2026-06-10T10:17:26.2596224Z
game/gfx/models/artifacts/objects/ep1_western_tapestry_02_c_masks.dds,Assets/CK3Map/Data/Source/game/gfx/models/artifacts/objects/ep1_western_tapestry_02_c_masks.dds,1398256,2026-06-10T10:17:26.2596224Z
game/gfx/models/artifacts/objects/ep1_western_tapestry_03.asset,Assets/CK3Map/Data/Source/game/gfx/models/artifacts/objects/ep1_western_tapestry_03.asset,1920,2026-06-10T10:20:00.3507985Z
game/gfx/models/artifacts/objects/ep1_western_tapestry_03_a.mesh,Assets/CK3Map/Data/Source/game/gfx/models/artifacts/objects/ep1_western_tapestry_03_a.mesh,75106,2026-06-10T10:20:37.6446299Z
game/gfx/models/artifacts/objects/ep1_western_tapestry_03_a_diffuse.dds,Assets/CK3Map/Data/Source/game/gfx/models/artifacts/objects/ep1_western_tapestry_03_a_diffuse.dds,699192,2026-06-10T10:17:26.2596224Z
game/gfx/models/artifacts/objects/ep1_western_tapestry_03_a_masks.dds,Assets/CK3Map/Data/Source/game/gfx/models/artifacts/objects/ep1_western_tapestry_03_a_masks.dds,1398256,2026-06-10T10:17:26.2606327Z
game/gfx/models/artifacts/objects/ep1_western_tapestry_03_a_normal.dds,Assets/CK3Map/Data/Source/game/gfx/models/artifacts/objects/ep1_western_tapestry_03_a_normal.dds,1398256,2026-06-10T10:17:26.2606327Z
game/gfx/models/artifacts/objects/ep1_western_tapestry_03_a_properties.dds,Assets/CK3Map/Data/Source/game/gfx/models/artifacts/objects/ep1_western_tapestry_03_a_properties.dds,1398256,2026-06-10T10:17:26.2606327Z
game/gfx/models/artifacts/objects/ep1_western_tapestry_03_b.mesh,Assets/CK3Map/Data/Source/game/gfx/models/artifacts/objects/ep1_western_tapestry_03_b.mesh,72306,2026-06-10T10:20:38.6039009Z
game/gfx/models/artifacts/objects/ep1_western_tapestry_03_b_diffuse.dds,Assets/CK3Map/Data/Source/game/gfx/models/artifacts/objects/ep1_western_tapestry_03_b_diffuse.dds,699192,2026-06-10T10:17:26.2606327Z
game/gfx/models/artifacts/objects/ep1_western_tapestry_03_b_masks.dds,Assets/CK3Map/Data/Source/game/gfx/models/artifacts/objects/ep1_western_tapestry_03_b_masks.dds,1398256,2026-06-10T10:17:26.2606327Z
game/gfx/models/artifacts/objects/ep1_western_tapestry_04.asset,Assets/CK3Map/Data/Source/game/gfx/models/artifacts/objects/ep1_western_tapestry_04.asset,959,2026-06-10T10:20:38.5612326Z
game/gfx/models/artifacts/objects/ep1_western_tapestry_04_a.mesh,Assets/CK3Map/Data/Source/game/gfx/models/artifacts/objects/ep1_western_tapestry_04_a.mesh,179930,2026-06-10T10:20:53.7310446Z
game/gfx/models/artifacts/objects/ep1_western_tapestry_04_a_diffuse.dds,Assets/CK3Map/Data/Source/game/gfx/models/artifacts/objects/ep1_western_tapestry_04_a_diffuse.dds,699192,2026-06-10T10:17:26.2606327Z
game/gfx/models/artifacts/objects/ep1_western_tapestry_04_a_masks.dds,Assets/CK3Map/Data/Source/game/gfx/models/artifacts/objects/ep1_western_tapestry_04_a_masks.dds,1398256,2026-06-10T10:17:26.2606327Z
game/gfx/models/artifacts/objects/ep1_western_tapestry_04_a_normal.dds,Assets/CK3Map/Data/Source/game/gfx/models/artifacts/objects/ep1_western_tapestry_04_a_normal.dds,1398256,2026-06-10T10:17:26.2621451Z
game/gfx/models/artifacts/objects/ep1_western_tapestry_04_a_properties.dds,Assets/CK3Map/Data/Source/game/gfx/models/artifacts/objects/ep1_western_tapestry_04_a_properties.dds,1398256,2026-06-10T10:17:26.2621451Z
game/gfx/models/artifacts/objects/ep1_western_weaponrack_01.asset,Assets/CK3Map/Data/Source/game/gfx/models/artifacts/objects/ep1_western_weaponrack_01.asset,1318,2026-06-10T10:20:13.7942276Z
game/gfx/models/artifacts/objects/ep1_western_weaponrack_01.mesh,Assets/CK3Map/Data/Source/game/gfx/models/artifacts/objects/ep1_western_weaponrack_01.mesh,83380,2026-06-10T10:20:38.5627403Z
game/gfx/models/artifacts/objects/ep1_western_weaponrack_01_diffuse.dds,Assets/CK3Map/Data/Source/game/gfx/models/artifacts/objects/ep1_western_weaponrack_01_diffuse.dds,349680,2026-06-10T10:17:26.2621451Z
game/gfx/models/artifacts/objects/ep1_western_weaponrack_01_normal.dds,Assets/CK3Map/Data/Source/game/gfx/models/artifacts/objects/ep1_western_weaponrack_01_normal.dds,349680,2026-06-10T10:17:26.2631473Z
game/gfx/models/artifacts/objects/ep1_western_weaponrack_01_properties.dds,Assets/CK3Map/Data/Source/game/gfx/models/artifacts/objects/ep1_western_weaponrack_01_properties.dds,349680,2026-06-10T10:17:26.2631473Z
game/gfx/models/artifacts/objects/ep1_western_weaponrack_02_diffuse.dds,Assets/CK3Map/Data/Source/game/gfx/models/artifacts/objects/ep1_western_weaponrack_02_diffuse.dds,349680,2026-06-10T10:17:26.2631473Z
game/gfx/models/artifacts/objects/goblets/artifact_goblets.asset,Assets/CK3Map/Data/Source/game/gfx/models/artifacts/objects/goblets/artifact_goblets.asset,11852,2026-06-10T10:20:54.6071553Z
game/gfx/models/artifacts/objects/goblets/ce2_skull_goblet_prop.asset,Assets/CK3Map/Data/Source/game/gfx/models/artifacts/objects/goblets/ce2_skull_goblet_prop.asset,522,2026-06-10T10:19:49.6194423Z
game/gfx/models/artifacts/objects/goblets/ce2_skull_goblet_prop.mesh,Assets/CK3Map/Data/Source/game/gfx/models/artifacts/objects/goblets/ce2_skull_goblet_prop.mesh,148323,2026-06-10T10:19:49.6194423Z
game/gfx/models/artifacts/objects/goblets/ep1_indian_goblet_basic_01_a.mesh,Assets/CK3Map/Data/Source/game/gfx/models/artifacts/objects/goblets/ep1_indian_goblet_basic_01_a.mesh,111262,2026-06-10T10:20:38.6099759Z
game/gfx/models/artifacts/objects/goblets/ep1_indian_goblet_basic_01_a_diffuse.dds,Assets/CK3Map/Data/Source/game/gfx/models/artifacts/objects/goblets/ep1_indian_goblet_basic_01_a_diffuse.dds,349680,2026-06-10T10:17:26.2636530Z
game/gfx/models/artifacts/objects/goblets/ep1_indian_goblet_basic_01_a_normal.dds,Assets/CK3Map/Data/Source/game/gfx/models/artifacts/objects/goblets/ep1_indian_goblet_basic_01_a_normal.dds,349680,2026-06-10T10:17:26.2640162Z
game/gfx/models/artifacts/objects/goblets/ep1_indian_goblet_basic_01_a_prop.asset,Assets/CK3Map/Data/Source/game/gfx/models/artifacts/objects/goblets/ep1_indian_goblet_basic_01_a_prop.asset,1406,2026-06-10T10:20:54.6645447Z
game/gfx/models/artifacts/objects/goblets/ep1_indian_goblet_basic_01_a_prop.mesh,Assets/CK3Map/Data/Source/game/gfx/models/artifacts/objects/goblets/ep1_indian_goblet_basic_01_a_prop.mesh,111316,2026-06-10T10:20:38.6059340Z
game/gfx/models/artifacts/objects/goblets/ep1_indian_goblet_basic_01_a_properties.dds,Assets/CK3Map/Data/Source/game/gfx/models/artifacts/objects/goblets/ep1_indian_goblet_basic_01_a_properties.dds,349680,2026-06-10T10:17:26.2640162Z
game/gfx/models/artifacts/objects/goblets/ep1_indian_goblet_basic_01_b_diffuse.dds,Assets/CK3Map/Data/Source/game/gfx/models/artifacts/objects/goblets/ep1_indian_goblet_basic_01_b_diffuse.dds,349680,2026-06-10T10:17:26.2640162Z
game/gfx/models/artifacts/objects/goblets/ep1_indian_goblet_basic_01_b_normal.dds,Assets/CK3Map/Data/Source/game/gfx/models/artifacts/objects/goblets/ep1_indian_goblet_basic_01_b_normal.dds,349680,2026-06-10T10:17:26.2640162Z
game/gfx/models/artifacts/objects/goblets/ep1_indian_goblet_basic_01_b_properties.dds,Assets/CK3Map/Data/Source/game/gfx/models/artifacts/objects/goblets/ep1_indian_goblet_basic_01_b_properties.dds,349680,2026-06-10T10:17:26.2640162Z
game/gfx/models/artifacts/objects/goblets/ep1_mediterranean_goblet_basic_01_a.mesh,Assets/CK3Map/Data/Source/game/gfx/models/artifacts/objects/goblets/ep1_mediterranean_goblet_basic_01_a.mesh,147850,2026-06-10T10:20:48.4412046Z
game/gfx/models/artifacts/objects/goblets/ep1_mediterranean_goblet_basic_01_a_diffuse.dds,Assets/CK3Map/Data/Source/game/gfx/models/artifacts/objects/goblets/ep1_mediterranean_goblet_basic_01_a_diffuse.dds,349680,2026-06-10T10:17:26.2640162Z
game/gfx/models/artifacts/objects/goblets/ep1_mediterranean_goblet_basic_01_a_normal.dds,Assets/CK3Map/Data/Source/game/gfx/models/artifacts/objects/goblets/ep1_mediterranean_goblet_basic_01_a_normal.dds,349680,2026-06-10T10:17:26.2640162Z
game/gfx/models/artifacts/objects/goblets/ep1_mediterranean_goblet_basic_01_a_prop.asset,Assets/CK3Map/Data/Source/game/gfx/models/artifacts/objects/goblets/ep1_mediterranean_goblet_basic_01_a_prop.asset,1521,2026-06-10T10:20:05.6347661Z
game/gfx/models/artifacts/objects/goblets/ep1_mediterranean_goblet_basic_01_a_prop.mesh,Assets/CK3Map/Data/Source/game/gfx/models/artifacts/objects/goblets/ep1_mediterranean_goblet_basic_01_a_prop.mesh,147904,2026-06-10T10:20:54.6645447Z
game/gfx/models/artifacts/objects/goblets/ep1_mediterranean_goblet_basic_01_a_properties.dds,Assets/CK3Map/Data/Source/game/gfx/models/artifacts/objects/goblets/ep1_mediterranean_goblet_basic_01_a_properties.dds,349680,2026-06-10T10:17:26.2650192Z
game/gfx/models/artifacts/objects/goblets/ep1_mediterranean_goblet_basic_01_b_diffuse.dds,Assets/CK3Map/Data/Source/game/gfx/models/artifacts/objects/goblets/ep1_mediterranean_goblet_basic_01_b_diffuse.dds,349680,2026-06-10T10:17:26.2650192Z
game/gfx/models/artifacts/objects/goblets/ep1_mediterranean_goblet_basic_01_b_normal.dds,Assets/CK3Map/Data/Source/game/gfx/models/artifacts/objects/goblets/ep1_mediterranean_goblet_basic_01_b_normal.dds,349680,2026-06-10T10:17:26.2650192Z
game/gfx/models/artifacts/objects/goblets/ep1_mediterranean_goblet_basic_01_b_properties.dds,Assets/CK3Map/Data/Source/game/gfx/models/artifacts/objects/goblets/ep1_mediterranean_goblet_basic_01_b_properties.dds,349680,2026-06-10T10:17:26.2650192Z
game/gfx/models/artifacts/objects/goblets/ep1_mena_goblet_basic_01_a.mesh,Assets/CK3Map/Data/Source/game/gfx/models/artifacts/objects/goblets/ep1_mena_goblet_basic_01_a.mesh,97174,2026-06-10T10:20:01.4534026Z
game/gfx/models/artifacts/objects/goblets/ep1_mena_goblet_basic_01_a_diffuse.dds,Assets/CK3Map/Data/Source/game/gfx/models/artifacts/objects/goblets/ep1_mena_goblet_basic_01_a_diffuse.dds,349680,2026-06-10T10:17:26.2650192Z
game/gfx/models/artifacts/objects/goblets/ep1_mena_goblet_basic_01_a_normal.dds,Assets/CK3Map/Data/Source/game/gfx/models/artifacts/objects/goblets/ep1_mena_goblet_basic_01_a_normal.dds,349680,2026-06-10T10:17:26.2650192Z
game/gfx/models/artifacts/objects/goblets/ep1_mena_goblet_basic_01_a_prop.asset,Assets/CK3Map/Data/Source/game/gfx/models/artifacts/objects/goblets/ep1_mena_goblet_basic_01_a_prop.asset,1376,2026-06-10T10:19:49.6158332Z
game/gfx/models/artifacts/objects/goblets/ep1_mena_goblet_basic_01_a_prop.mesh,Assets/CK3Map/Data/Source/game/gfx/models/artifacts/objects/goblets/ep1_mena_goblet_basic_01_a_prop.mesh,97228,2026-06-10T10:20:29.4493496Z
game/gfx/models/artifacts/objects/goblets/ep1_mena_goblet_basic_01_a_properties.dds,Assets/CK3Map/Data/Source/game/gfx/models/artifacts/objects/goblets/ep1_mena_goblet_basic_01_a_properties.dds,349680,2026-06-10T10:17:26.2650192Z
game/gfx/models/artifacts/objects/goblets/ep1_mena_goblet_basic_01_b_diffuse.dds,Assets/CK3Map/Data/Source/game/gfx/models/artifacts/objects/goblets/ep1_mena_goblet_basic_01_b_diffuse.dds,349680,2026-06-10T10:17:26.2650192Z
game/gfx/models/artifacts/objects/goblets/ep1_western_goblet_basic_01_a.mesh,Assets/CK3Map/Data/Source/game/gfx/models/artifacts/objects/goblets/ep1_western_goblet_basic_01_a.mesh,70162,2026-06-10T10:20:00.4628518Z
game/gfx/models/artifacts/objects/goblets/ep1_western_goblet_basic_01_a_diffuse.dds,Assets/CK3Map/Data/Source/game/gfx/models/artifacts/objects/goblets/ep1_western_goblet_basic_01_a_diffuse.dds,349680,2026-06-10T10:17:26.2650192Z
game/gfx/models/artifacts/objects/goblets/ep1_western_goblet_basic_01_a_normal.dds,Assets/CK3Map/Data/Source/game/gfx/models/artifacts/objects/goblets/ep1_western_goblet_basic_01_a_normal.dds,349680,2026-06-10T10:17:26.2650192Z
game/gfx/models/artifacts/objects/goblets/ep1_western_goblet_basic_01_a_prop.asset,Assets/CK3Map/Data/Source/game/gfx/models/artifacts/objects/goblets/ep1_western_goblet_basic_01_a_prop.asset,1425,2026-06-10T10:20:01.3932923Z
game/gfx/models/artifacts/objects/goblets/ep1_western_goblet_basic_01_a_prop.mesh,Assets/CK3Map/Data/Source/game/gfx/models/artifacts/objects/goblets/ep1_western_goblet_basic_01_a_prop.mesh,70216,2026-06-10T10:20:54.6645447Z
game/gfx/models/artifacts/objects/goblets/ep1_western_goblet_basic_01_a_properties.dds,Assets/CK3Map/Data/Source/game/gfx/models/artifacts/objects/goblets/ep1_western_goblet_basic_01_a_properties.dds,349680,2026-06-10T10:17:26.2650192Z
game/gfx/models/artifacts/objects/goblets/ep1_western_goblet_basic_01_b_diffuse.dds,Assets/CK3Map/Data/Source/game/gfx/models/artifacts/objects/goblets/ep1_western_goblet_basic_01_b_diffuse.dds,349680,2026-06-10T10:17:26.2666259Z
game/gfx/models/artifacts/objects/goblets/ep1_western_goblet_basic_01_b_normal.dds,Assets/CK3Map/Data/Source/game/gfx/models/artifacts/objects/goblets/ep1_western_goblet_basic_01_b_normal.dds,349680,2026-06-10T10:17:26.2666259Z
game/gfx/models/artifacts/objects/goblets/ep1_western_goblet_basic_01_b_properties.dds,Assets/CK3Map/Data/Source/game/gfx/models/artifacts/objects/goblets/ep1_western_goblet_basic_01_b_properties.dds,349680,2026-06-10T10:17:26.2666259Z
game/gfx/models/artifacts/objects/mpo/mpo_steppe_carpets.asset,Assets/CK3Map/Data/Source/game/gfx/models/artifacts/objects/mpo/mpo_steppe_carpets.asset,3499,2026-06-10T10:20:49.2986712Z
game/gfx/models/artifacts/objects/mpo/mpo_steppe_carpets_g1.mesh,Assets/CK3Map/Data/Source/game/gfx/models/artifacts/objects/mpo/mpo_steppe_carpets_g1.mesh,69862,2026-06-10T10:20:06.3134124Z
game/gfx/models/artifacts/objects/mpo/mpo_steppe_carpets_g2.mesh,Assets/CK3Map/Data/Source/game/gfx/models/artifacts/objects/mpo/mpo_steppe_carpets_g2.mesh,81094,2026-06-10T10:20:38.6094682Z
game/gfx/models/artifacts/objects/mpo/mpo_steppe_carpet_01_g1_01_diffuse.dds,Assets/CK3Map/Data/Source/game/gfx/models/artifacts/objects/mpo/mpo_steppe_carpet_01_g1_01_diffuse.dds,1398256,2026-06-10T10:17:26.2666259Z
game/gfx/models/artifacts/objects/mpo/mpo_steppe_carpet_01_g1_02_diffuse.dds,Assets/CK3Map/Data/Source/game/gfx/models/artifacts/objects/mpo/mpo_steppe_carpet_01_g1_02_diffuse.dds,1398256,2026-06-10T10:17:26.2666259Z
game/gfx/models/artifacts/objects/mpo/mpo_steppe_carpet_01_g1_03_diffuse.dds,Assets/CK3Map/Data/Source/game/gfx/models/artifacts/objects/mpo/mpo_steppe_carpet_01_g1_03_diffuse.dds,1398256,2026-06-10T10:17:26.2666259Z
game/gfx/models/artifacts/objects/mpo/mpo_steppe_carpet_01_g2_01_diffuse.dds,Assets/CK3Map/Data/Source/game/gfx/models/artifacts/objects/mpo/mpo_steppe_carpet_01_g2_01_diffuse.dds,1398256,2026-06-10T10:17:26.2666259Z
game/gfx/models/artifacts/objects/mpo/mpo_steppe_carpet_01_g2_02_diffuse.dds,Assets/CK3Map/Data/Source/game/gfx/models/artifacts/objects/mpo/mpo_steppe_carpet_01_g2_02_diffuse.dds,1398256,2026-06-10T10:17:26.2666259Z
game/gfx/models/artifacts/objects/mpo/mpo_steppe_carpet_01_g2_03_diffuse.dds,Assets/CK3Map/Data/Source/game/gfx/models/artifacts/objects/mpo/mpo_steppe_carpet_01_g2_03_diffuse.dds,1398256,2026-06-10T10:17:26.2666259Z
game/gfx/models/artifacts/objects/mpo/mpo_steppe_carpet_01_normal.dds,Assets/CK3Map/Data/Source/game/gfx/models/artifacts/objects/mpo/mpo_steppe_carpet_01_normal.dds,1398256,2026-06-10T10:17:26.2666259Z
game/gfx/models/artifacts/objects/mpo/mpo_steppe_carpet_01_properties.dds,Assets/CK3Map/Data/Source/game/gfx/models/artifacts/objects/mpo/mpo_steppe_carpet_01_properties.dds,87536,2026-06-10T10:20:00.4628518Z
game/gfx/models/artifacts/objects/mpo/mpo_steppe_chest_01.mesh,Assets/CK3Map/Data/Source/game/gfx/models/artifacts/objects/mpo/mpo_steppe_chest_01.mesh,56574,2026-06-10T10:20:51.5613139Z
game/gfx/models/artifacts/objects/mpo/mpo_steppe_chest_02.mesh,Assets/CK3Map/Data/Source/game/gfx/models/artifacts/objects/mpo/mpo_steppe_chest_02.mesh,36534,2026-06-10T10:20:00.4628518Z
game/gfx/models/artifacts/objects/mpo/mpo_steppe_chest_03.mesh,Assets/CK3Map/Data/Source/game/gfx/models/artifacts/objects/mpo/mpo_steppe_chest_03.mesh,33870,2026-06-10T10:20:51.5608037Z
game/gfx/models/artifacts/objects/mpo/mpo_steppe_chest_diffuse.dds,Assets/CK3Map/Data/Source/game/gfx/models/artifacts/objects/mpo/mpo_steppe_chest_diffuse.dds,1398256,2026-06-10T10:17:26.2681380Z
game/gfx/models/artifacts/objects/mpo/mpo_steppe_chest_normal.dds,Assets/CK3Map/Data/Source/game/gfx/models/artifacts/objects/mpo/mpo_steppe_chest_normal.dds,1398256,2026-06-10T10:17:26.2681380Z
game/gfx/models/artifacts/objects/mpo/mpo_steppe_chest_properties.dds,Assets/CK3Map/Data/Source/game/gfx/models/artifacts/objects/mpo/mpo_steppe_chest_properties.dds,1398256,2026-06-10T10:17:26.2681380Z
game/gfx/models/artifacts/objects/mpo/mpo_steppe_cushions.mesh,Assets/CK3Map/Data/Source/game/gfx/models/artifacts/objects/mpo/mpo_steppe_cushions.mesh,634909,2026-06-10T10:17:26.2681380Z
game/gfx/models/artifacts/objects/mpo/mpo_steppe_cushions_diffuse.dds,Assets/CK3Map/Data/Source/game/gfx/models/artifacts/objects/mpo/mpo_steppe_cushions_diffuse.dds,1398256,2026-06-10T10:17:26.2681380Z
game/gfx/models/artifacts/objects/mpo/mpo_steppe_cushions_normal.dds,Assets/CK3Map/Data/Source/game/gfx/models/artifacts/objects/mpo/mpo_steppe_cushions_normal.dds,1398256,2026-06-10T10:17:26.2681380Z
game/gfx/models/artifacts/objects/mpo/mpo_steppe_cushions_properties.dds,Assets/CK3Map/Data/Source/game/gfx/models/artifacts/objects/mpo/mpo_steppe_cushions_properties.dds,87536,2026-06-10T10:20:06.3128930Z
game/gfx/models/artifacts/objects/mpo/mpo_steppe_furnitures.asset,Assets/CK3Map/Data/Source/game/gfx/models/artifacts/objects/mpo/mpo_steppe_furnitures.asset,9581,2026-06-10T10:20:18.5828930Z
game/gfx/models/artifacts/objects/mpo/mpo_steppe_panels.mesh,Assets/CK3Map/Data/Source/game/gfx/models/artifacts/objects/mpo/mpo_steppe_panels.mesh,2486906,2026-06-10T10:17:26.2681380Z
game/gfx/models/artifacts/objects/mpo/mpo_steppe_panels_diffuse.dds,Assets/CK3Map/Data/Source/game/gfx/models/artifacts/objects/mpo/mpo_steppe_panels_diffuse.dds,1398256,2026-06-10T10:17:26.2681380Z
game/gfx/models/artifacts/objects/mpo/mpo_steppe_panels_normal.dds,Assets/CK3Map/Data/Source/game/gfx/models/artifacts/objects/mpo/mpo_steppe_panels_normal.dds,1398256,2026-06-10T10:17:26.2681380Z
game/gfx/models/artifacts/objects/mpo/mpo_steppe_panels_properties.dds,Assets/CK3Map/Data/Source/game/gfx/models/artifacts/objects/mpo/mpo_steppe_panels_properties.dds,1398256,2026-06-10T10:17:26.2681380Z
game/gfx/models/artifacts/objects/mpo/mpo_steppe_table.mesh,Assets/CK3Map/Data/Source/game/gfx/models/artifacts/objects/mpo/mpo_steppe_table.mesh,47499,2026-06-10T10:20:06.5468935Z
game/gfx/models/artifacts/objects/mpo/mpo_steppe_table_diffuse.dds,Assets/CK3Map/Data/Source/game/gfx/models/artifacts/objects/mpo/mpo_steppe_table_diffuse.dds,1398256,2026-06-10T10:17:26.2681380Z
game/gfx/models/artifacts/objects/mpo/mpo_steppe_table_normal.dds,Assets/CK3Map/Data/Source/game/gfx/models/artifacts/objects/mpo/mpo_steppe_table_normal.dds,1398256,2026-06-10T10:17:26.2696656Z
game/gfx/models/artifacts/objects/mpo/mpo_steppe_table_properties.dds,Assets/CK3Map/Data/Source/game/gfx/models/artifacts/objects/mpo/mpo_steppe_table_properties.dds,1398256,2026-06-10T10:17:26.2696656Z
game/gfx/models/artifacts/objects/mpo/mpo_steppe_tapestries_01.mesh,Assets/CK3Map/Data/Source/game/gfx/models/artifacts/objects/mpo/mpo_steppe_tapestries_01.mesh,59281,2026-06-10T10:20:30.5495443Z
game/gfx/models/artifacts/objects/mpo/mpo_steppe_tugs_diffuse.dds,Assets/CK3Map/Data/Source/game/gfx/models/artifacts/objects/mpo/mpo_steppe_tugs_diffuse.dds,1398256,2026-06-10T10:17:26.2696656Z
game/gfx/models/artifacts/objects/mpo/mpo_steppe_tugs_masks.dds,Assets/CK3Map/Data/Source/game/gfx/models/artifacts/objects/mpo/mpo_steppe_tugs_masks.dds,1398256,2026-06-10T10:17:26.2703801Z
game/gfx/models/artifacts/objects/mpo/mpo_steppe_tugs_normal.dds,Assets/CK3Map/Data/Source/game/gfx/models/artifacts/objects/mpo/mpo_steppe_tugs_normal.dds,1398256,2026-06-10T10:17:26.2703801Z
game/gfx/models/artifacts/objects/mpo/mpo_steppe_tugs_properties.dds,Assets/CK3Map/Data/Source/game/gfx/models/artifacts/objects/mpo/mpo_steppe_tugs_properties.dds,1398256,2026-06-10T10:17:26.2703801Z
game/gfx/models/artifacts/objects/mpo/mpo_steppe_tug_01.mesh,Assets/CK3Map/Data/Source/game/gfx/models/artifacts/objects/mpo/mpo_steppe_tug_01.mesh,658437,2026-06-10T10:17:26.2708886Z
game/gfx/models/artifacts/objects/mpo/mpo_steppe_tug_02.mesh,Assets/CK3Map/Data/Source/game/gfx/models/artifacts/objects/mpo/mpo_steppe_tug_02.mesh,619293,2026-06-10T10:17:26.2708886Z
game/gfx/models/artifacts/objects/pouches/artifact_pouches.asset,Assets/CK3Map/Data/Source/game/gfx/models/artifacts/objects/pouches/artifact_pouches.asset,6124,2026-06-10T10:20:18.5870749Z
game/gfx/models/artifacts/objects/pouches/ep1_indian_pouch_basic_01_a.mesh,Assets/CK3Map/Data/Source/game/gfx/models/artifacts/objects/pouches/ep1_indian_pouch_basic_01_a.mesh,100840,2026-06-10T10:19:51.3407894Z
game/gfx/models/artifacts/objects/pouches/ep1_indian_pouch_basic_01_a_diffuse.dds,Assets/CK3Map/Data/Source/game/gfx/models/artifacts/objects/pouches/ep1_indian_pouch_basic_01_a_diffuse.dds,349680,2026-06-10T10:17:26.2708886Z
game/gfx/models/artifacts/objects/pouches/ep1_indian_pouch_basic_01_a_normal.dds,Assets/CK3Map/Data/Source/game/gfx/models/artifacts/objects/pouches/ep1_indian_pouch_basic_01_a_normal.dds,349680,2026-06-10T10:17:26.2714061Z
game/gfx/models/artifacts/objects/pouches/ep1_indian_pouch_basic_01_a_properties.dds,Assets/CK3Map/Data/Source/game/gfx/models/artifacts/objects/pouches/ep1_indian_pouch_basic_01_a_properties.dds,349680,2026-06-10T10:17:26.2714061Z
game/gfx/models/artifacts/objects/pouches/ep1_mediterranean_pouch_basic_01_a.mesh,Assets/CK3Map/Data/Source/game/gfx/models/artifacts/objects/pouches/ep1_mediterranean_pouch_basic_01_a.mesh,100918,2026-06-10T10:20:03.5317045Z
game/gfx/models/artifacts/objects/pouches/ep1_mediterranean_pouch_basic_01_a_diffuse.dds,Assets/CK3Map/Data/Source/game/gfx/models/artifacts/objects/pouches/ep1_mediterranean_pouch_basic_01_a_diffuse.dds,349680,2026-06-10T10:17:26.2714061Z
game/gfx/models/artifacts/objects/pouches/ep1_mediterranean_pouch_basic_01_a_normal.dds,Assets/CK3Map/Data/Source/game/gfx/models/artifacts/objects/pouches/ep1_mediterranean_pouch_basic_01_a_normal.dds,349680,2026-06-10T10:17:26.2719164Z
game/gfx/models/artifacts/objects/pouches/ep1_mediterranean_pouch_basic_01_a_properties.dds,Assets/CK3Map/Data/Source/game/gfx/models/artifacts/objects/pouches/ep1_mediterranean_pouch_basic_01_a_properties.dds,349680,2026-06-10T10:17:26.2719164Z
game/gfx/models/artifacts/objects/pouches/ep1_mena_pouch_basic_01_a.mesh,Assets/CK3Map/Data/Source/game/gfx/models/artifacts/objects/pouches/ep1_mena_pouch_basic_01_a.mesh,100828,2026-06-10T10:19:51.3423506Z
game/gfx/models/artifacts/objects/pouches/ep1_mena_pouch_basic_01_a_diffuse.dds,Assets/CK3Map/Data/Source/game/gfx/models/artifacts/objects/pouches/ep1_mena_pouch_basic_01_a_diffuse.dds,349680,2026-06-10T10:17:26.2719164Z
game/gfx/models/artifacts/objects/pouches/ep1_mena_pouch_basic_01_a_normal.dds,Assets/CK3Map/Data/Source/game/gfx/models/artifacts/objects/pouches/ep1_mena_pouch_basic_01_a_normal.dds,349680,2026-06-10T10:17:26.2724342Z
game/gfx/models/artifacts/objects/pouches/ep1_mena_pouch_basic_01_a_properties.dds,Assets/CK3Map/Data/Source/game/gfx/models/artifacts/objects/pouches/ep1_mena_pouch_basic_01_a_properties.dds,349680,2026-06-10T10:17:26.2724342Z
game/gfx/models/artifacts/objects/pouches/ep1_western_pouch_basic_01_a.mesh,Assets/CK3Map/Data/Source/game/gfx/models/artifacts/objects/pouches/ep1_western_pouch_basic_01_a.mesh,100855,2026-06-10T10:20:43.6111891Z
game/gfx/models/artifacts/objects/pouches/ep1_western_pouch_basic_01_a_diffuse.dds,Assets/CK3Map/Data/Source/game/gfx/models/artifacts/objects/pouches/ep1_western_pouch_basic_01_a_diffuse.dds,349680,2026-06-10T10:17:26.2724342Z
game/gfx/models/artifacts/objects/pouches/ep1_western_pouch_basic_01_a_normal.dds,Assets/CK3Map/Data/Source/game/gfx/models/artifacts/objects/pouches/ep1_western_pouch_basic_01_a_normal.dds,349680,2026-06-10T10:17:26.2729445Z
game/gfx/models/artifacts/objects/pouches/ep1_western_pouch_basic_01_a_properties.dds,Assets/CK3Map/Data/Source/game/gfx/models/artifacts/objects/pouches/ep1_western_pouch_basic_01_a_properties.dds,349680,2026-06-10T10:17:26.2729445Z
game/gfx/models/artifacts/objects/scrolls/artifact_scrolls.asset,Assets/CK3Map/Data/Source/game/gfx/models/artifacts/objects/scrolls/artifact_scrolls.asset,5086,2026-06-10T10:20:00.5245979Z
game/gfx/models/artifacts/objects/scrolls/artifact_scrolls_portrait.asset,Assets/CK3Map/Data/Source/game/gfx/models/artifacts/objects/scrolls/artifact_scrolls_portrait.asset,2024,2026-06-10T10:20:30.5495443Z
game/gfx/models/artifacts/objects/scrolls/ep1_indian_scroll_01_a.mesh,Assets/CK3Map/Data/Source/game/gfx/models/artifacts/objects/scrolls/ep1_indian_scroll_01_a.mesh,73422,2026-06-10T10:20:18.6411289Z
game/gfx/models/artifacts/objects/scrolls/ep1_indian_scroll_01_a_diffuse.dds,Assets/CK3Map/Data/Source/game/gfx/models/artifacts/objects/scrolls/ep1_indian_scroll_01_a_diffuse.dds,349680,2026-06-10T10:17:26.2729445Z
game/gfx/models/artifacts/objects/scrolls/ep1_indian_scroll_01_a_normal.dds,Assets/CK3Map/Data/Source/game/gfx/models/artifacts/objects/scrolls/ep1_indian_scroll_01_a_normal.dds,349680,2026-06-10T10:17:26.2734610Z
game/gfx/models/artifacts/objects/scrolls/ep1_indian_scroll_01_a_properties.dds,Assets/CK3Map/Data/Source/game/gfx/models/artifacts/objects/scrolls/ep1_indian_scroll_01_a_properties.dds,349680,2026-06-10T10:17:26.2734610Z
game/gfx/models/artifacts/objects/scrolls/ep1_mediterranean_scroll_01_a.mesh,Assets/CK3Map/Data/Source/game/gfx/models/artifacts/objects/scrolls/ep1_mediterranean_scroll_01_a.mesh,54830,2026-06-10T10:20:30.5500559Z
game/gfx/models/artifacts/objects/scrolls/ep1_mediterranean_scroll_01_a_diffuse.dds,Assets/CK3Map/Data/Source/game/gfx/models/artifacts/objects/scrolls/ep1_mediterranean_scroll_01_a_diffuse.dds,349680,2026-06-10T10:17:26.2734610Z
game/gfx/models/artifacts/objects/scrolls/ep1_mediterranean_scroll_01_a_normal.dds,Assets/CK3Map/Data/Source/game/gfx/models/artifacts/objects/scrolls/ep1_mediterranean_scroll_01_a_normal.dds,349680,2026-06-10T10:17:26.2739719Z
game/gfx/models/artifacts/objects/scrolls/ep1_mediterranean_scroll_01_a_properties.dds,Assets/CK3Map/Data/Source/game/gfx/models/artifacts/objects/scrolls/ep1_mediterranean_scroll_01_a_properties.dds,349680,2026-06-10T10:17:26.2739719Z
game/gfx/models/artifacts/objects/scrolls/ep1_mena_scroll_01_a.mesh,Assets/CK3Map/Data/Source/game/gfx/models/artifacts/objects/scrolls/ep1_mena_scroll_01_a.mesh,124102,2026-06-10T10:20:07.5408743Z
game/gfx/models/artifacts/objects/scrolls/ep1_mena_scroll_01_a_diffuse.dds,Assets/CK3Map/Data/Source/game/gfx/models/artifacts/objects/scrolls/ep1_mena_scroll_01_a_diffuse.dds,349680,2026-06-10T10:17:26.2739719Z
game/gfx/models/artifacts/objects/scrolls/ep1_mena_scroll_01_a_normal.dds,Assets/CK3Map/Data/Source/game/gfx/models/artifacts/objects/scrolls/ep1_mena_scroll_01_a_normal.dds,349680,2026-06-10T10:17:26.2739719Z
game/gfx/models/artifacts/objects/scrolls/ep1_mena_scroll_01_a_properties.dds,Assets/CK3Map/Data/Source/game/gfx/models/artifacts/objects/scrolls/ep1_mena_scroll_01_a_properties.dds,349680,2026-06-10T10:17:26.2744888Z
game/gfx/models/artifacts/objects/scrolls/ep1_western_scroll_01_a.mesh,Assets/CK3Map/Data/Source/game/gfx/models/artifacts/objects/scrolls/ep1_western_scroll_01_a.mesh,190819,2026-06-10T10:20:18.6416687Z
game/gfx/models/artifacts/objects/scrolls/ep1_western_scroll_01_a_diffuse.dds,Assets/CK3Map/Data/Source/game/gfx/models/artifacts/objects/scrolls/ep1_western_scroll_01_a_diffuse.dds,1398256,2026-06-10T10:17:26.2744888Z
game/gfx/models/artifacts/objects/scrolls/ep1_western_scroll_01_a_normal.dds,Assets/CK3Map/Data/Source/game/gfx/models/artifacts/objects/scrolls/ep1_western_scroll_01_a_normal.dds,1398256,2026-06-10T10:17:26.2744888Z
game/gfx/models/artifacts/objects/scrolls/ep1_western_scroll_01_a_properties.dds,Assets/CK3Map/Data/Source/game/gfx/models/artifacts/objects/scrolls/ep1_western_scroll_01_a_properties.dds,1398256,2026-06-10T10:17:26.2744888Z
game/gfx/models/artifacts/shields/ep1_indian_shield_01_a.asset,Assets/CK3Map/Data/Source/game/gfx/models/artifacts/shields/ep1_indian_shield_01_a.asset,1391,2026-06-10T10:20:35.5476110Z
game/gfx/models/artifacts/shields/ep1_indian_shield_01_a.mesh,Assets/CK3Map/Data/Source/game/gfx/models/artifacts/shields/ep1_indian_shield_01_a.mesh,155845,2026-06-10T10:20:35.6097768Z
game/gfx/models/artifacts/shields/ep1_indian_shield_01_a_coa.dds,Assets/CK3Map/Data/Source/game/gfx/models/artifacts/shields/ep1_indian_shield_01_a_coa.dds,1398256,2026-06-10T10:17:26.3199891Z
game/gfx/models/artifacts/shields/ep1_indian_shield_01_a_diffuse.dds,Assets/CK3Map/Data/Source/game/gfx/models/artifacts/shields/ep1_indian_shield_01_a_diffuse.dds,1398256,2026-06-10T10:17:26.3199891Z
game/gfx/models/artifacts/shields/ep1_indian_shield_01_a_normal.dds,Assets/CK3Map/Data/Source/game/gfx/models/artifacts/shields/ep1_indian_shield_01_a_normal.dds,1398256,2026-06-10T10:17:26.3199891Z
game/gfx/models/artifacts/shields/ep1_indian_shield_01_a_portrait.asset,Assets/CK3Map/Data/Source/game/gfx/models/artifacts/shields/ep1_indian_shield_01_a_portrait.asset,945,2026-06-10T10:21:08.8650187Z
game/gfx/models/artifacts/shields/ep1_indian_shield_01_a_portrait.mesh,Assets/CK3Map/Data/Source/game/gfx/models/artifacts/shields/ep1_indian_shield_01_a_portrait.mesh,95018,2026-06-10T10:20:18.3495736Z
game/gfx/models/artifacts/shields/ep1_indian_shield_01_a_properties.dds,Assets/CK3Map/Data/Source/game/gfx/models/artifacts/shields/ep1_indian_shield_01_a_properties.dds,1398256,2026-06-10T10:17:26.3199891Z
game/gfx/models/artifacts/shields/ep1_mediterranean_shield_01_a.asset,Assets/CK3Map/Data/Source/game/gfx/models/artifacts/shields/ep1_mediterranean_shield_01_a.asset,1503,2026-06-10T10:20:23.3715413Z
game/gfx/models/artifacts/shields/ep1_mediterranean_shield_01_a.mesh,Assets/CK3Map/Data/Source/game/gfx/models/artifacts/shields/ep1_mediterranean_shield_01_a.mesh,55700,2026-06-10T10:20:35.6097768Z
game/gfx/models/artifacts/shields/ep1_mediterranean_shield_01_a_coa.dds,Assets/CK3Map/Data/Source/game/gfx/models/artifacts/shields/ep1_mediterranean_shield_01_a_coa.dds,1398256,2026-06-10T10:17:26.3209987Z
game/gfx/models/artifacts/shields/ep1_mediterranean_shield_01_a_diffuse.dds,Assets/CK3Map/Data/Source/game/gfx/models/artifacts/shields/ep1_mediterranean_shield_01_a_diffuse.dds,1398256,2026-06-10T10:17:26.3209987Z
game/gfx/models/artifacts/shields/ep1_mediterranean_shield_01_a_normal.dds,Assets/CK3Map/Data/Source/game/gfx/models/artifacts/shields/ep1_mediterranean_shield_01_a_normal.dds,1398256,2026-06-10T10:17:26.3209987Z
game/gfx/models/artifacts/shields/ep1_mediterranean_shield_01_a_portrait.asset,Assets/CK3Map/Data/Source/game/gfx/models/artifacts/shields/ep1_mediterranean_shield_01_a_portrait.asset,1029,2026-06-10T10:20:59.6945521Z
game/gfx/models/artifacts/shields/ep1_mediterranean_shield_01_a_portrait.mesh,Assets/CK3Map/Data/Source/game/gfx/models/artifacts/shields/ep1_mediterranean_shield_01_a_portrait.mesh,36239,2026-06-10T10:20:18.3485059Z
game/gfx/models/artifacts/shields/ep1_mediterranean_shield_01_a_properties.dds,Assets/CK3Map/Data/Source/game/gfx/models/artifacts/shields/ep1_mediterranean_shield_01_a_properties.dds,1398256,2026-06-10T10:17:26.3209987Z
game/gfx/models/artifacts/shields/ep1_mena_shield_01_a.asset,Assets/CK3Map/Data/Source/game/gfx/models/artifacts/shields/ep1_mena_shield_01_a.asset,1359,2026-06-10T10:19:59.5756104Z
game/gfx/models/artifacts/shields/ep1_mena_shield_01_a.mesh,Assets/CK3Map/Data/Source/game/gfx/models/artifacts/shields/ep1_mena_shield_01_a.mesh,146267,2026-06-10T10:20:16.5636209Z
game/gfx/models/artifacts/shields/ep1_mena_shield_01_a_coa.dds,Assets/CK3Map/Data/Source/game/gfx/models/artifacts/shields/ep1_mena_shield_01_a_coa.dds,1398256,2026-06-10T10:17:26.3209987Z
game/gfx/models/artifacts/shields/ep1_mena_shield_01_a_diffuse.dds,Assets/CK3Map/Data/Source/game/gfx/models/artifacts/shields/ep1_mena_shield_01_a_diffuse.dds,1398256,2026-06-10T10:17:26.3220006Z
game/gfx/models/artifacts/shields/ep1_mena_shield_01_a_normal.dds,Assets/CK3Map/Data/Source/game/gfx/models/artifacts/shields/ep1_mena_shield_01_a_normal.dds,1398256,2026-06-10T10:17:26.3220006Z
game/gfx/models/artifacts/shields/ep1_mena_shield_01_a_portrait.asset,Assets/CK3Map/Data/Source/game/gfx/models/artifacts/shields/ep1_mena_shield_01_a_portrait.asset,921,2026-06-10T10:20:05.6413922Z
game/gfx/models/artifacts/shields/ep1_mena_shield_01_a_portrait.mesh,Assets/CK3Map/Data/Source/game/gfx/models/artifacts/shields/ep1_mena_shield_01_a_portrait.mesh,85180,2026-06-10T10:20:06.3134124Z
game/gfx/models/artifacts/shields/ep1_mena_shield_01_a_properties.dds,Assets/CK3Map/Data/Source/game/gfx/models/artifacts/shields/ep1_mena_shield_01_a_properties.dds,1398256,2026-06-10T10:17:26.3220006Z
game/gfx/models/artifacts/shields/ep1_western_shield_01_a.asset,Assets/CK3Map/Data/Source/game/gfx/models/artifacts/shields/ep1_western_shield_01_a.asset,1407,2026-06-10T10:21:08.8650187Z
game/gfx/models/artifacts/shields/ep1_western_shield_01_a.mesh,Assets/CK3Map/Data/Source/game/gfx/models/artifacts/shields/ep1_western_shield_01_a.mesh,66470,2026-06-10T10:20:35.6108151Z
game/gfx/models/artifacts/shields/ep1_western_shield_01_a_coa.dds,Assets/CK3Map/Data/Source/game/gfx/models/artifacts/shields/ep1_western_shield_01_a_coa.dds,1398256,2026-06-10T10:17:26.3225056Z
game/gfx/models/artifacts/shields/ep1_western_shield_01_a_diffuse.dds,Assets/CK3Map/Data/Source/game/gfx/models/artifacts/shields/ep1_western_shield_01_a_diffuse.dds,1398256,2026-06-10T10:17:26.3225056Z
game/gfx/models/artifacts/shields/ep1_western_shield_01_a_normal.dds,Assets/CK3Map/Data/Source/game/gfx/models/artifacts/shields/ep1_western_shield_01_a_normal.dds,1398256,2026-06-10T10:17:26.3225056Z
game/gfx/models/artifacts/shields/ep1_western_shield_01_a_portrait.asset,Assets/CK3Map/Data/Source/game/gfx/models/artifacts/shields/ep1_western_shield_01_a_portrait.asset,957,2026-06-10T10:20:19.5351525Z
game/gfx/models/artifacts/shields/ep1_western_shield_01_a_portrait.mesh,Assets/CK3Map/Data/Source/game/gfx/models/artifacts/shields/ep1_western_shield_01_a_portrait.mesh,41773,2026-06-10T10:21:02.3422776Z
game/gfx/models/artifacts/shields/ep1_western_shield_01_a_properties.dds,Assets/CK3Map/Data/Source/game/gfx/models/artifacts/shields/ep1_western_shield_01_a_properties.dds,1398256,2026-06-10T10:17:26.3230143Z
game/gfx/models/artifacts/shields/ep1_western_shield_01_fox_diffuse.dds,Assets/CK3Map/Data/Source/game/gfx/models/artifacts/shields/ep1_western_shield_01_fox_diffuse.dds,1398276,2026-06-10T10:17:26.3230143Z
game/gfx/models/artifacts/shields/ep1_western_shield_01_fox_properties.dds,Assets/CK3Map/Data/Source/game/gfx/models/artifacts/shields/ep1_western_shield_01_fox_properties.dds,1398276,2026-06-10T10:17:26.3235249Z
game/gfx/models/artifacts/weapons/ep1_african_axe_01_a.mesh,Assets/CK3Map/Data/Source/game/gfx/models/artifacts/weapons/ep1_african_axe_01_a.mesh,170659,2026-06-10T10:20:11.3498208Z
game/gfx/models/artifacts/weapons/ep1_african_axe_01_a_diffuse.dds,Assets/CK3Map/Data/Source/game/gfx/models/artifacts/weapons/ep1_african_axe_01_a_diffuse.dds,1398256,2026-06-10T10:17:26.3677320Z
game/gfx/models/artifacts/weapons/ep1_african_axe_01_a_normal.dds,Assets/CK3Map/Data/Source/game/gfx/models/artifacts/weapons/ep1_african_axe_01_a_normal.dds,1398256,2026-06-10T10:17:26.3677320Z
game/gfx/models/artifacts/weapons/ep1_african_axe_01_a_portrait.mesh,Assets/CK3Map/Data/Source/game/gfx/models/artifacts/weapons/ep1_african_axe_01_a_portrait.mesh,83467,2026-06-10T10:21:13.6013493Z
game/gfx/models/artifacts/weapons/ep1_african_axe_01_a_properties.dds,Assets/CK3Map/Data/Source/game/gfx/models/artifacts/weapons/ep1_african_axe_01_a_properties.dds,1398256,2026-06-10T10:17:26.3677320Z
game/gfx/models/artifacts/weapons/ep1_african_mace_01_a.mesh,Assets/CK3Map/Data/Source/game/gfx/models/artifacts/weapons/ep1_african_mace_01_a.mesh,405790,2026-06-10T10:17:26.3677320Z
game/gfx/models/artifacts/weapons/ep1_african_mace_01_a_diffuse.dds,Assets/CK3Map/Data/Source/game/gfx/models/artifacts/weapons/ep1_african_mace_01_a_diffuse.dds,174928,2026-06-10T10:20:27.9521652Z
game/gfx/models/artifacts/weapons/ep1_african_mace_01_a_normal.dds,Assets/CK3Map/Data/Source/game/gfx/models/artifacts/weapons/ep1_african_mace_01_a_normal.dds,174928,2026-06-10T10:21:24.3445624Z
game/gfx/models/artifacts/weapons/ep1_african_mace_01_a_portrait.mesh,Assets/CK3Map/Data/Source/game/gfx/models/artifacts/weapons/ep1_african_mace_01_a_portrait.mesh,319036,2026-06-10T10:17:26.3677320Z
game/gfx/models/artifacts/weapons/ep1_african_mace_01_a_properties.dds,Assets/CK3Map/Data/Source/game/gfx/models/artifacts/weapons/ep1_african_mace_01_a_properties.dds,174928,2026-06-10T10:20:07.6038764Z
game/gfx/models/artifacts/weapons/ep1_african_spear_01_a.mesh,Assets/CK3Map/Data/Source/game/gfx/models/artifacts/weapons/ep1_african_spear_01_a.mesh,176122,2026-06-10T10:21:13.6008268Z
game/gfx/models/artifacts/weapons/ep1_african_spear_01_a_diffuse.dds,Assets/CK3Map/Data/Source/game/gfx/models/artifacts/weapons/ep1_african_spear_01_a_diffuse.dds,1398256,2026-06-10T10:17:26.3677320Z
game/gfx/models/artifacts/weapons/ep1_african_spear_01_a_normal.dds,Assets/CK3Map/Data/Source/game/gfx/models/artifacts/weapons/ep1_african_spear_01_a_normal.dds,1398256,2026-06-10T10:17:26.3677320Z
game/gfx/models/artifacts/weapons/ep1_african_spear_01_a_portrait.mesh,Assets/CK3Map/Data/Source/game/gfx/models/artifacts/weapons/ep1_african_spear_01_a_portrait.mesh,90337,2026-06-10T10:20:24.4033042Z
game/gfx/models/artifacts/weapons/ep1_african_spear_01_a_properties.dds,Assets/CK3Map/Data/Source/game/gfx/models/artifacts/weapons/ep1_african_spear_01_a_properties.dds,1398256,2026-06-10T10:17:26.3677320Z
game/gfx/models/artifacts/weapons/ep1_african_sword_01_a.mesh,Assets/CK3Map/Data/Source/game/gfx/models/artifacts/weapons/ep1_african_sword_01_a.mesh,277663,2026-06-10T10:17:26.3688578Z
game/gfx/models/artifacts/weapons/ep1_african_sword_01_a_diffuse.dds,Assets/CK3Map/Data/Source/game/gfx/models/artifacts/weapons/ep1_african_sword_01_a_diffuse.dds,1398256,2026-06-10T10:17:26.3688578Z
game/gfx/models/artifacts/weapons/ep1_african_sword_01_a_normal.dds,Assets/CK3Map/Data/Source/game/gfx/models/artifacts/weapons/ep1_african_sword_01_a_normal.dds,1398256,2026-06-10T10:17:26.3688578Z
game/gfx/models/artifacts/weapons/ep1_african_sword_01_a_portrait.mesh,Assets/CK3Map/Data/Source/game/gfx/models/artifacts/weapons/ep1_african_sword_01_a_portrait.mesh,191299,2026-06-10T10:20:40.3383568Z
game/gfx/models/artifacts/weapons/ep1_african_sword_01_a_properties.dds,Assets/CK3Map/Data/Source/game/gfx/models/artifacts/weapons/ep1_african_sword_01_a_properties.dds,1398256,2026-06-10T10:17:26.3688578Z
game/gfx/models/artifacts/weapons/ep1_artifacts_weapons.asset,Assets/CK3Map/Data/Source/game/gfx/models/artifacts/weapons/ep1_artifacts_weapons.asset,86309,2026-06-10T10:20:42.4253744Z
game/gfx/models/artifacts/weapons/ep1_artifacts_weapons_portrait.asset,Assets/CK3Map/Data/Source/game/gfx/models/artifacts/weapons/ep1_artifacts_weapons_portrait.asset,52823,2026-06-10T10:21:24.3389453Z
game/gfx/models/artifacts/weapons/ep1_byzantine_mace_01_a.mesh,Assets/CK3Map/Data/Source/game/gfx/models/artifacts/weapons/ep1_byzantine_mace_01_a.mesh,182893,2026-06-10T10:21:25.5566368Z
game/gfx/models/artifacts/weapons/ep1_byzantine_mace_01_a_diffuse.dds,Assets/CK3Map/Data/Source/game/gfx/models/artifacts/weapons/ep1_byzantine_mace_01_a_diffuse.dds,1398256,2026-06-10T10:17:26.3688578Z
game/gfx/models/artifacts/weapons/ep1_byzantine_mace_01_a_normal.dds,Assets/CK3Map/Data/Source/game/gfx/models/artifacts/weapons/ep1_byzantine_mace_01_a_normal.dds,1398256,2026-06-10T10:17:26.3688578Z
game/gfx/models/artifacts/weapons/ep1_byzantine_mace_01_a_portrait.mesh,Assets/CK3Map/Data/Source/game/gfx/models/artifacts/weapons/ep1_byzantine_mace_01_a_portrait.mesh,96133,2026-06-10T10:21:25.6823634Z
game/gfx/models/artifacts/weapons/ep1_byzantine_mace_01_a_properties.dds,Assets/CK3Map/Data/Source/game/gfx/models/artifacts/weapons/ep1_byzantine_mace_01_a_properties.dds,1398256,2026-06-10T10:17:26.3688578Z
game/gfx/models/artifacts/weapons/ep1_byzantine_sword_01_a.mesh,Assets/CK3Map/Data/Source/game/gfx/models/artifacts/weapons/ep1_byzantine_sword_01_a.mesh,218372,2026-06-10T10:20:32.3301962Z
game/gfx/models/artifacts/weapons/ep1_byzantine_sword_01_a_diffuse.dds,Assets/CK3Map/Data/Source/game/gfx/models/artifacts/weapons/ep1_byzantine_sword_01_a_diffuse.dds,1398256,2026-06-10T10:17:26.3688578Z
game/gfx/models/artifacts/weapons/ep1_byzantine_sword_01_a_normal.dds,Assets/CK3Map/Data/Source/game/gfx/models/artifacts/weapons/ep1_byzantine_sword_01_a_normal.dds,1398256,2026-06-10T10:17:26.3698690Z
game/gfx/models/artifacts/weapons/ep1_byzantine_sword_01_a_portrait.mesh,Assets/CK3Map/Data/Source/game/gfx/models/artifacts/weapons/ep1_byzantine_sword_01_a_portrait.mesh,132464,2026-06-10T10:21:11.2656343Z
game/gfx/models/artifacts/weapons/ep1_byzantine_sword_01_a_properties.dds,Assets/CK3Map/Data/Source/game/gfx/models/artifacts/weapons/ep1_byzantine_sword_01_a_properties.dds,1398256,2026-06-10T10:17:26.3698690Z
game/gfx/models/artifacts/weapons/ep1_indian_axe_01_a.mesh,Assets/CK3Map/Data/Source/game/gfx/models/artifacts/weapons/ep1_indian_axe_01_a.mesh,216013,2026-06-10T10:20:42.4258864Z
game/gfx/models/artifacts/weapons/ep1_indian_axe_01_a_diffuse.dds,Assets/CK3Map/Data/Source/game/gfx/models/artifacts/weapons/ep1_indian_axe_01_a_diffuse.dds,349680,2026-06-10T10:17:26.3698690Z
game/gfx/models/artifacts/weapons/ep1_indian_axe_01_a_normal.dds,Assets/CK3Map/Data/Source/game/gfx/models/artifacts/weapons/ep1_indian_axe_01_a_normal.dds,349680,2026-06-10T10:17:26.3698690Z
game/gfx/models/artifacts/weapons/ep1_indian_axe_01_a_portrait.mesh,Assets/CK3Map/Data/Source/game/gfx/models/artifacts/weapons/ep1_indian_axe_01_a_portrait.mesh,129259,2026-06-10T10:20:32.5756939Z
game/gfx/models/artifacts/weapons/ep1_indian_axe_01_a_properties.dds,Assets/CK3Map/Data/Source/game/gfx/models/artifacts/weapons/ep1_indian_axe_01_a_properties.dds,349680,2026-06-10T10:17:26.3698690Z
game/gfx/models/artifacts/weapons/ep1_indian_dagger_01_a.mesh,Assets/CK3Map/Data/Source/game/gfx/models/artifacts/weapons/ep1_indian_dagger_01_a.mesh,147841,2026-06-10T10:20:27.9521652Z
game/gfx/models/artifacts/weapons/ep1_indian_dagger_01_a_diffuse.dds,Assets/CK3Map/Data/Source/game/gfx/models/artifacts/weapons/ep1_indian_dagger_01_a_diffuse.dds,349680,2026-06-10T10:17:26.3698690Z
game/gfx/models/artifacts/weapons/ep1_indian_dagger_01_a_normal.dds,Assets/CK3Map/Data/Source/game/gfx/models/artifacts/weapons/ep1_indian_dagger_01_a_normal.dds,349680,2026-06-10T10:17:26.3698690Z
game/gfx/models/artifacts/weapons/ep1_indian_dagger_01_a_portrait.mesh,Assets/CK3Map/Data/Source/game/gfx/models/artifacts/weapons/ep1_indian_dagger_01_a_portrait.mesh,61081,2026-06-10T10:20:40.5241406Z
game/gfx/models/artifacts/weapons/ep1_indian_dagger_01_a_properties.dds,Assets/CK3Map/Data/Source/game/gfx/models/artifacts/weapons/ep1_indian_dagger_01_a_properties.dds,349680,2026-06-10T10:17:26.3708791Z
game/gfx/models/artifacts/weapons/ep1_indian_mace_01_a.mesh,Assets/CK3Map/Data/Source/game/gfx/models/artifacts/weapons/ep1_indian_mace_01_a.mesh,201130,2026-06-10T10:20:37.2907664Z
game/gfx/models/artifacts/weapons/ep1_indian_mace_01_a_diffuse.dds,Assets/CK3Map/Data/Source/game/gfx/models/artifacts/weapons/ep1_indian_mace_01_a_diffuse.dds,349680,2026-06-10T10:17:26.3708791Z
game/gfx/models/artifacts/weapons/ep1_indian_mace_01_a_normal.dds,Assets/CK3Map/Data/Source/game/gfx/models/artifacts/weapons/ep1_indian_mace_01_a_normal.dds,349680,2026-06-10T10:17:26.3708791Z
game/gfx/models/artifacts/weapons/ep1_indian_mace_01_a_portrait.mesh,Assets/CK3Map/Data/Source/game/gfx/models/artifacts/weapons/ep1_indian_mace_01_a_portrait.mesh,123520,2026-06-10T10:20:37.2942111Z
game/gfx/models/artifacts/weapons/ep1_indian_mace_01_a_properties.dds,Assets/CK3Map/Data/Source/game/gfx/models/artifacts/weapons/ep1_indian_mace_01_a_properties.dds,349680,2026-06-10T10:17:26.3708791Z
game/gfx/models/artifacts/weapons/ep1_indian_spear_01_a.mesh,Assets/CK3Map/Data/Source/game/gfx/models/artifacts/weapons/ep1_indian_spear_01_a.mesh,169246,2026-06-10T10:20:11.4700996Z
game/gfx/models/artifacts/weapons/ep1_indian_spear_01_a_diffuse.dds,Assets/CK3Map/Data/Source/game/gfx/models/artifacts/weapons/ep1_indian_spear_01_a_diffuse.dds,699216,2026-06-10T10:17:26.3708791Z
game/gfx/models/artifacts/weapons/ep1_indian_spear_01_a_normal.dds,Assets/CK3Map/Data/Source/game/gfx/models/artifacts/weapons/ep1_indian_spear_01_a_normal.dds,699216,2026-06-10T10:17:26.3708791Z
game/gfx/models/artifacts/weapons/ep1_indian_spear_01_a_portrait.mesh,Assets/CK3Map/Data/Source/game/gfx/models/artifacts/weapons/ep1_indian_spear_01_a_portrait.mesh,83077,2026-06-10T10:20:42.4253744Z
game/gfx/models/artifacts/weapons/ep1_indian_spear_01_a_properties.dds,Assets/CK3Map/Data/Source/game/gfx/models/artifacts/weapons/ep1_indian_spear_01_a_properties.dds,699216,2026-06-10T10:17:26.3708791Z
game/gfx/models/artifacts/weapons/ep1_indian_sword_01_a.mesh,Assets/CK3Map/Data/Source/game/gfx/models/artifacts/weapons/ep1_indian_sword_01_a.mesh,183214,2026-06-10T10:21:26.6159373Z
game/gfx/models/artifacts/weapons/ep1_indian_sword_01_a_diffuse.dds,Assets/CK3Map/Data/Source/game/gfx/models/artifacts/weapons/ep1_indian_sword_01_a_diffuse.dds,349680,2026-06-10T10:17:26.3708791Z
game/gfx/models/artifacts/weapons/ep1_indian_sword_01_a_normal.dds,Assets/CK3Map/Data/Source/game/gfx/models/artifacts/weapons/ep1_indian_sword_01_a_normal.dds,349680,2026-06-10T10:17:26.3718822Z
game/gfx/models/artifacts/weapons/ep1_indian_sword_01_a_portrait.mesh,Assets/CK3Map/Data/Source/game/gfx/models/artifacts/weapons/ep1_indian_sword_01_a_portrait.mesh,97492,2026-06-10T10:21:11.3287317Z
game/gfx/models/artifacts/weapons/ep1_indian_sword_01_a_properties.dds,Assets/CK3Map/Data/Source/game/gfx/models/artifacts/weapons/ep1_indian_sword_01_a_properties.dds,349680,2026-06-10T10:17:26.3718822Z
game/gfx/models/artifacts/weapons/ep1_mediterranean_axe_01_a.mesh,Assets/CK3Map/Data/Source/game/gfx/models/artifacts/weapons/ep1_mediterranean_axe_01_a.mesh,210082,2026-06-10T10:20:37.3547633Z
game/gfx/models/artifacts/weapons/ep1_mediterranean_axe_01_a_diffuse.dds,Assets/CK3Map/Data/Source/game/gfx/models/artifacts/weapons/ep1_mediterranean_axe_01_a_diffuse.dds,1398256,2026-06-10T10:17:26.3718822Z
game/gfx/models/artifacts/weapons/ep1_mediterranean_axe_01_a_normal.dds,Assets/CK3Map/Data/Source/game/gfx/models/artifacts/weapons/ep1_mediterranean_axe_01_a_normal.dds,1398256,2026-06-10T10:17:26.3718822Z
game/gfx/models/artifacts/weapons/ep1_mediterranean_axe_01_a_portrait.mesh,Assets/CK3Map/Data/Source/game/gfx/models/artifacts/weapons/ep1_mediterranean_axe_01_a_portrait.mesh,122857,2026-06-10T10:20:27.9521652Z
game/gfx/models/artifacts/weapons/ep1_mediterranean_axe_01_a_properties.dds,Assets/CK3Map/Data/Source/game/gfx/models/artifacts/weapons/ep1_mediterranean_axe_01_a_properties.dds,1398256,2026-06-10T10:17:26.3718822Z
game/gfx/models/artifacts/weapons/ep1_mena_axe_01_a.mesh,Assets/CK3Map/Data/Source/game/gfx/models/artifacts/weapons/ep1_mena_axe_01_a.mesh,203149,2026-06-10T10:20:11.4099502Z
game/gfx/models/artifacts/weapons/ep1_mena_axe_01_a_diffuse.dds,Assets/CK3Map/Data/Source/game/gfx/models/artifacts/weapons/ep1_mena_axe_01_a_diffuse.dds,1398256,2026-06-10T10:17:26.3718822Z
game/gfx/models/artifacts/weapons/ep1_mena_axe_01_a_normal.dds,Assets/CK3Map/Data/Source/game/gfx/models/artifacts/weapons/ep1_mena_axe_01_a_normal.dds,1398256,2026-06-10T10:17:26.3718822Z
game/gfx/models/artifacts/weapons/ep1_mena_axe_01_a_portrait.mesh,Assets/CK3Map/Data/Source/game/gfx/models/artifacts/weapons/ep1_mena_axe_01_a_portrait.mesh,116542,2026-06-10T10:20:27.9526806Z
game/gfx/models/artifacts/weapons/ep1_mena_axe_01_a_properties.dds,Assets/CK3Map/Data/Source/game/gfx/models/artifacts/weapons/ep1_mena_axe_01_a_properties.dds,1398256,2026-06-10T10:17:26.3718822Z
game/gfx/models/artifacts/weapons/ep1_mena_dagger_01_a.mesh,Assets/CK3Map/Data/Source/game/gfx/models/artifacts/weapons/ep1_mena_dagger_01_a.mesh,171601,2026-06-10T10:21:11.3287317Z
game/gfx/models/artifacts/weapons/ep1_mena_dagger_01_a_diffuse.dds,Assets/CK3Map/Data/Source/game/gfx/models/artifacts/weapons/ep1_mena_dagger_01_a_diffuse.dds,1398256,2026-06-10T10:17:26.3718822Z
game/gfx/models/artifacts/weapons/ep1_mena_dagger_01_a_normal.dds,Assets/CK3Map/Data/Source/game/gfx/models/artifacts/weapons/ep1_mena_dagger_01_a_normal.dds,1398256,2026-06-10T10:17:26.3730318Z
game/gfx/models/artifacts/weapons/ep1_mena_dagger_01_a_portrait.mesh,Assets/CK3Map/Data/Source/game/gfx/models/artifacts/weapons/ep1_mena_dagger_01_a_portrait.mesh,84841,2026-06-10T10:20:41.7013351Z
game/gfx/models/artifacts/weapons/ep1_mena_dagger_01_a_properties.dds,Assets/CK3Map/Data/Source/game/gfx/models/artifacts/weapons/ep1_mena_dagger_01_a_properties.dds,1398256,2026-06-10T10:17:26.3730318Z
game/gfx/models/artifacts/weapons/ep1_mena_hammer_01_a.mesh,Assets/CK3Map/Data/Source/game/gfx/models/artifacts/weapons/ep1_mena_hammer_01_a.mesh,118378,2026-06-10T10:21:14.3280068Z
game/gfx/models/artifacts/weapons/ep1_mena_hammer_01_a_diffuse.dds,Assets/CK3Map/Data/Source/game/gfx/models/artifacts/weapons/ep1_mena_hammer_01_a_diffuse.dds,349680,2026-06-10T10:17:26.3730318Z
game/gfx/models/artifacts/weapons/ep1_mena_hammer_01_a_normal.dds,Assets/CK3Map/Data/Source/game/gfx/models/artifacts/weapons/ep1_mena_hammer_01_a_normal.dds,349680,2026-06-10T10:17:26.3730318Z
game/gfx/models/artifacts/weapons/ep1_mena_hammer_01_a_portrait.mesh,Assets/CK3Map/Data/Source/game/gfx/models/artifacts/weapons/ep1_mena_hammer_01_a_portrait.mesh,37633,2026-06-10T10:21:11.5134435Z
game/gfx/models/artifacts/weapons/ep1_mena_hammer_01_a_properties.dds,Assets/CK3Map/Data/Source/game/gfx/models/artifacts/weapons/ep1_mena_hammer_01_a_properties.dds,349680,2026-06-10T10:17:26.3730318Z
game/gfx/models/artifacts/weapons/ep1_mena_mace_01_a.mesh,Assets/CK3Map/Data/Source/game/gfx/models/artifacts/weapons/ep1_mena_mace_01_a.mesh,131137,2026-06-10T10:20:30.3192634Z
game/gfx/models/artifacts/weapons/ep1_mena_mace_01_a_diffuse.dds,Assets/CK3Map/Data/Source/game/gfx/models/artifacts/weapons/ep1_mena_mace_01_a_diffuse.dds,699216,2026-06-10T10:17:26.3730318Z
game/gfx/models/artifacts/weapons/ep1_mena_mace_01_a_normal.dds,Assets/CK3Map/Data/Source/game/gfx/models/artifacts/weapons/ep1_mena_mace_01_a_normal.dds,699216,2026-06-10T10:17:26.3730318Z
game/gfx/models/artifacts/weapons/ep1_mena_mace_01_a_portrait.mesh,Assets/CK3Map/Data/Source/game/gfx/models/artifacts/weapons/ep1_mena_mace_01_a_portrait.mesh,44377,2026-06-10T10:20:41.6622366Z
game/gfx/models/artifacts/weapons/ep1_mena_mace_01_a_properties.dds,Assets/CK3Map/Data/Source/game/gfx/models/artifacts/weapons/ep1_mena_mace_01_a_properties.dds,699216,2026-06-10T10:17:26.3730318Z
game/gfx/models/artifacts/weapons/ep1_mena_spear_01_a.mesh,Assets/CK3Map/Data/Source/game/gfx/models/artifacts/weapons/ep1_mena_spear_01_a.mesh,155278,2026-06-10T10:20:13.3163900Z
game/gfx/models/artifacts/weapons/ep1_mena_spear_01_a_diffuse.dds,Assets/CK3Map/Data/Source/game/gfx/models/artifacts/weapons/ep1_mena_spear_01_a_diffuse.dds,1398256,2026-06-10T10:17:26.3730318Z
game/gfx/models/artifacts/weapons/ep1_mena_spear_01_a_normal.dds,Assets/CK3Map/Data/Source/game/gfx/models/artifacts/weapons/ep1_mena_spear_01_a_normal.dds,1398256,2026-06-10T10:17:26.3730318Z
game/gfx/models/artifacts/weapons/ep1_mena_spear_01_a_portrait.mesh,Assets/CK3Map/Data/Source/game/gfx/models/artifacts/weapons/ep1_mena_spear_01_a_portrait.mesh,69349,2026-06-10T10:20:53.4926513Z
game/gfx/models/artifacts/weapons/ep1_mena_spear_01_a_properties.dds,Assets/CK3Map/Data/Source/game/gfx/models/artifacts/weapons/ep1_mena_spear_01_a_properties.dds,1398256,2026-06-10T10:17:26.3740490Z
game/gfx/models/artifacts/weapons/ep1_mena_sword_01_a.mesh,Assets/CK3Map/Data/Source/game/gfx/models/artifacts/weapons/ep1_mena_sword_01_a.mesh,251806,2026-06-10T10:20:53.4931611Z
game/gfx/models/artifacts/weapons/ep1_mena_sword_01_a_diffuse.dds,Assets/CK3Map/Data/Source/game/gfx/models/artifacts/weapons/ep1_mena_sword_01_a_diffuse.dds,1398256,2026-06-10T10:17:26.3740490Z
game/gfx/models/artifacts/weapons/ep1_mena_sword_01_a_normal.dds,Assets/CK3Map/Data/Source/game/gfx/models/artifacts/weapons/ep1_mena_sword_01_a_normal.dds,1398256,2026-06-10T10:17:26.3740490Z
game/gfx/models/artifacts/weapons/ep1_mena_sword_01_a_portrait.mesh,Assets/CK3Map/Data/Source/game/gfx/models/artifacts/weapons/ep1_mena_sword_01_a_portrait.mesh,165958,2026-06-10T10:20:24.5722699Z
game/gfx/models/artifacts/weapons/ep1_mena_sword_01_a_properties.dds,Assets/CK3Map/Data/Source/game/gfx/models/artifacts/weapons/ep1_mena_sword_01_a_properties.dds,1398256,2026-06-10T10:17:26.3740490Z
game/gfx/models/artifacts/weapons/ep1_northern_axe_01_a.mesh,Assets/CK3Map/Data/Source/game/gfx/models/artifacts/weapons/ep1_northern_axe_01_a.mesh,162958,2026-06-10T10:20:53.4926513Z
game/gfx/models/artifacts/weapons/ep1_northern_axe_01_a_diffuse.dds,Assets/CK3Map/Data/Source/game/gfx/models/artifacts/weapons/ep1_northern_axe_01_a_diffuse.dds,1398256,2026-06-10T10:17:26.3740490Z
game/gfx/models/artifacts/weapons/ep1_northern_axe_01_a_normal.dds,Assets/CK3Map/Data/Source/game/gfx/models/artifacts/weapons/ep1_northern_axe_01_a_normal.dds,1398256,2026-06-10T10:17:26.3740490Z
game/gfx/models/artifacts/weapons/ep1_northern_axe_01_a_portrait.mesh,Assets/CK3Map/Data/Source/game/gfx/models/artifacts/weapons/ep1_northern_axe_01_a_portrait.mesh,82222,2026-06-10T10:20:37.4158057Z
game/gfx/models/artifacts/weapons/ep1_northern_axe_01_a_properties.dds,Assets/CK3Map/Data/Source/game/gfx/models/artifacts/weapons/ep1_northern_axe_01_a_properties.dds,1398256,2026-06-10T10:17:26.3740490Z
game/gfx/models/artifacts/weapons/ep1_northern_sword_01_a.mesh,Assets/CK3Map/Data/Source/game/gfx/models/artifacts/weapons/ep1_northern_sword_01_a.mesh,234586,2026-06-10T10:20:26.3217889Z
game/gfx/models/artifacts/weapons/ep1_northern_sword_01_a_portrait.mesh,Assets/CK3Map/Data/Source/game/gfx/models/artifacts/weapons/ep1_northern_sword_01_a_portrait.mesh,148834,2026-06-10T10:20:12.3728169Z
game/gfx/models/artifacts/weapons/ep1_northern_sword_01_b.mesh,Assets/CK3Map/Data/Source/game/gfx/models/artifacts/weapons/ep1_northern_sword_01_b.mesh,234515,2026-06-10T10:21:11.5703182Z
game/gfx/models/artifacts/weapons/ep1_northern_sword_01_b_diffuse.dds,Assets/CK3Map/Data/Source/game/gfx/models/artifacts/weapons/ep1_northern_sword_01_b_diffuse.dds,1398256,2026-06-10T10:17:26.3750622Z
game/gfx/models/artifacts/weapons/ep1_northern_sword_01_b_normal.dds,Assets/CK3Map/Data/Source/game/gfx/models/artifacts/weapons/ep1_northern_sword_01_b_normal.dds,1398256,2026-06-10T10:17:26.3750622Z
game/gfx/models/artifacts/weapons/ep1_northern_sword_01_b_properties.dds,Assets/CK3Map/Data/Source/game/gfx/models/artifacts/weapons/ep1_northern_sword_01_b_properties.dds,1398256,2026-06-10T10:17:26.3750622Z
game/gfx/models/artifacts/weapons/ep1_steppe_axe_01_a.mesh,Assets/CK3Map/Data/Source/game/gfx/models/artifacts/weapons/ep1_steppe_axe_01_a.mesh,249646,2026-06-10T10:20:42.4258864Z
game/gfx/models/artifacts/weapons/ep1_steppe_axe_01_a_diffuse.dds,Assets/CK3Map/Data/Source/game/gfx/models/artifacts/weapons/ep1_steppe_axe_01_a_diffuse.dds,1398256,2026-06-10T10:17:26.3750622Z
game/gfx/models/artifacts/weapons/ep1_steppe_axe_01_a_normal.dds,Assets/CK3Map/Data/Source/game/gfx/models/artifacts/weapons/ep1_steppe_axe_01_a_normal.dds,1398256,2026-06-10T10:17:26.3750622Z
game/gfx/models/artifacts/weapons/ep1_steppe_axe_01_a_portrait.mesh,Assets/CK3Map/Data/Source/game/gfx/models/artifacts/weapons/ep1_steppe_axe_01_a_portrait.mesh,108421,2026-06-10T10:21:18.3377815Z
game/gfx/models/artifacts/weapons/ep1_steppe_axe_01_a_properties.dds,Assets/CK3Map/Data/Source/game/gfx/models/artifacts/weapons/ep1_steppe_axe_01_a_properties.dds,1398256,2026-06-10T10:17:26.3750622Z
game/gfx/models/artifacts/weapons/ep1_steppe_mace_01_a.mesh,Assets/CK3Map/Data/Source/game/gfx/models/artifacts/weapons/ep1_steppe_mace_01_a.mesh,184009,2026-06-10T10:20:37.4761683Z
game/gfx/models/artifacts/weapons/ep1_steppe_mace_01_a_diffuse.dds,Assets/CK3Map/Data/Source/game/gfx/models/artifacts/weapons/ep1_steppe_mace_01_a_diffuse.dds,524416,2026-06-10T10:17:26.3750622Z
game/gfx/models/artifacts/weapons/ep1_steppe_mace_01_a_normal.dds,Assets/CK3Map/Data/Source/game/gfx/models/artifacts/weapons/ep1_steppe_mace_01_a_normal.dds,1048704,2026-06-10T10:17:26.3750622Z
game/gfx/models/artifacts/weapons/ep1_steppe_mace_01_a_portrait.mesh,Assets/CK3Map/Data/Source/game/gfx/models/artifacts/weapons/ep1_steppe_mace_01_a_portrait.mesh,95521,2026-06-10T10:20:13.3148583Z
game/gfx/models/artifacts/weapons/ep1_steppe_mace_01_a_properties.dds,Assets/CK3Map/Data/Source/game/gfx/models/artifacts/weapons/ep1_steppe_mace_01_a_properties.dds,1048704,2026-06-10T10:17:26.3760726Z
game/gfx/models/artifacts/weapons/ep1_steppe_sword_01_a.mesh,Assets/CK3Map/Data/Source/game/gfx/models/artifacts/weapons/ep1_steppe_sword_01_a.mesh,194122,2026-06-10T10:20:42.4248546Z
game/gfx/models/artifacts/weapons/ep1_steppe_sword_01_a_diffuse.dds,Assets/CK3Map/Data/Source/game/gfx/models/artifacts/weapons/ep1_steppe_sword_01_a_diffuse.dds,1398256,2026-06-10T10:17:26.3760726Z
game/gfx/models/artifacts/weapons/ep1_steppe_sword_01_a_normal.dds,Assets/CK3Map/Data/Source/game/gfx/models/artifacts/weapons/ep1_steppe_sword_01_a_normal.dds,1398256,2026-06-10T10:17:26.3770831Z
game/gfx/models/artifacts/weapons/ep1_steppe_sword_01_a_portrait.mesh,Assets/CK3Map/Data/Source/game/gfx/models/artifacts/weapons/ep1_steppe_sword_01_a_portrait.mesh,108346,2026-06-10T10:20:42.4253744Z
game/gfx/models/artifacts/weapons/ep1_steppe_sword_01_a_properties.dds,Assets/CK3Map/Data/Source/game/gfx/models/artifacts/weapons/ep1_steppe_sword_01_a_properties.dds,1398256,2026-06-10T10:17:26.3770831Z
game/gfx/models/artifacts/weapons/ep1_western_axe_01_a.mesh,Assets/CK3Map/Data/Source/game/gfx/models/artifacts/weapons/ep1_western_axe_01_a.mesh,196273,2026-06-10T10:20:42.4793909Z
game/gfx/models/artifacts/weapons/ep1_western_axe_01_a_diffuse.dds,Assets/CK3Map/Data/Source/game/gfx/models/artifacts/weapons/ep1_western_axe_01_a_diffuse.dds,1398256,2026-06-10T10:17:26.3770831Z
game/gfx/models/artifacts/weapons/ep1_western_axe_01_a_normal.dds,Assets/CK3Map/Data/Source/game/gfx/models/artifacts/weapons/ep1_western_axe_01_a_normal.dds,1398256,2026-06-10T10:17:26.3787093Z
game/gfx/models/artifacts/weapons/ep1_western_axe_01_a_portrait.mesh,Assets/CK3Map/Data/Source/game/gfx/models/artifacts/weapons/ep1_western_axe_01_a_portrait.mesh,109522,2026-06-10T10:20:31.4230991Z
game/gfx/models/artifacts/weapons/ep1_western_axe_01_a_properties.dds,Assets/CK3Map/Data/Source/game/gfx/models/artifacts/weapons/ep1_western_axe_01_a_properties.dds,1398256,2026-06-10T10:17:26.3787093Z
game/gfx/models/artifacts/weapons/ep1_western_dagger_01_a.mesh,Assets/CK3Map/Data/Source/game/gfx/models/artifacts/weapons/ep1_western_dagger_01_a.mesh,199993,2026-06-10T10:20:31.4236159Z
game/gfx/models/artifacts/weapons/ep1_western_dagger_01_a_diffuse.dds,Assets/CK3Map/Data/Source/game/gfx/models/artifacts/weapons/ep1_western_dagger_01_a_diffuse.dds,174904,2026-06-10T10:20:13.3148583Z
game/gfx/models/artifacts/weapons/ep1_western_dagger_01_a_normal.dds,Assets/CK3Map/Data/Source/game/gfx/models/artifacts/weapons/ep1_western_dagger_01_a_normal.dds,349680,2026-06-10T10:17:26.3787093Z
game/gfx/models/artifacts/weapons/ep1_western_dagger_01_a_portrait.mesh,Assets/CK3Map/Data/Source/game/gfx/models/artifacts/weapons/ep1_western_dagger_01_a_portrait.mesh,100648,2026-06-10T10:20:31.4236159Z
game/gfx/models/artifacts/weapons/ep1_western_dagger_01_a_properties.dds,Assets/CK3Map/Data/Source/game/gfx/models/artifacts/weapons/ep1_western_dagger_01_a_properties.dds,349680,2026-06-10T10:17:26.3787093Z
game/gfx/models/artifacts/weapons/ep1_western_hammer_01_a.mesh,Assets/CK3Map/Data/Source/game/gfx/models/artifacts/weapons/ep1_western_hammer_01_a.mesh,110446,2026-06-10T10:20:42.4258864Z
game/gfx/models/artifacts/weapons/ep1_western_hammer_01_a_diffuse.dds,Assets/CK3Map/Data/Source/game/gfx/models/artifacts/weapons/ep1_western_hammer_01_a_diffuse.dds,349680,2026-06-10T10:17:26.3787093Z
game/gfx/models/artifacts/weapons/ep1_western_hammer_01_a_normal.dds,Assets/CK3Map/Data/Source/game/gfx/models/artifacts/weapons/ep1_western_hammer_01_a_normal.dds,349680,2026-06-10T10:17:26.3787093Z
game/gfx/models/artifacts/weapons/ep1_western_hammer_01_a_portrait.mesh,Assets/CK3Map/Data/Source/game/gfx/models/artifacts/weapons/ep1_western_hammer_01_a_portrait.mesh,29707,2026-06-10T10:20:31.4236159Z
game/gfx/models/artifacts/weapons/ep1_western_hammer_01_a_properties.dds,Assets/CK3Map/Data/Source/game/gfx/models/artifacts/weapons/ep1_western_hammer_01_a_properties.dds,349680,2026-06-10T10:17:26.3787093Z
game/gfx/models/artifacts/weapons/ep1_western_mace_01_a.mesh,Assets/CK3Map/Data/Source/game/gfx/models/artifacts/weapons/ep1_western_mace_01_a.mesh,226726,2026-06-10T10:20:53.6140152Z
game/gfx/models/artifacts/weapons/ep1_western_mace_01_a_diffuse.dds,Assets/CK3Map/Data/Source/game/gfx/models/artifacts/weapons/ep1_western_mace_01_a_diffuse.dds,1398256,2026-06-10T10:17:26.3787093Z
game/gfx/models/artifacts/weapons/ep1_western_mace_01_a_normal.dds,Assets/CK3Map/Data/Source/game/gfx/models/artifacts/weapons/ep1_western_mace_01_a_normal.dds,1398256,2026-06-10T10:17:26.3787093Z
game/gfx/models/artifacts/weapons/ep1_western_mace_01_a_portrait.mesh,Assets/CK3Map/Data/Source/game/gfx/models/artifacts/weapons/ep1_western_mace_01_a_portrait.mesh,139990,2026-06-10T10:20:38.6075175Z
game/gfx/models/artifacts/weapons/ep1_western_mace_01_a_properties.dds,Assets/CK3Map/Data/Source/game/gfx/models/artifacts/weapons/ep1_western_mace_01_a_properties.dds,1398256,2026-06-10T10:17:26.3802205Z
game/gfx/models/artifacts/weapons/ep1_western_spear_01_a.mesh,Assets/CK3Map/Data/Source/game/gfx/models/artifacts/weapons/ep1_western_spear_01_a.mesh,265354,2026-06-10T10:17:26.3802205Z
game/gfx/models/artifacts/weapons/ep1_western_spear_01_a_diffuse.dds,Assets/CK3Map/Data/Source/game/gfx/models/artifacts/weapons/ep1_western_spear_01_a_diffuse.dds,1398256,2026-06-10T10:17:26.3802205Z
game/gfx/models/artifacts/weapons/ep1_western_spear_01_a_normal.dds,Assets/CK3Map/Data/Source/game/gfx/models/artifacts/weapons/ep1_western_spear_01_a_normal.dds,1398256,2026-06-10T10:17:26.3817692Z
game/gfx/models/artifacts/weapons/ep1_western_spear_01_a_portrait.mesh,Assets/CK3Map/Data/Source/game/gfx/models/artifacts/weapons/ep1_western_spear_01_a_portrait.mesh,179578,2026-06-10T10:20:13.3163900Z
game/gfx/models/artifacts/weapons/ep1_western_spear_01_a_properties.dds,Assets/CK3Map/Data/Source/game/gfx/models/artifacts/weapons/ep1_western_spear_01_a_properties.dds,1398256,2026-06-10T10:17:26.3817692Z
game/gfx/models/artifacts/weapons/ep1_western_sword_01_a.mesh,Assets/CK3Map/Data/Source/game/gfx/models/artifacts/weapons/ep1_western_sword_01_a.mesh,246982,2026-06-10T10:21:18.3989747Z
game/gfx/models/artifacts/weapons/ep1_western_sword_01_a_diffuse.dds,Assets/CK3Map/Data/Source/game/gfx/models/artifacts/weapons/ep1_western_sword_01_a_diffuse.dds,1398256,2026-06-10T10:17:26.3822816Z
game/gfx/models/artifacts/weapons/ep1_western_sword_01_a_normal.dds,Assets/CK3Map/Data/Source/game/gfx/models/artifacts/weapons/ep1_western_sword_01_a_normal.dds,1398256,2026-06-10T10:17:26.3822816Z
game/gfx/models/artifacts/weapons/ep1_western_sword_01_a_portrait.mesh,Assets/CK3Map/Data/Source/game/gfx/models/artifacts/weapons/ep1_western_sword_01_a_portrait.mesh,161122,2026-06-10T10:20:42.4248546Z
game/gfx/models/artifacts/weapons/ep1_western_sword_01_a_properties.dds,Assets/CK3Map/Data/Source/game/gfx/models/artifacts/weapons/ep1_western_sword_01_a_properties.dds,1398256,2026-06-10T10:17:26.3822816Z
game/gfx/models/artifacts/weapons/ep1_western_sword_01_b.mesh,Assets/CK3Map/Data/Source/game/gfx/models/artifacts/weapons/ep1_western_sword_01_b.mesh,246982,2026-06-10T10:21:00.7899082Z
game/gfx/models/artifacts/weapons/ep1_western_sword_01_b_diffuse.dds,Assets/CK3Map/Data/Source/game/gfx/models/artifacts/weapons/ep1_western_sword_01_b_diffuse.dds,1398256,2026-06-10T10:17:26.3822816Z
game/gfx/models/artifacts/weapons/ep1_western_sword_01_b_normal.dds,Assets/CK3Map/Data/Source/game/gfx/models/artifacts/weapons/ep1_western_sword_01_b_normal.dds,1398256,2026-06-10T10:17:26.3827945Z
game/gfx/models/artifacts/weapons/ep1_western_sword_01_b_properties.dds,Assets/CK3Map/Data/Source/game/gfx/models/artifacts/weapons/ep1_western_sword_01_b_properties.dds,1398256,2026-06-10T10:17:26.3827945Z
game/gfx/models/artifacts/weapons/ep1_western_sword_02_a.mesh,Assets/CK3Map/Data/Source/game/gfx/models/artifacts/weapons/ep1_western_sword_02_a.mesh,216766,2026-06-10T10:20:31.6086160Z
game/gfx/models/artifacts/weapons/ep1_western_sword_02_a_portrait.mesh,Assets/CK3Map/Data/Source/game/gfx/models/artifacts/weapons/ep1_western_sword_02_a_portrait.mesh,130906,2026-06-10T10:20:27.6569278Z
game/gfx/models/artifacts/weapons/ep1_western_sword_02_b.mesh,Assets/CK3Map/Data/Source/game/gfx/models/artifacts/weapons/ep1_western_sword_02_b.mesh,216766,2026-06-10T10:20:42.4264054Z
game/gfx/models/artifacts/weapons/ep1_western_sword_03_a.mesh,Assets/CK3Map/Data/Source/game/gfx/models/artifacts/weapons/ep1_western_sword_03_a.mesh,246646,2026-06-10T10:20:14.3476681Z
game/gfx/models/artifacts/weapons/ep1_western_sword_03_a_portrait.mesh,Assets/CK3Map/Data/Source/game/gfx/models/artifacts/weapons/ep1_western_sword_03_a_portrait.mesh,160978,2026-06-10T10:20:43.3072102Z
game/gfx/models/artifacts/weapons/ep1_western_sword_03_b.mesh,Assets/CK3Map/Data/Source/game/gfx/models/artifacts/weapons/ep1_western_sword_03_b.mesh,246646,2026-06-10T10:20:31.6086160Z
game/gfx/models/artifacts/weapons/ep1_western_sword_04_a.mesh,Assets/CK3Map/Data/Source/game/gfx/models/artifacts/weapons/ep1_western_sword_04_a.mesh,246286,2026-06-10T10:20:38.6075175Z
game/gfx/models/artifacts/weapons/ep1_western_sword_04_a_portrait.mesh,Assets/CK3Map/Data/Source/game/gfx/models/artifacts/weapons/ep1_western_sword_04_a_portrait.mesh,160330,2026-06-10T10:20:14.3481806Z
game/gfx/models/artifacts/weapons/ep1_western_sword_04_b.mesh,Assets/CK3Map/Data/Source/game/gfx/models/artifacts/weapons/ep1_western_sword_04_b.mesh,246286,2026-06-10T10:20:35.3113761Z
game/gfx/models/artifacts/weapons/ep2_northern_mace_01_a.asset,Assets/CK3Map/Data/Source/game/gfx/models/artifacts/weapons/ep2_northern_mace_01_a.asset,2360,2026-06-10T10:20:14.3471134Z
game/gfx/models/artifacts/weapons/ep2_northern_mace_01_a.mesh,Assets/CK3Map/Data/Source/game/gfx/models/artifacts/weapons/ep2_northern_mace_01_a.mesh,181606,2026-06-10T10:21:27.6767461Z
game/gfx/models/artifacts/weapons/ep2_northern_mace_01_b.asset,Assets/CK3Map/Data/Source/game/gfx/models/artifacts/weapons/ep2_northern_mace_01_b.asset,2360,2026-06-10T10:20:43.2546086Z
game/gfx/models/artifacts/weapons/ep2_northern_mace_01_b.mesh,Assets/CK3Map/Data/Source/game/gfx/models/artifacts/weapons/ep2_northern_mace_01_b.mesh,181606,2026-06-10T10:20:43.3088305Z
game/gfx/models/court/rooms/western/lights/ep1_fireplace_logs.mesh,Assets/CK3Map/Data/Source/game/gfx/models/court/rooms/western/lights/ep1_fireplace_logs.mesh,318922,2026-06-10T10:17:26.6067044Z
game/gfx/models/court/rooms/western/lights/ep1_western_brazier_01_a.mesh,Assets/CK3Map/Data/Source/game/gfx/models/court/rooms/western/lights/ep1_western_brazier_01_a.mesh,234840,2026-06-10T10:21:19.5972851Z
game/gfx/models/court/rooms/western/lights/ep1_western_candles.mesh,Assets/CK3Map/Data/Source/game/gfx/models/court/rooms/western/lights/ep1_western_candles.mesh,125338,2026-06-10T10:22:15.4643670Z
game/gfx/models/court/rooms/western/lights/ep1_western_candles_diffuse.dds,Assets/CK3Map/Data/Source/game/gfx/models/court/rooms/western/lights/ep1_western_candles_diffuse.dds,349680,2026-06-10T10:17:26.6067044Z
game/gfx/models/court/rooms/western/lights/ep1_western_candles_normal.dds,Assets/CK3Map/Data/Source/game/gfx/models/court/rooms/western/lights/ep1_western_candles_normal.dds,349680,2026-06-10T10:17:26.6067044Z
game/gfx/models/court/rooms/western/lights/ep1_western_candles_properties.dds,Assets/CK3Map/Data/Source/game/gfx/models/court/rooms/western/lights/ep1_western_candles_properties.dds,349680,2026-06-10T10:17:26.6067044Z
game/gfx/models/court/rooms/western/lights/ep1_western_candle_01_a.mesh,Assets/CK3Map/Data/Source/game/gfx/models/court/rooms/western/lights/ep1_western_candle_01_a.mesh,366198,2026-06-10T10:17:26.6067044Z
game/gfx/models/court/rooms/western/lights/ep1_western_candle_brazier_01_a_diffuse.dds,Assets/CK3Map/Data/Source/game/gfx/models/court/rooms/western/lights/ep1_western_candle_brazier_01_a_diffuse.dds,349680,2026-06-10T10:17:26.6067044Z
game/gfx/models/court/rooms/western/lights/ep1_western_candle_brazier_01_a_normal.dds,Assets/CK3Map/Data/Source/game/gfx/models/court/rooms/western/lights/ep1_western_candle_brazier_01_a_normal.dds,349680,2026-06-10T10:17:26.6082146Z
game/gfx/models/court/rooms/western/lights/ep1_western_candle_brazier_01_a_properties.dds,Assets/CK3Map/Data/Source/game/gfx/models/court/rooms/western/lights/ep1_western_candle_brazier_01_a_properties.dds,349680,2026-06-10T10:17:26.6082146Z
game/gfx/models/court/rooms/western/lights/ep1_western_chandelier_01_a.mesh,Assets/CK3Map/Data/Source/game/gfx/models/court/rooms/western/lights/ep1_western_chandelier_01_a.mesh,173680,2026-06-10T10:22:18.6359896Z
game/gfx/models/court/rooms/western/lights/ep1_western_lights.asset,Assets/CK3Map/Data/Source/game/gfx/models/court/rooms/western/lights/ep1_western_lights.asset,11529,2026-06-10T10:21:35.5405150Z
game/gfx/models/court/rooms/western/lights/ep1_western_lightsources_01_a_diffuse.dds,Assets/CK3Map/Data/Source/game/gfx/models/court/rooms/western/lights/ep1_western_lightsources_01_a_diffuse.dds,5592560,2026-06-10T10:17:26.6082146Z
game/gfx/models/court/rooms/western/lights/ep1_western_lightsources_01_a_normal.dds,Assets/CK3Map/Data/Source/game/gfx/models/court/rooms/western/lights/ep1_western_lightsources_01_a_normal.dds,5592560,2026-06-10T10:17:26.6082146Z
game/gfx/models/court/rooms/western/lights/ep1_western_lightsources_01_a_properties.dds,Assets/CK3Map/Data/Source/game/gfx/models/court/rooms/western/lights/ep1_western_lightsources_01_a_properties.dds,5592560,2026-06-10T10:17:26.6082146Z
game/gfx/models/court/rooms/western/lights/ep1_western_oil_lamp_01_a.mesh,Assets/CK3Map/Data/Source/game/gfx/models/court/rooms/western/lights/ep1_western_oil_lamp_01_a.mesh,72876,2026-06-10T10:21:35.6462433Z
game/gfx/models/court/rooms/western/lights/fireplace_logs_diffuse.dds,Assets/CK3Map/Data/Source/game/gfx/models/court/rooms/western/lights/fireplace_logs_diffuse.dds,349680,2026-06-10T10:17:26.6082146Z
game/gfx/models/court/rooms/western/lights/fireplace_logs_normal.dds,Assets/CK3Map/Data/Source/game/gfx/models/court/rooms/western/lights/fireplace_logs_normal.dds,349680,2026-06-10T10:17:26.6092248Z
game/gfx/models/court/rooms/western/lights/fireplace_logs_properties.dds,Assets/CK3Map/Data/Source/game/gfx/models/court/rooms/western/lights/fireplace_logs_properties.dds,349680,2026-06-10T10:17:26.6092248Z
game/gfx/models/debug/21_shades_of_fixed_spec_roughness.dds,Assets/CK3Map/Data/Source/game/gfx/models/debug/21_shades_of_fixed_spec_roughness.dds,2412,2026-06-10T10:21:28.5895020Z
game/gfx/models/debug/21_shades_of_metalness_roughness.dds,Assets/CK3Map/Data/Source/game/gfx/models/debug/21_shades_of_metalness_roughness.dds,2412,2026-06-10T10:21:35.5934971Z
game/gfx/models/debug/21_shades_of_spec_gloss.dds,Assets/CK3Map/Data/Source/game/gfx/models/debug/21_shades_of_spec_gloss.dds,1892,2026-06-10T10:21:44.9588762Z
game/gfx/models/debug/black.dds,Assets/CK3Map/Data/Source/game/gfx/models/debug/black.dds,87536,2026-06-10T10:22:06.2873793Z
game/gfx/models/debug/blue.dds,Assets/CK3Map/Data/Source/game/gfx/models/debug/blue.dds,212,2026-06-10T10:21:37.5561785Z
game/gfx/models/debug/brick_diffuse.dds,Assets/CK3Map/Data/Source/game/gfx/models/debug/brick_diffuse.dds,61872,2026-06-10T10:21:44.9583566Z
game/gfx/models/debug/brick_normal.dds,Assets/CK3Map/Data/Source/game/gfx/models/debug/brick_normal.dds,492940,2026-06-10T10:17:26.6114197Z
game/gfx/models/debug/bronze_diff.dds,Assets/CK3Map/Data/Source/game/gfx/models/debug/bronze_diff.dds,349680,2026-06-10T10:17:26.6119306Z
game/gfx/models/debug/bronze_m_diffuse.dds,Assets/CK3Map/Data/Source/game/gfx/models/debug/bronze_m_diffuse.dds,699192,2026-06-10T10:17:26.6124406Z
game/gfx/models/debug/bronze_m_gloss.dds,Assets/CK3Map/Data/Source/game/gfx/models/debug/bronze_m_gloss.dds,1398256,2026-06-10T10:17:26.6129833Z
game/gfx/models/debug/bronze_m_normal.dds,Assets/CK3Map/Data/Source/game/gfx/models/debug/bronze_m_normal.dds,1398256,2026-06-10T10:17:26.6129833Z
game/gfx/models/debug/cloth_m_diffuse.dds,Assets/CK3Map/Data/Source/game/gfx/models/debug/cloth_m_diffuse.dds,699192,2026-06-10T10:17:26.6134928Z
game/gfx/models/debug/cloth_m_gloss.dds,Assets/CK3Map/Data/Source/game/gfx/models/debug/cloth_m_gloss.dds,1398256,2026-06-10T10:17:26.6134928Z
game/gfx/models/debug/cloth_m_normal.dds,Assets/CK3Map/Data/Source/game/gfx/models/debug/cloth_m_normal.dds,1398256,2026-06-10T10:17:26.6138339Z
game/gfx/models/debug/color_debug.dds,Assets/CK3Map/Data/Source/game/gfx/models/debug/color_debug.dds,1398256,2026-06-10T10:17:26.6138339Z
game/gfx/models/debug/color_reference.asset,Assets/CK3Map/Data/Source/game/gfx/models/debug/color_reference.asset,409,2026-06-10T10:21:36.5565240Z
game/gfx/models/debug/color_reference.mesh,Assets/CK3Map/Data/Source/game/gfx/models/debug/color_reference.mesh,2921,2026-06-10T10:21:37.6135947Z
game/gfx/models/debug/concrete_m_diffuse.dds,Assets/CK3Map/Data/Source/game/gfx/models/debug/concrete_m_diffuse.dds,699192,2026-06-10T10:17:26.6138339Z
game/gfx/models/debug/concrete_m_gloss.dds,Assets/CK3Map/Data/Source/game/gfx/models/debug/concrete_m_gloss.dds,1398256,2026-06-10T10:17:26.6138339Z
game/gfx/models/debug/concrete_m_normal.dds,Assets/CK3Map/Data/Source/game/gfx/models/debug/concrete_m_normal.dds,1398256,2026-06-10T10:17:26.6138339Z
game/gfx/models/debug/copper_m_diffuse.dds,Assets/CK3Map/Data/Source/game/gfx/models/debug/copper_m_diffuse.dds,699192,2026-06-10T10:17:26.6138339Z
game/gfx/models/debug/copper_m_gloss.dds,Assets/CK3Map/Data/Source/game/gfx/models/debug/copper_m_gloss.dds,1398256,2026-06-10T10:17:26.6148357Z
game/gfx/models/debug/copper_m_normal.dds,Assets/CK3Map/Data/Source/game/gfx/models/debug/copper_m_normal.dds,1398256,2026-06-10T10:17:26.6148357Z
game/gfx/models/debug/debug_height_object.asset,Assets/CK3Map/Data/Source/game/gfx/models/debug/debug_height_object.asset,425,2026-06-10T10:21:36.5518679Z
game/gfx/models/debug/debug_height_object.mesh,Assets/CK3Map/Data/Source/game/gfx/models/debug/debug_height_object.mesh,2068,2026-06-10T10:22:19.6627651Z
game/gfx/models/debug/gloss_spec_test_metalness_0.dds,Assets/CK3Map/Data/Source/game/gfx/models/debug/gloss_spec_test_metalness_0.dds,732,2026-06-10T10:21:21.4931055Z
game/gfx/models/debug/gloss_spec_test_metalness_100.dds,Assets/CK3Map/Data/Source/game/gfx/models/debug/gloss_spec_test_metalness_100.dds,732,2026-06-10T10:21:34.5793268Z
game/gfx/models/debug/gloss_spec_test_metalness_25.dds,Assets/CK3Map/Data/Source/game/gfx/models/debug/gloss_spec_test_metalness_25.dds,732,2026-06-10T10:22:19.6632798Z
game/gfx/models/debug/gloss_spec_test_metalness_50.dds,Assets/CK3Map/Data/Source/game/gfx/models/debug/gloss_spec_test_metalness_50.dds,732,2026-06-10T10:22:02.6079399Z
game/gfx/models/debug/gloss_spec_test_metalness_75.dds,Assets/CK3Map/Data/Source/game/gfx/models/debug/gloss_spec_test_metalness_75.dds,732,2026-06-10T10:21:29.7121554Z
game/gfx/models/debug/gold_m_diffuse.dds,Assets/CK3Map/Data/Source/game/gfx/models/debug/gold_m_diffuse.dds,699192,2026-06-10T10:17:26.6148357Z
game/gfx/models/debug/gold_m_gloss.dds,Assets/CK3Map/Data/Source/game/gfx/models/debug/gold_m_gloss.dds,1398256,2026-06-10T10:17:26.6148357Z
game/gfx/models/debug/gold_m_normal.dds,Assets/CK3Map/Data/Source/game/gfx/models/debug/gold_m_normal.dds,1398256,2026-06-10T10:17:26.6148357Z
game/gfx/models/debug/iron_m_diffuse.dds,Assets/CK3Map/Data/Source/game/gfx/models/debug/iron_m_diffuse.dds,699192,2026-06-10T10:17:26.6148357Z
game/gfx/models/debug/iron_m_gloss.dds,Assets/CK3Map/Data/Source/game/gfx/models/debug/iron_m_gloss.dds,1398256,2026-06-10T10:17:26.6148357Z
game/gfx/models/debug/iron_m_normal.dds,Assets/CK3Map/Data/Source/game/gfx/models/debug/iron_m_normal.dds,1398256,2026-06-10T10:17:26.6148357Z
game/gfx/models/debug/leather_m_diffuse.dds,Assets/CK3Map/Data/Source/game/gfx/models/debug/leather_m_diffuse.dds,699192,2026-06-10T10:17:26.6148357Z
game/gfx/models/debug/leather_m_gloss.dds,Assets/CK3Map/Data/Source/game/gfx/models/debug/leather_m_gloss.dds,1398256,2026-06-10T10:17:26.6148357Z
game/gfx/models/debug/leather_m_normal.dds,Assets/CK3Map/Data/Source/game/gfx/models/debug/leather_m_normal.dds,1398256,2026-06-10T10:17:26.6164589Z
game/gfx/models/debug/marble_m_diffuse.dds,Assets/CK3Map/Data/Source/game/gfx/models/debug/marble_m_diffuse.dds,699192,2026-06-10T10:17:26.6164589Z
game/gfx/models/debug/marble_m_gloss.dds,Assets/CK3Map/Data/Source/game/gfx/models/debug/marble_m_gloss.dds,1398256,2026-06-10T10:17:26.6164589Z
game/gfx/models/debug/marble_m_normal.dds,Assets/CK3Map/Data/Source/game/gfx/models/debug/marble_m_normal.dds,1398256,2026-06-10T10:17:26.6164589Z
game/gfx/models/debug/multi_test_object.asset,Assets/CK3Map/Data/Source/game/gfx/models/debug/multi_test_object.asset,4659,2026-06-10T10:21:17.7192031Z
game/gfx/models/debug/multi_test_object.mesh,Assets/CK3Map/Data/Source/game/gfx/models/debug/multi_test_object.mesh,13900059,2026-06-10T10:17:26.6164589Z
game/gfx/models/debug/multi_test_object_roughness.asset,Assets/CK3Map/Data/Source/game/gfx/models/debug/multi_test_object_roughness.asset,4989,2026-06-10T10:22:20.5776774Z
game/gfx/models/debug/multi_test_object_roughness.mesh,Assets/CK3Map/Data/Source/game/gfx/models/debug/multi_test_object_roughness.mesh,9845003,2026-06-10T10:17:26.6164589Z
game/gfx/models/debug/nodiffuse.dds,Assets/CK3Map/Data/Source/game/gfx/models/debug/nodiffuse.dds,468,2026-06-10T10:21:18.3440375Z
game/gfx/models/debug/nonormal.dds,Assets/CK3Map/Data/Source/game/gfx/models/debug/nonormal.dds,176,2026-06-10T10:21:22.6412192Z
game/gfx/models/debug/noproperties.dds,Assets/CK3Map/Data/Source/game/gfx/models/debug/noproperties.dds,176,2026-06-10T10:21:43.3635755Z
game/gfx/models/debug/normal_debug_texture_rrbg.dds,Assets/CK3Map/Data/Source/game/gfx/models/debug/normal_debug_texture_rrbg.dds,349680,2026-06-10T10:17:26.6164589Z
game/gfx/models/debug/normal_ref.dds,Assets/CK3Map/Data/Source/game/gfx/models/debug/normal_ref.dds,349680,2026-06-10T10:17:26.6164589Z
game/gfx/models/debug/nospec.dds,Assets/CK3Map/Data/Source/game/gfx/models/debug/nospec.dds,176,2026-06-10T10:21:43.3625528Z
game/gfx/models/debug/no_normal.dds,Assets/CK3Map/Data/Source/game/gfx/models/debug/no_normal.dds,176,2026-06-10T10:21:22.6417310Z
game/gfx/models/debug/no_properties.dds,Assets/CK3Map/Data/Source/game/gfx/models/debug/no_properties.dds,176,2026-06-10T10:21:43.3551477Z
game/gfx/models/debug/plastic_m_diffuse.dds,Assets/CK3Map/Data/Source/game/gfx/models/debug/plastic_m_diffuse.dds,699192,2026-06-10T10:17:26.6174730Z
game/gfx/models/debug/plastic_m_gloss.dds,Assets/CK3Map/Data/Source/game/gfx/models/debug/plastic_m_gloss.dds,1398256,2026-06-10T10:17:26.6174730Z
game/gfx/models/debug/plastic_m_normal.dds,Assets/CK3Map/Data/Source/game/gfx/models/debug/plastic_m_normal.dds,1398256,2026-06-10T10:17:26.6174730Z
game/gfx/models/debug/red_aluminum_diffuse.dds,Assets/CK3Map/Data/Source/game/gfx/models/debug/red_aluminum_diffuse.dds,699192,2026-06-10T10:17:26.6174730Z
game/gfx/models/debug/red_aluminum_gloss.dds,Assets/CK3Map/Data/Source/game/gfx/models/debug/red_aluminum_gloss.dds,1398256,2026-06-10T10:17:26.6174730Z
game/gfx/models/debug/red_aluminum_normal.dds,Assets/CK3Map/Data/Source/game/gfx/models/debug/red_aluminum_normal.dds,1398256,2026-06-10T10:17:26.6174730Z
game/gfx/models/debug/rubber_m_diffuse.dds,Assets/CK3Map/Data/Source/game/gfx/models/debug/rubber_m_diffuse.dds,699192,2026-06-10T10:17:26.6174730Z
game/gfx/models/debug/rubber_m_gloss.dds,Assets/CK3Map/Data/Source/game/gfx/models/debug/rubber_m_gloss.dds,1398256,2026-06-10T10:17:26.6174730Z
game/gfx/models/debug/rubber_m_normal.dds,Assets/CK3Map/Data/Source/game/gfx/models/debug/rubber_m_normal.dds,1398256,2026-06-10T10:17:26.6174730Z
game/gfx/models/debug/shader_debug_diffuse.dds,Assets/CK3Map/Data/Source/game/gfx/models/debug/shader_debug_diffuse.dds,581,2026-06-10T10:21:34.7666596Z
game/gfx/models/debug/shader_test.asset,Assets/CK3Map/Data/Source/game/gfx/models/debug/shader_test.asset,1855,2026-06-10T10:21:36.6562774Z
game/gfx/models/debug/shader_test.mesh,Assets/CK3Map/Data/Source/game/gfx/models/debug/shader_test.mesh,15326271,2026-06-10T10:17:26.6174730Z
game/gfx/models/debug/shader_test_simple.asset,Assets/CK3Map/Data/Source/game/gfx/models/debug/shader_test_simple.asset,2002,2026-06-10T10:21:18.3058756Z
game/gfx/models/debug/shader_test_simple.mesh,Assets/CK3Map/Data/Source/game/gfx/models/debug/shader_test_simple.mesh,10947882,2026-06-10T10:17:26.6174730Z
game/gfx/models/debug/silver_m_diffuse.dds,Assets/CK3Map/Data/Source/game/gfx/models/debug/silver_m_diffuse.dds,699192,2026-06-10T10:17:26.6174730Z
game/gfx/models/debug/silver_m_gloss.dds,Assets/CK3Map/Data/Source/game/gfx/models/debug/silver_m_gloss.dds,1398256,2026-06-10T10:17:26.6174730Z
game/gfx/models/debug/silver_m_normal.dds,Assets/CK3Map/Data/Source/game/gfx/models/debug/silver_m_normal.dds,1398256,2026-06-10T10:17:26.6191053Z
game/gfx/models/debug/skin_m_diffuse.dds,Assets/CK3Map/Data/Source/game/gfx/models/debug/skin_m_diffuse.dds,699192,2026-06-10T10:17:26.6191053Z
game/gfx/models/debug/skin_m_gloss.dds,Assets/CK3Map/Data/Source/game/gfx/models/debug/skin_m_gloss.dds,1398256,2026-06-10T10:17:26.6191053Z
game/gfx/models/debug/skin_m_normal.dds,Assets/CK3Map/Data/Source/game/gfx/models/debug/skin_m_normal.dds,1398256,2026-06-10T10:17:26.6191053Z
game/gfx/models/debug/steel_rough_m_diffuse.dds,Assets/CK3Map/Data/Source/game/gfx/models/debug/steel_rough_m_diffuse.dds,699192,2026-06-10T10:17:26.6191053Z
game/gfx/models/debug/steel_rough_m_gloss.dds,Assets/CK3Map/Data/Source/game/gfx/models/debug/steel_rough_m_gloss.dds,1398256,2026-06-10T10:17:26.6191053Z
game/gfx/models/debug/steel_rough_m_normal.dds,Assets/CK3Map/Data/Source/game/gfx/models/debug/steel_rough_m_normal.dds,1398256,2026-06-10T10:17:26.6191053Z
game/gfx/models/debug/substance_bg.asset,Assets/CK3Map/Data/Source/game/gfx/models/debug/substance_bg.asset,778,2026-06-10T10:21:37.3642219Z
game/gfx/models/debug/substance_bg.dds,Assets/CK3Map/Data/Source/game/gfx/models/debug/substance_bg.dds,176,2026-06-10T10:21:46.3465202Z
game/gfx/models/debug/substance_bg.mesh,Assets/CK3Map/Data/Source/game/gfx/models/debug/substance_bg.mesh,539,2026-06-10T10:21:39.6206116Z
game/gfx/models/debug/test_cube.asset,Assets/CK3Map/Data/Source/game/gfx/models/debug/test_cube.asset,378,2026-06-10T10:22:04.3461236Z
game/gfx/models/debug/test_cube.mesh,Assets/CK3Map/Data/Source/game/gfx/models/debug/test_cube.mesh,2229,2026-06-10T10:21:18.2999563Z
game/gfx/models/debug/test_diffuse.dds,Assets/CK3Map/Data/Source/game/gfx/models/debug/test_diffuse.dds,349680,2026-06-10T10:17:26.6191053Z
game/gfx/models/debug/test_height_diffuse.dds,Assets/CK3Map/Data/Source/game/gfx/models/debug/test_height_diffuse.dds,1398228,2026-06-10T10:17:26.6201185Z
game/gfx/models/debug/test_object.mesh,Assets/CK3Map/Data/Source/game/gfx/models/debug/test_object.mesh,3959,2026-06-10T10:21:30.4554321Z
game/gfx/models/debug/test_objects.asset,Assets/CK3Map/Data/Source/game/gfx/models/debug/test_objects.asset,7748,2026-06-10T10:22:08.7618835Z
game/gfx/models/debug/test_object_idle.anim,Assets/CK3Map/Data/Source/game/gfx/models/debug/test_object_idle.anim,846,2026-06-10T10:22:08.7608518Z
game/gfx/models/debug/test_sphere.asset,Assets/CK3Map/Data/Source/game/gfx/models/debug/test_sphere.asset,1095,2026-06-10T10:21:35.0119333Z
game/gfx/models/debug/test_sphere.mesh,Assets/CK3Map/Data/Source/game/gfx/models/debug/test_sphere.mesh,32829,2026-06-10T10:21:39.6747765Z
game/gfx/models/debug/white.dds,Assets/CK3Map/Data/Source/game/gfx/models/debug/white.dds,87536,2026-06-10T10:21:35.0119333Z
game/gfx/models/debug/wood_rough_m_diffuse.dds,Assets/CK3Map/Data/Source/game/gfx/models/debug/wood_rough_m_diffuse.dds,699192,2026-06-10T10:17:26.6201185Z
game/gfx/models/debug/wood_rough_m_gloss.dds,Assets/CK3Map/Data/Source/game/gfx/models/debug/wood_rough_m_gloss.dds,1398256,2026-06-10T10:17:26.6201185Z
game/gfx/models/debug/wood_rough_m_normal.dds,Assets/CK3Map/Data/Source/game/gfx/models/debug/wood_rough_m_normal.dds,1398256,2026-06-10T10:17:26.6201185Z
game/gfx/models/debug/wood_shiny_m_diffuse.dds,Assets/CK3Map/Data/Source/game/gfx/models/debug/wood_shiny_m_diffuse.dds,699192,2026-06-10T10:17:26.6201185Z
game/gfx/models/debug/wood_shiny_m_gloss.dds,Assets/CK3Map/Data/Source/game/gfx/models/debug/wood_shiny_m_gloss.dds,1398256,2026-06-10T10:17:26.6201185Z
game/gfx/models/debug/wood_shiny_m_normal.dds,Assets/CK3Map/Data/Source/game/gfx/models/debug/wood_shiny_m_normal.dds,1398256,2026-06-10T10:17:26.6201185Z
game/gfx/models/detail_textures/detail_linen_01.dds,Assets/CK3Map/Data/Source/game/gfx/models/detail_textures/detail_linen_01.dds,87536,2026-06-10T10:22:04.5825592Z
game/gfx/models/detail_textures/detail_linen_02.dds,Assets/CK3Map/Data/Source/game/gfx/models/detail_textures/detail_linen_02.dds,1048724,2026-06-10T10:17:26.6201185Z
game/gfx/models/detail_textures/detail_metal_01.dds,Assets/CK3Map/Data/Source/game/gfx/models/detail_textures/detail_metal_01.dds,1398276,2026-06-10T10:17:26.6211304Z
game/gfx/models/detail_textures/detail_wood_01.dds,Assets/CK3Map/Data/Source/game/gfx/models/detail_textures/detail_wood_01.dds,1398276,2026-06-10T10:17:26.6211304Z
game/gfx/models/tabletop/base_tabletop_letter.dds,Assets/CK3Map/Data/Source/game/gfx/models/tabletop/base_tabletop_letter.dds,4194452,2026-06-10T10:17:28.1935682Z
game/gfx/models/tabletop/ce1_floor_lighting_diffuse.dds,Assets/CK3Map/Data/Source/game/gfx/models/tabletop/ce1_floor_lighting_diffuse.dds,4194452,2026-06-10T10:17:28.1935682Z
game/gfx/models/tabletop/ce1_tabletop.asset,Assets/CK3Map/Data/Source/game/gfx/models/tabletop/ce1_tabletop.asset.ck3source,2492,2026-06-10T10:26:39.4277173Z
game/gfx/models/tabletop/ce1_tabletop.mesh,Assets/CK3Map/Data/Source/game/gfx/models/tabletop/ce1_tabletop.mesh.ck3source,892534,2026-06-10T10:17:28.1935682Z
game/gfx/models/tabletop/ce1_tabletop_candles.asset,Assets/CK3Map/Data/Source/game/gfx/models/tabletop/ce1_tabletop_candles.asset.ck3source,1563,2026-06-10T10:25:55.5412051Z
game/gfx/models/tabletop/ce1_tabletop_candles.mesh,Assets/CK3Map/Data/Source/game/gfx/models/tabletop/ce1_tabletop_candles.mesh.ck3source,273615,2026-06-10T10:17:28.1935682Z
game/gfx/models/tabletop/ce1_tabletop_floor.asset,Assets/CK3Map/Data/Source/game/gfx/models/tabletop/ce1_tabletop_floor.asset.ck3source,759,2026-06-10T10:25:24.5096439Z
game/gfx/models/tabletop/ce1_tabletop_floor.mesh,Assets/CK3Map/Data/Source/game/gfx/models/tabletop/ce1_tabletop_floor.mesh.ck3source,89221,2026-06-10T10:26:42.4083422Z
game/gfx/models/tabletop/ce1_tabletop_groundprops.asset,Assets/CK3Map/Data/Source/game/gfx/models/tabletop/ce1_tabletop_groundprops.asset.ck3source,4085,2026-06-10T10:24:48.7099194Z
game/gfx/models/tabletop/ce1_tabletop_groundprops.mesh,Assets/CK3Map/Data/Source/game/gfx/models/tabletop/ce1_tabletop_groundprops.mesh.ck3source,2432719,2026-06-10T10:17:28.1950830Z
game/gfx/models/tabletop/ce1_tabletop_idle.anim,Assets/CK3Map/Data/Source/game/gfx/models/tabletop/ce1_tabletop_idle.anim.ck3source,3138,2026-06-10T10:25:28.6997765Z
game/gfx/models/tabletop/ce1_tabletop_letter.dds,Assets/CK3Map/Data/Source/game/gfx/models/tabletop/ce1_tabletop_letter.dds,4194452,2026-06-10T10:17:28.1950830Z
game/gfx/models/tabletop/ce1_tabletop_props.asset,Assets/CK3Map/Data/Source/game/gfx/models/tabletop/ce1_tabletop_props.asset.ck3source,5476,2026-06-10T10:25:55.5469382Z
game/gfx/models/tabletop/ce1_tabletop_props.mesh,Assets/CK3Map/Data/Source/game/gfx/models/tabletop/ce1_tabletop_props.mesh.ck3source,4323289,2026-06-10T10:17:28.1950830Z
game/gfx/models/tabletop/ce1_tabletop_tablecloth.asset,Assets/CK3Map/Data/Source/game/gfx/models/tabletop/ce1_tabletop_tablecloth.asset.ck3source,1369,2026-06-10T10:24:49.3327796Z
game/gfx/models/tabletop/ce1_tabletop_tablecloth.mesh,Assets/CK3Map/Data/Source/game/gfx/models/tabletop/ce1_tabletop_tablecloth.mesh.ck3source,130810,2026-06-10T10:25:45.6045876Z
game/gfx/models/tabletop/ce1_tabletop_tablecloth_idle.anim,Assets/CK3Map/Data/Source/game/gfx/models/tabletop/ce1_tabletop_tablecloth_idle.anim.ck3source,28192,2026-06-10T10:26:17.3012011Z
game/gfx/models/tabletop/ep3_floor_lighting_2_diffuse.dds,Assets/CK3Map/Data/Source/game/gfx/models/tabletop/ep3_floor_lighting_2_diffuse.dds,5592580,2026-06-10T10:17:28.1950830Z
game/gfx/models/tabletop/ep3_tabletop.asset,Assets/CK3Map/Data/Source/game/gfx/models/tabletop/ep3_tabletop.asset.ck3source,2400,2026-06-10T10:25:55.7188671Z
game/gfx/models/tabletop/ep3_tabletop.mesh,Assets/CK3Map/Data/Source/game/gfx/models/tabletop/ep3_tabletop.mesh.ck3source,993080,2026-06-10T10:17:28.1950830Z
game/gfx/models/tabletop/ep3_tabletop_byzantine/ep3_byzantium_chair_cloth_diffuse.dds,Assets/CK3Map/Data/Source/game/gfx/models/tabletop/ep3_tabletop_byzantine/ep3_byzantium_chair_cloth_diffuse.dds,5592560,2026-06-10T10:17:28.1961055Z
game/gfx/models/tabletop/ep3_tabletop_byzantine/ep3_byzantium_chair_cloth_normal.dds,Assets/CK3Map/Data/Source/game/gfx/models/tabletop/ep3_tabletop_byzantine/ep3_byzantium_chair_cloth_normal.dds,5592560,2026-06-10T10:17:28.1961055Z
game/gfx/models/tabletop/ep3_tabletop_byzantine/ep3_byzantium_chair_cloth_properties.dds,Assets/CK3Map/Data/Source/game/gfx/models/tabletop/ep3_tabletop_byzantine/ep3_byzantium_chair_cloth_properties.dds,5592560,2026-06-10T10:17:28.1961055Z
game/gfx/models/tabletop/ep3_tabletop_byzantine/ep3_byzantium_chair_diffuse.dds,Assets/CK3Map/Data/Source/game/gfx/models/tabletop/ep3_tabletop_byzantine/ep3_byzantium_chair_diffuse.dds,1398256,2026-06-10T10:17:28.1961055Z
game/gfx/models/tabletop/ep3_tabletop_byzantine/ep3_byzantium_chair_normal.dds,Assets/CK3Map/Data/Source/game/gfx/models/tabletop/ep3_tabletop_byzantine/ep3_byzantium_chair_normal.dds,1398256,2026-06-10T10:17:28.1961055Z
game/gfx/models/tabletop/ep3_tabletop_byzantine/ep3_byzantium_chair_properties.dds,Assets/CK3Map/Data/Source/game/gfx/models/tabletop/ep3_tabletop_byzantine/ep3_byzantium_chair_properties.dds,1398256,2026-06-10T10:17:28.1961055Z
game/gfx/models/tabletop/ep3_tabletop_byzantine/ep3_byzantium_cloth_diffuse.dds,Assets/CK3Map/Data/Source/game/gfx/models/tabletop/ep3_tabletop_byzantine/ep3_byzantium_cloth_diffuse.dds,5592560,2026-06-10T10:17:28.1961055Z
game/gfx/models/tabletop/ep3_tabletop_byzantine/ep3_byzantium_cloth_normal.dds,Assets/CK3Map/Data/Source/game/gfx/models/tabletop/ep3_tabletop_byzantine/ep3_byzantium_cloth_normal.dds,5592560,2026-06-10T10:17:28.1961055Z
game/gfx/models/tabletop/ep3_tabletop_byzantine/ep3_byzantium_cloth_properties.dds,Assets/CK3Map/Data/Source/game/gfx/models/tabletop/ep3_tabletop_byzantine/ep3_byzantium_cloth_properties.dds,5592560,2026-06-10T10:17:28.1971169Z
game/gfx/models/tabletop/ep3_tabletop_byzantine/ep3_byzantium_decal_diffuse.dds,Assets/CK3Map/Data/Source/game/gfx/models/tabletop/ep3_tabletop_byzantine/ep3_byzantium_decal_diffuse.dds,5592560,2026-06-10T10:17:28.1971169Z
game/gfx/models/tabletop/ep3_tabletop_byzantine/ep3_byzantium_decal_normal.dds,Assets/CK3Map/Data/Source/game/gfx/models/tabletop/ep3_tabletop_byzantine/ep3_byzantium_decal_normal.dds,5592560,2026-06-10T10:17:28.1971169Z
game/gfx/models/tabletop/ep3_tabletop_byzantine/ep3_byzantium_decal_properties.dds,Assets/CK3Map/Data/Source/game/gfx/models/tabletop/ep3_tabletop_byzantine/ep3_byzantium_decal_properties.dds,5592560,2026-06-10T10:17:28.1971169Z
game/gfx/models/tabletop/ep3_tabletop_byzantine/ep3_byzantium_detail_diffuse.dds,Assets/CK3Map/Data/Source/game/gfx/models/tabletop/ep3_tabletop_byzantine/ep3_byzantium_detail_diffuse.dds,1398256,2026-06-10T10:17:28.1971169Z
game/gfx/models/tabletop/ep3_tabletop_byzantine/ep3_byzantium_detail_normal.dds,Assets/CK3Map/Data/Source/game/gfx/models/tabletop/ep3_tabletop_byzantine/ep3_byzantium_detail_normal.dds,1398256,2026-06-10T10:17:28.1971169Z
game/gfx/models/tabletop/ep3_tabletop_byzantine/ep3_byzantium_detail_properties.dds,Assets/CK3Map/Data/Source/game/gfx/models/tabletop/ep3_tabletop_byzantine/ep3_byzantium_detail_properties.dds,1398256,2026-06-10T10:17:28.1971169Z
game/gfx/models/tabletop/ep3_tabletop_byzantine/ep3_byzantium_feet_diffuse.dds,Assets/CK3Map/Data/Source/game/gfx/models/tabletop/ep3_tabletop_byzantine/ep3_byzantium_feet_diffuse.dds,5592560,2026-06-10T10:17:28.1971169Z
game/gfx/models/tabletop/ep3_tabletop_byzantine/ep3_byzantium_feet_normal.dds,Assets/CK3Map/Data/Source/game/gfx/models/tabletop/ep3_tabletop_byzantine/ep3_byzantium_feet_normal.dds,5592560,2026-06-10T10:17:28.1971169Z
game/gfx/models/tabletop/ep3_tabletop_byzantine/ep3_byzantium_feet_properties.dds,Assets/CK3Map/Data/Source/game/gfx/models/tabletop/ep3_tabletop_byzantine/ep3_byzantium_feet_properties.dds,5592560,2026-06-10T10:17:28.1971169Z
game/gfx/models/tabletop/ep3_tabletop_byzantine/ep3_byzantium_floor_material_diffuse.dds,Assets/CK3Map/Data/Source/game/gfx/models/tabletop/ep3_tabletop_byzantine/ep3_byzantium_floor_material_diffuse.dds,5592560,2026-06-10T10:17:28.1971169Z
game/gfx/models/tabletop/ep3_tabletop_byzantine/ep3_byzantium_floor_material_normal.dds,Assets/CK3Map/Data/Source/game/gfx/models/tabletop/ep3_tabletop_byzantine/ep3_byzantium_floor_material_normal.dds,5592560,2026-06-10T10:17:28.1994877Z
game/gfx/models/tabletop/ep3_tabletop_byzantine/ep3_byzantium_floor_material_properties.dds,Assets/CK3Map/Data/Source/game/gfx/models/tabletop/ep3_tabletop_byzantine/ep3_byzantium_floor_material_properties.dds,5592560,2026-06-10T10:17:28.1994877Z
game/gfx/models/tabletop/ep3_tabletop_byzantine/ep3_byzantium_table_diffuse.dds,Assets/CK3Map/Data/Source/game/gfx/models/tabletop/ep3_tabletop_byzantine/ep3_byzantium_table_diffuse.dds,5592560,2026-06-10T10:17:28.1994877Z
game/gfx/models/tabletop/ep3_tabletop_byzantine/ep3_byzantium_table_normal.dds,Assets/CK3Map/Data/Source/game/gfx/models/tabletop/ep3_tabletop_byzantine/ep3_byzantium_table_normal.dds,5592560,2026-06-10T10:17:28.1994877Z
game/gfx/models/tabletop/ep3_tabletop_byzantine/ep3_byzantium_table_properties.dds,Assets/CK3Map/Data/Source/game/gfx/models/tabletop/ep3_tabletop_byzantine/ep3_byzantium_table_properties.dds,5592560,2026-06-10T10:17:28.1994877Z
game/gfx/models/tabletop/ep3_tabletop_byzantine/ep3_byzantium_trim_diffuse.dds,Assets/CK3Map/Data/Source/game/gfx/models/tabletop/ep3_tabletop_byzantine/ep3_byzantium_trim_diffuse.dds,5592560,2026-06-10T10:17:28.1994877Z
game/gfx/models/tabletop/ep3_tabletop_byzantine/ep3_byzantium_trim_normal.dds,Assets/CK3Map/Data/Source/game/gfx/models/tabletop/ep3_tabletop_byzantine/ep3_byzantium_trim_normal.dds,5592560,2026-06-10T10:17:28.1994877Z
game/gfx/models/tabletop/ep3_tabletop_byzantine/ep3_byzantium_trim_properties.dds,Assets/CK3Map/Data/Source/game/gfx/models/tabletop/ep3_tabletop_byzantine/ep3_byzantium_trim_properties.dds,5592560,2026-06-10T10:17:28.1994877Z
game/gfx/models/tabletop/ep3_tabletop_byzantine/ep3_cloth_pattern_diffuse.dds,Assets/CK3Map/Data/Source/game/gfx/models/tabletop/ep3_tabletop_byzantine/ep3_cloth_pattern_diffuse.dds,5592560,2026-06-10T10:17:28.1994877Z
game/gfx/models/tabletop/ep3_tabletop_byzantine/ep3_cloth_pattern_normal.dds,Assets/CK3Map/Data/Source/game/gfx/models/tabletop/ep3_tabletop_byzantine/ep3_cloth_pattern_normal.dds,5592560,2026-06-10T10:17:28.1994877Z
game/gfx/models/tabletop/ep3_tabletop_byzantine/ep3_cloth_pattern_properties.dds,Assets/CK3Map/Data/Source/game/gfx/models/tabletop/ep3_tabletop_byzantine/ep3_cloth_pattern_properties.dds,5592560,2026-06-10T10:17:28.1994877Z
game/gfx/models/tabletop/ep3_tabletop_byzantine/tabletop_props/bookcover/ep3_byzantium_bookcover_diffuse.dds,Assets/CK3Map/Data/Source/game/gfx/models/tabletop/ep3_tabletop_byzantine/tabletop_props/bookcover/ep3_byzantium_bookcover_diffuse.dds,1398256,2026-06-10T10:17:28.2010545Z
game/gfx/models/tabletop/ep3_tabletop_byzantine/tabletop_props/bookcover/ep3_byzantium_bookcover_normal.dds,Assets/CK3Map/Data/Source/game/gfx/models/tabletop/ep3_tabletop_byzantine/tabletop_props/bookcover/ep3_byzantium_bookcover_normal.dds,1398256,2026-06-10T10:17:28.2010545Z
game/gfx/models/tabletop/ep3_tabletop_byzantine/tabletop_props/bookcover/ep3_byzantium_bookcover_properties.dds,Assets/CK3Map/Data/Source/game/gfx/models/tabletop/ep3_tabletop_byzantine/tabletop_props/bookcover/ep3_byzantium_bookcover_properties.dds,1398256,2026-06-10T10:17:28.2010545Z
game/gfx/models/tabletop/ep3_tabletop_byzantine/tabletop_props/coin/ep3_byzantium_coin_diffuse.dds,Assets/CK3Map/Data/Source/game/gfx/models/tabletop/ep3_tabletop_byzantine/tabletop_props/coin/ep3_byzantium_coin_diffuse.dds,1398256,2026-06-10T10:17:28.2010545Z
game/gfx/models/tabletop/ep3_tabletop_byzantine/tabletop_props/coin/ep3_byzantium_coin_normal.dds,Assets/CK3Map/Data/Source/game/gfx/models/tabletop/ep3_tabletop_byzantine/tabletop_props/coin/ep3_byzantium_coin_normal.dds,1398256,2026-06-10T10:17:28.2010545Z
game/gfx/models/tabletop/ep3_tabletop_byzantine/tabletop_props/coin/ep3_byzantium_coin_properties.dds,Assets/CK3Map/Data/Source/game/gfx/models/tabletop/ep3_tabletop_byzantine/tabletop_props/coin/ep3_byzantium_coin_properties.dds,1398256,2026-06-10T10:17:28.2020563Z
game/gfx/models/tabletop/ep3_tabletop_byzantine/tabletop_props/eagle/ep3_byzantium_eagle_diffuse.dds,Assets/CK3Map/Data/Source/game/gfx/models/tabletop/ep3_tabletop_byzantine/tabletop_props/eagle/ep3_byzantium_eagle_diffuse.dds,1398256,2026-06-10T10:17:28.2020563Z
game/gfx/models/tabletop/ep3_tabletop_byzantine/tabletop_props/eagle/ep3_byzantium_eagle_normal.dds,Assets/CK3Map/Data/Source/game/gfx/models/tabletop/ep3_tabletop_byzantine/tabletop_props/eagle/ep3_byzantium_eagle_normal.dds,1398256,2026-06-10T10:17:28.2020563Z
game/gfx/models/tabletop/ep3_tabletop_byzantine/tabletop_props/eagle/ep3_byzantium_eagle_properties.dds,Assets/CK3Map/Data/Source/game/gfx/models/tabletop/ep3_tabletop_byzantine/tabletop_props/eagle/ep3_byzantium_eagle_properties.dds,1398256,2026-06-10T10:17:28.2026017Z
game/gfx/models/tabletop/ep3_tabletop_byzantine/tabletop_props/ep3_byzantium_grapecup_diffuse.dds,Assets/CK3Map/Data/Source/game/gfx/models/tabletop/ep3_tabletop_byzantine/tabletop_props/ep3_byzantium_grapecup_diffuse.dds,1398256,2026-06-10T10:17:28.2026017Z
game/gfx/models/tabletop/ep3_tabletop_byzantine/tabletop_props/ep3_byzantium_grapecup_normal.dds,Assets/CK3Map/Data/Source/game/gfx/models/tabletop/ep3_tabletop_byzantine/tabletop_props/ep3_byzantium_grapecup_normal.dds,1398256,2026-06-10T10:17:28.2026017Z
game/gfx/models/tabletop/ep3_tabletop_byzantine/tabletop_props/ep3_byzantium_grapecup_properties.dds,Assets/CK3Map/Data/Source/game/gfx/models/tabletop/ep3_tabletop_byzantine/tabletop_props/ep3_byzantium_grapecup_properties.dds,1398256,2026-06-10T10:17:28.2026017Z
game/gfx/models/tabletop/ep3_tabletop_byzantine/tabletop_props/ep3_byzantium_grapes_diffuse.dds,Assets/CK3Map/Data/Source/game/gfx/models/tabletop/ep3_tabletop_byzantine/tabletop_props/ep3_byzantium_grapes_diffuse.dds,1398256,2026-06-10T10:17:28.2031123Z
game/gfx/models/tabletop/ep3_tabletop_byzantine/tabletop_props/ep3_byzantium_grapes_normal.dds,Assets/CK3Map/Data/Source/game/gfx/models/tabletop/ep3_tabletop_byzantine/tabletop_props/ep3_byzantium_grapes_normal.dds,1398256,2026-06-10T10:17:28.2031123Z
game/gfx/models/tabletop/ep3_tabletop_byzantine/tabletop_props/ep3_byzantium_grapes_properties.dds,Assets/CK3Map/Data/Source/game/gfx/models/tabletop/ep3_tabletop_byzantine/tabletop_props/ep3_byzantium_grapes_properties.dds,1398256,2026-06-10T10:17:28.2031123Z
game/gfx/models/tabletop/ep3_tabletop_byzantine/tabletop_props/goblet/ep3_byzantium_goblet_diffuse.dds,Assets/CK3Map/Data/Source/game/gfx/models/tabletop/ep3_tabletop_byzantine/tabletop_props/goblet/ep3_byzantium_goblet_diffuse.dds,1398256,2026-06-10T10:17:28.2036223Z
game/gfx/models/tabletop/ep3_tabletop_byzantine/tabletop_props/goblet/ep3_byzantium_goblet_normal.dds,Assets/CK3Map/Data/Source/game/gfx/models/tabletop/ep3_tabletop_byzantine/tabletop_props/goblet/ep3_byzantium_goblet_normal.dds,1398256,2026-06-10T10:17:28.2036223Z
game/gfx/models/tabletop/ep3_tabletop_byzantine/tabletop_props/goblet/ep3_byzantium_goblet_properties.dds,Assets/CK3Map/Data/Source/game/gfx/models/tabletop/ep3_tabletop_byzantine/tabletop_props/goblet/ep3_byzantium_goblet_properties.dds,1398256,2026-06-10T10:17:28.2036223Z
game/gfx/models/tabletop/ep3_tabletop_byzantine/tabletop_props/lampstand/ep3_byzantium_lampstand_diffuse.dds,Assets/CK3Map/Data/Source/game/gfx/models/tabletop/ep3_tabletop_byzantine/tabletop_props/lampstand/ep3_byzantium_lampstand_diffuse.dds,1398256,2026-06-10T10:17:28.2041404Z
game/gfx/models/tabletop/ep3_tabletop_byzantine/tabletop_props/lampstand/ep3_byzantium_lampstand_normal.dds,Assets/CK3Map/Data/Source/game/gfx/models/tabletop/ep3_tabletop_byzantine/tabletop_props/lampstand/ep3_byzantium_lampstand_normal.dds,1398256,2026-06-10T10:17:28.2041404Z
game/gfx/models/tabletop/ep3_tabletop_byzantine/tabletop_props/lampstand/ep3_byzantium_lampstand_properties.dds,Assets/CK3Map/Data/Source/game/gfx/models/tabletop/ep3_tabletop_byzantine/tabletop_props/lampstand/ep3_byzantium_lampstand_properties.dds,1398256,2026-06-10T10:17:28.2041404Z
game/gfx/models/tabletop/ep3_tabletop_byzantine/tabletop_props/pitcher/ep3_byzantium_pitcher_diffuse.dds,Assets/CK3Map/Data/Source/game/gfx/models/tabletop/ep3_tabletop_byzantine/tabletop_props/pitcher/ep3_byzantium_pitcher_diffuse.dds,1398256,2026-06-10T10:17:28.2046514Z
game/gfx/models/tabletop/ep3_tabletop_byzantine/tabletop_props/pitcher/ep3_byzantium_pitcher_normal.dds,Assets/CK3Map/Data/Source/game/gfx/models/tabletop/ep3_tabletop_byzantine/tabletop_props/pitcher/ep3_byzantium_pitcher_normal.dds,1398256,2026-06-10T10:17:28.2046514Z
game/gfx/models/tabletop/ep3_tabletop_byzantine/tabletop_props/pitcher/ep3_byzantium_pitcher_properties.dds,Assets/CK3Map/Data/Source/game/gfx/models/tabletop/ep3_tabletop_byzantine/tabletop_props/pitcher/ep3_byzantium_pitcher_properties.dds,1398256,2026-06-10T10:17:28.2046514Z
game/gfx/models/tabletop/ep3_tabletop_byzantine/tabletop_props/sword/ep3_byzantium_sword_diffuse.dds,Assets/CK3Map/Data/Source/game/gfx/models/tabletop/ep3_tabletop_byzantine/tabletop_props/sword/ep3_byzantium_sword_diffuse.dds,1398256,2026-06-10T10:17:28.2051676Z
game/gfx/models/tabletop/ep3_tabletop_byzantine/tabletop_props/sword/ep3_byzantium_sword_normal.dds,Assets/CK3Map/Data/Source/game/gfx/models/tabletop/ep3_tabletop_byzantine/tabletop_props/sword/ep3_byzantium_sword_normal.dds,1398256,2026-06-10T10:17:28.2051676Z
game/gfx/models/tabletop/ep3_tabletop_byzantine/tabletop_props/sword/ep3_byzantium_sword_properties.dds,Assets/CK3Map/Data/Source/game/gfx/models/tabletop/ep3_tabletop_byzantine/tabletop_props/sword/ep3_byzantium_sword_properties.dds,1398256,2026-06-10T10:17:28.2051676Z
game/gfx/models/tabletop/ep3_tabletop_floor.asset,Assets/CK3Map/Data/Source/game/gfx/models/tabletop/ep3_tabletop_floor.asset.ck3source,732,2026-06-10T10:25:31.3946892Z
game/gfx/models/tabletop/ep3_tabletop_floor.mesh,Assets/CK3Map/Data/Source/game/gfx/models/tabletop/ep3_tabletop_floor.mesh.ck3source,2675,2026-06-10T10:25:59.5345271Z
game/gfx/models/tabletop/floor_shadow.dds,Assets/CK3Map/Data/Source/game/gfx/models/tabletop/floor_shadow.dds,349680,2026-06-10T10:17:28.2056786Z
game/gfx/models/tabletop/floor_shadow_inner.dds,Assets/CK3Map/Data/Source/game/gfx/models/tabletop/floor_shadow_inner.dds,349680,2026-06-10T10:17:28.2056786Z
game/gfx/models/tabletop/floor_shadow_properties.dds,Assets/CK3Map/Data/Source/game/gfx/models/tabletop/floor_shadow_properties.dds,349680,2026-06-10T10:17:28.2056786Z
game/gfx/models/tabletop/fp4_tabletop_wine_01_a_diffuse.dds,Assets/CK3Map/Data/Source/game/gfx/models/tabletop/fp4_tabletop_wine_01_a_diffuse.dds,496,2026-06-10T10:25:31.4058748Z
game/gfx/models/tabletop/fp4_tabletop_wine_01_a_normal.dds,Assets/CK3Map/Data/Source/game/gfx/models/tabletop/fp4_tabletop_wine_01_a_normal.dds,496,2026-06-10T10:26:45.5610743Z
game/gfx/models/tabletop/fp4_tabletop_wine_01_a_properties.dds,Assets/CK3Map/Data/Source/game/gfx/models/tabletop/fp4_tabletop_wine_01_a_properties.dds,496,2026-06-10T10:25:59.5317734Z
game/gfx/models/tabletop/smoke_cone.mesh,Assets/CK3Map/Data/Source/game/gfx/models/tabletop/smoke_cone.mesh.ck3source,4437,2026-06-10T10:26:00.5866913Z
game/gfx/models/tabletop/smoke_incense.asset,Assets/CK3Map/Data/Source/game/gfx/models/tabletop/smoke_incense.asset.ck3source,383,2026-06-10T10:26:00.6370876Z
game/gfx/models/tabletop/smoke_noise.dds,Assets/CK3Map/Data/Source/game/gfx/models/tabletop/smoke_noise.dds,87556,2026-06-10T10:26:01.2505979Z
game/gfx/models/tabletop/tablecloth_materials/ce1/ce1_tablecloth_pattern_01_a_diffuse.dds,Assets/CK3Map/Data/Source/game/gfx/models/tabletop/tablecloth_materials/ce1/ce1_tablecloth_pattern_01_a_diffuse.dds,1398256,2026-06-10T10:17:28.2061961Z
game/gfx/models/tabletop/tablecloth_materials/ce1/ce1_tablecloth_pattern_01_a_normal.dds,Assets/CK3Map/Data/Source/game/gfx/models/tabletop/tablecloth_materials/ce1/ce1_tablecloth_pattern_01_a_normal.dds,1398256,2026-06-10T10:17:28.2061961Z
game/gfx/models/tabletop/tablecloth_materials/ce1/ce1_tablecloth_pattern_01_a_properties.dds,Assets/CK3Map/Data/Source/game/gfx/models/tabletop/tablecloth_materials/ce1/ce1_tablecloth_pattern_01_a_properties.dds,1398256,2026-06-10T10:17:28.2061961Z
game/gfx/models/tabletop/tablecloth_materials/western/tablecloth_western_pattern_01_a_diffuse.dds,Assets/CK3Map/Data/Source/game/gfx/models/tabletop/tablecloth_materials/western/tablecloth_western_pattern_01_a_diffuse.dds,1398256,2026-06-10T10:17:28.2067060Z
game/gfx/models/tabletop/tablecloth_materials/western/tablecloth_western_pattern_01_a_normal.dds,Assets/CK3Map/Data/Source/game/gfx/models/tabletop/tablecloth_materials/western/tablecloth_western_pattern_01_a_normal.dds,1398256,2026-06-10T10:17:28.2067060Z
game/gfx/models/tabletop/tablecloth_materials/western/tablecloth_western_pattern_01_a_properties.dds,Assets/CK3Map/Data/Source/game/gfx/models/tabletop/tablecloth_materials/western/tablecloth_western_pattern_01_a_properties.dds,1398256,2026-06-10T10:17:28.2067060Z
game/gfx/models/tabletop/tabletop_materials_floor_tile_01_a_diffuse.dds,Assets/CK3Map/Data/Source/game/gfx/models/tabletop/tabletop_materials_floor_tile_01_a_diffuse.dds,5592560,2026-06-10T10:17:28.2067060Z
game/gfx/models/tabletop/tabletop_materials_floor_tile_01_a_normal.dds,Assets/CK3Map/Data/Source/game/gfx/models/tabletop/tabletop_materials_floor_tile_01_a_normal.dds,5592560,2026-06-10T10:17:28.2072235Z
game/gfx/models/tabletop/tabletop_materials_floor_tile_01_a_properties.dds,Assets/CK3Map/Data/Source/game/gfx/models/tabletop/tabletop_materials_floor_tile_01_a_properties.dds,5592560,2026-06-10T10:17:28.2072235Z
game/gfx/models/tabletop/tabletop_materials_stone_floor_tile_01_a_diffuse.dds,Assets/CK3Map/Data/Source/game/gfx/models/tabletop/tabletop_materials_stone_floor_tile_01_a_diffuse.dds,5592580,2026-06-10T10:17:28.2072235Z
game/gfx/models/tabletop/tabletop_materials_stone_floor_tile_01_a_normal.dds,Assets/CK3Map/Data/Source/game/gfx/models/tabletop/tabletop_materials_stone_floor_tile_01_a_normal.dds,5592560,2026-06-10T10:17:28.2072235Z
game/gfx/models/tabletop/tabletop_materials_stone_floor_tile_01_a_properties.dds,Assets/CK3Map/Data/Source/game/gfx/models/tabletop/tabletop_materials_stone_floor_tile_01_a_properties.dds,5592560,2026-06-10T10:17:28.2087917Z
game/gfx/models/tabletop/tabletop_parchment_01_diffuse.dds,Assets/CK3Map/Data/Source/game/gfx/models/tabletop/tabletop_parchment_01_diffuse.dds,1398256,2026-06-10T10:17:28.2087917Z
game/gfx/models/tabletop/tabletop_parchment_01_normal.dds,Assets/CK3Map/Data/Source/game/gfx/models/tabletop/tabletop_parchment_01_normal.dds,1398256,2026-06-10T10:17:28.2087917Z
game/gfx/models/tabletop/tabletop_parchment_01_properties.dds,Assets/CK3Map/Data/Source/game/gfx/models/tabletop/tabletop_parchment_01_properties.dds,1398256,2026-06-10T10:17:28.2093284Z
game/gfx/models/tabletop/tabletop_props.asset,Assets/CK3Map/Data/Source/game/gfx/models/tabletop/tabletop_props.asset.ck3source,5335,2026-06-10T10:26:49.3794593Z
game/gfx/models/tabletop/tabletop_props.mesh,Assets/CK3Map/Data/Source/game/gfx/models/tabletop/tabletop_props.mesh.ck3source,2402654,2026-06-10T10:17:28.2093284Z
game/gfx/models/tabletop/tabletop_props/ce1_tabletop_book_insert_01_a_diffuse.dds,Assets/CK3Map/Data/Source/game/gfx/models/tabletop/tabletop_props/ce1_tabletop_book_insert_01_a_diffuse.dds,2796368,2026-06-10T10:17:28.2098349Z
game/gfx/models/tabletop/tabletop_props/ce1_tabletop_book_insert_01_a_normal.dds,Assets/CK3Map/Data/Source/game/gfx/models/tabletop/tabletop_props/ce1_tabletop_book_insert_01_a_normal.dds,2796368,2026-06-10T10:17:28.2098349Z
game/gfx/models/tabletop/tabletop_props/ce1_tabletop_book_insert_01_a_properties.dds,Assets/CK3Map/Data/Source/game/gfx/models/tabletop/tabletop_props/ce1_tabletop_book_insert_01_a_properties.dds,2796368,2026-06-10T10:17:28.2103702Z
game/gfx/models/tabletop/tabletop_props/ce1_tabletop_prop_belladonna_diffuse.dds,Assets/CK3Map/Data/Source/game/gfx/models/tabletop/tabletop_props/ce1_tabletop_prop_belladonna_diffuse.dds,5592560,2026-06-10T10:17:28.2103702Z
game/gfx/models/tabletop/tabletop_props/ce1_tabletop_prop_belladonna_normal.dds,Assets/CK3Map/Data/Source/game/gfx/models/tabletop/tabletop_props/ce1_tabletop_prop_belladonna_normal.dds,5592560,2026-06-10T10:17:28.2108785Z
game/gfx/models/tabletop/tabletop_props/ce1_tabletop_prop_belladonna_properties.dds,Assets/CK3Map/Data/Source/game/gfx/models/tabletop/tabletop_props/ce1_tabletop_prop_belladonna_properties.dds,5592560,2026-06-10T10:17:28.2108785Z
game/gfx/models/tabletop/tabletop_props/ep1_western_sword_01_table_diffuse.dds,Assets/CK3Map/Data/Source/game/gfx/models/tabletop/tabletop_props/ep1_western_sword_01_table_diffuse.dds,5592560,2026-06-10T10:17:28.2108785Z
game/gfx/models/tabletop/tabletop_props/ep1_western_sword_01_table_normal.dds,Assets/CK3Map/Data/Source/game/gfx/models/tabletop/tabletop_props/ep1_western_sword_01_table_normal.dds,5592560,2026-06-10T10:17:28.2114152Z
game/gfx/models/tabletop/tabletop_props/ep1_western_sword_01_table_properties.dds,Assets/CK3Map/Data/Source/game/gfx/models/tabletop/tabletop_props/ep1_western_sword_01_table_properties.dds,5592560,2026-06-10T10:17:28.2124450Z
game/gfx/models/tabletop/tabletop_props/tabletop_candles_01_a_diffuse.dds,Assets/CK3Map/Data/Source/game/gfx/models/tabletop/tabletop_props/tabletop_candles_01_a_diffuse.dds,5592560,2026-06-10T10:17:28.2124450Z
game/gfx/models/tabletop/tabletop_props/tabletop_candles_01_a_normal.dds,Assets/CK3Map/Data/Source/game/gfx/models/tabletop/tabletop_props/tabletop_candles_01_a_normal.dds,5592560,2026-06-10T10:17:28.2124450Z
game/gfx/models/tabletop/tabletop_props/tabletop_candles_01_a_properties.dds,Assets/CK3Map/Data/Source/game/gfx/models/tabletop/tabletop_props/tabletop_candles_01_a_properties.dds,5592560,2026-06-10T10:17:28.2124450Z
game/gfx/models/tabletop/tabletop_props/tabletop_western_bear_carved_diffuse.dds,Assets/CK3Map/Data/Source/game/gfx/models/tabletop/tabletop_props/tabletop_western_bear_carved_diffuse.dds,699216,2026-06-10T10:17:28.2129536Z
game/gfx/models/tabletop/tabletop_props/tabletop_western_bear_carved_normal.dds,Assets/CK3Map/Data/Source/game/gfx/models/tabletop/tabletop_props/tabletop_western_bear_carved_normal.dds,699216,2026-06-10T10:17:28.2129536Z
game/gfx/models/tabletop/tabletop_props/tabletop_western_bear_carved_properties.dds,Assets/CK3Map/Data/Source/game/gfx/models/tabletop/tabletop_props/tabletop_western_bear_carved_properties.dds,699216,2026-06-10T10:17:28.2139827Z
game/gfx/models/tabletop/tabletop_props/tabletop_western_book_01_a_diffuse_diffuse.dds,Assets/CK3Map/Data/Source/game/gfx/models/tabletop/tabletop_props/tabletop_western_book_01_a_diffuse_diffuse.dds,5592560,2026-06-10T10:17:28.2144996Z
game/gfx/models/tabletop/tabletop_props/tabletop_western_book_01_a_diffuse_normal.dds,Assets/CK3Map/Data/Source/game/gfx/models/tabletop/tabletop_props/tabletop_western_book_01_a_diffuse_normal.dds,5592560,2026-06-10T10:17:28.2144996Z
game/gfx/models/tabletop/tabletop_props/tabletop_western_book_01_a_diffuse_properties.dds,Assets/CK3Map/Data/Source/game/gfx/models/tabletop/tabletop_props/tabletop_western_book_01_a_diffuse_properties.dds,5592560,2026-06-10T10:17:28.2144996Z
game/gfx/models/tabletop/tabletop_props/tabletop_western_bottle_cork_01_a_diffuse.dds,Assets/CK3Map/Data/Source/game/gfx/models/tabletop/tabletop_props/tabletop_western_bottle_cork_01_a_diffuse.dds,349680,2026-06-10T10:17:28.2144996Z
game/gfx/models/tabletop/tabletop_props/tabletop_western_bottle_cork_01_a_normal.dds,Assets/CK3Map/Data/Source/game/gfx/models/tabletop/tabletop_props/tabletop_western_bottle_cork_01_a_normal.dds,349680,2026-06-10T10:17:28.2150105Z
game/gfx/models/tabletop/tabletop_props/tabletop_western_bottle_cork_01_a_properties.dds,Assets/CK3Map/Data/Source/game/gfx/models/tabletop/tabletop_props/tabletop_western_bottle_cork_01_a_properties.dds,349680,2026-06-10T10:17:28.2150105Z
game/gfx/models/tabletop/tabletop_props/tabletop_western_candelabra_01_a_diffuse.dds,Assets/CK3Map/Data/Source/game/gfx/models/tabletop/tabletop_props/tabletop_western_candelabra_01_a_diffuse.dds,5592560,2026-06-10T10:17:28.2150105Z
game/gfx/models/tabletop/tabletop_props/tabletop_western_candelabra_01_a_normal.dds,Assets/CK3Map/Data/Source/game/gfx/models/tabletop/tabletop_props/tabletop_western_candelabra_01_a_normal.dds,5592560,2026-06-10T10:17:28.2150105Z
game/gfx/models/tabletop/tabletop_props/tabletop_western_candelabra_01_a_properties.dds,Assets/CK3Map/Data/Source/game/gfx/models/tabletop/tabletop_props/tabletop_western_candelabra_01_a_properties.dds,5592560,2026-06-10T10:17:28.2150105Z
game/gfx/models/tabletop/tabletop_props/tabletop_western_coin_diffuse.dds,Assets/CK3Map/Data/Source/game/gfx/models/tabletop/tabletop_props/tabletop_western_coin_diffuse.dds,87536,2026-06-10T10:25:05.3326658Z
game/gfx/models/tabletop/tabletop_props/tabletop_western_coin_normal.dds,Assets/CK3Map/Data/Source/game/gfx/models/tabletop/tabletop_props/tabletop_western_coin_normal.dds,87536,2026-06-10T10:26:50.5131472Z
game/gfx/models/tabletop/tabletop_props/tabletop_western_coin_properties.dds,Assets/CK3Map/Data/Source/game/gfx/models/tabletop/tabletop_props/tabletop_western_coin_properties.dds,87536,2026-06-10T10:26:13.5660620Z
game/gfx/models/tabletop/tabletop_props/tabletop_western_glass_01_a_diffuse.dds,Assets/CK3Map/Data/Source/game/gfx/models/tabletop/tabletop_props/tabletop_western_glass_01_a_diffuse.dds,1398256,2026-06-10T10:17:28.2150105Z
game/gfx/models/tabletop/tabletop_props/tabletop_western_glass_01_a_normal.dds,Assets/CK3Map/Data/Source/game/gfx/models/tabletop/tabletop_props/tabletop_western_glass_01_a_normal.dds,1398256,2026-06-10T10:17:28.2150105Z
game/gfx/models/tabletop/tabletop_props/tabletop_western_glass_01_a_properties.dds,Assets/CK3Map/Data/Source/game/gfx/models/tabletop/tabletop_props/tabletop_western_glass_01_a_properties.dds,1398256,2026-06-10T10:17:28.2150105Z
game/gfx/models/tabletop/tabletop_props/tabletop_western_stonewares_01_diffuse.dds,Assets/CK3Map/Data/Source/game/gfx/models/tabletop/tabletop_props/tabletop_western_stonewares_01_diffuse.dds,699192,2026-06-10T10:17:28.2150105Z
game/gfx/models/tabletop/tabletop_props/tabletop_western_stonewares_01_normal.dds,Assets/CK3Map/Data/Source/game/gfx/models/tabletop/tabletop_props/tabletop_western_stonewares_01_normal.dds,1398256,2026-06-10T10:17:28.2165528Z
game/gfx/models/tabletop/tabletop_props/tabletop_western_stonewares_01_properties.dds,Assets/CK3Map/Data/Source/game/gfx/models/tabletop/tabletop_props/tabletop_western_stonewares_01_properties.dds,1398256,2026-06-10T10:17:28.2165528Z
game/gfx/models/tabletop/tabletop_props/tabletop_western_writing_tools_diffuse.dds,Assets/CK3Map/Data/Source/game/gfx/models/tabletop/tabletop_props/tabletop_western_writing_tools_diffuse.dds,1398256,2026-06-10T10:17:28.2165528Z
game/gfx/models/tabletop/tabletop_props/tabletop_western_writing_tools_normal.dds,Assets/CK3Map/Data/Source/game/gfx/models/tabletop/tabletop_props/tabletop_western_writing_tools_normal.dds,1398256,2026-06-10T10:17:28.2165528Z
game/gfx/models/tabletop/tabletop_props/tabletop_western_writing_tools_properties.dds,Assets/CK3Map/Data/Source/game/gfx/models/tabletop/tabletop_props/tabletop_western_writing_tools_properties.dds,1398256,2026-06-10T10:17:28.2165528Z
game/gfx/models/tabletop/tabletop_props/tabletop_wine_01_a_diffuse.dds,Assets/CK3Map/Data/Source/game/gfx/models/tabletop/tabletop_props/tabletop_wine_01_a_diffuse.dds,87536,2026-06-10T10:25:05.3565987Z
game/gfx/models/tabletop/tabletop_props/tabletop_wine_01_a_normal.dds,Assets/CK3Map/Data/Source/game/gfx/models/tabletop/tabletop_props/tabletop_wine_01_a_normal.dds,87536,2026-06-10T10:25:05.3555839Z
game/gfx/models/tabletop/tabletop_props/tabletop_wine_01_a_properties.dds,Assets/CK3Map/Data/Source/game/gfx/models/tabletop/tabletop_props/tabletop_wine_01_a_properties.dds,87536,2026-06-10T10:25:05.3555839Z
game/gfx/models/tabletop/tabletop_texture_variants/ce1_box_medium_basic_01_a_diffuse.dds,Assets/CK3Map/Data/Source/game/gfx/models/tabletop/tabletop_texture_variants/ce1_box_medium_basic_01_a_diffuse.dds,5592580,2026-06-10T10:17:28.2165528Z
game/gfx/models/tabletop/tabletop_texture_variants/tabletop_axe_01_a_diffuse.dds,Assets/CK3Map/Data/Source/game/gfx/models/tabletop/tabletop_texture_variants/tabletop_axe_01_a_diffuse.dds,1398256,2026-06-10T10:17:28.2165528Z
game/gfx/models/tabletop/tabletop_texture_variants/tabletop_axe_01_a_normal.dds,Assets/CK3Map/Data/Source/game/gfx/models/tabletop/tabletop_texture_variants/tabletop_axe_01_a_normal.dds,1398256,2026-06-10T10:17:28.2165528Z
game/gfx/models/tabletop/tabletop_texture_variants/tabletop_axe_01_a_properties.dds,Assets/CK3Map/Data/Source/game/gfx/models/tabletop/tabletop_texture_variants/tabletop_axe_01_a_properties.dds,1398256,2026-06-10T10:17:28.2165528Z
game/gfx/models/tabletop/tabletop_texture_variants/tabletop_human_skull_01_a_diffuse.dds,Assets/CK3Map/Data/Source/game/gfx/models/tabletop/tabletop_texture_variants/tabletop_human_skull_01_a_diffuse.dds,1398256,2026-06-10T10:17:28.2165528Z
game/gfx/models/tabletop/tabletop_texture_variants/tabletop_human_skull_01_a_normal.dds,Assets/CK3Map/Data/Source/game/gfx/models/tabletop/tabletop_texture_variants/tabletop_human_skull_01_a_normal.dds,1398256,2026-06-10T10:17:28.2165528Z
game/gfx/models/tabletop/tabletop_texture_variants/tabletop_human_skull_01_a_properties.dds,Assets/CK3Map/Data/Source/game/gfx/models/tabletop/tabletop_texture_variants/tabletop_human_skull_01_a_properties.dds,1398256,2026-06-10T10:17:28.2165528Z
game/gfx/models/tabletop/tabletop_west_basic.asset,Assets/CK3Map/Data/Source/game/gfx/models/tabletop/tabletop_west_basic.asset.ck3source,2490,2026-06-10T10:25:57.5679822Z
game/gfx/models/tabletop/tabletop_west_basic.mesh,Assets/CK3Map/Data/Source/game/gfx/models/tabletop/tabletop_west_basic.mesh.ck3source,1160589,2026-06-10T10:17:28.2180655Z
game/gfx/models/tabletop/tabletop_west_basic_candles.asset,Assets/CK3Map/Data/Source/game/gfx/models/tabletop/tabletop_west_basic_candles.asset.ck3source,1910,2026-06-10T10:25:41.2864992Z
game/gfx/models/tabletop/tabletop_west_basic_candles.mesh,Assets/CK3Map/Data/Source/game/gfx/models/tabletop/tabletop_west_basic_candles.mesh.ck3source,255983,2026-06-10T10:26:03.6208727Z
game/gfx/models/tabletop/tabletop_west_basic_props.asset,Assets/CK3Map/Data/Source/game/gfx/models/tabletop/tabletop_west_basic_props.asset.ck3source,5945,2026-06-10T10:26:14.6010895Z
game/gfx/models/tabletop/tabletop_west_basic_props.mesh,Assets/CK3Map/Data/Source/game/gfx/models/tabletop/tabletop_west_basic_props.mesh.ck3source,1279385,2026-06-10T10:17:28.2180655Z
game/gfx/models/tabletop/tabletop_west_basic_tablecloth.asset,Assets/CK3Map/Data/Source/game/gfx/models/tabletop/tabletop_west_basic_tablecloth.asset.ck3source,1420,2026-06-10T10:26:07.7208088Z
game/gfx/models/tabletop/tabletop_west_basic_tablecloth.mesh,Assets/CK3Map/Data/Source/game/gfx/models/tabletop/tabletop_west_basic_tablecloth.mesh.ck3source,130810,2026-06-10T10:25:34.5882713Z
game/gfx/models/tabletop/tabletop_west_basic_tablecloth_idle.anim,Assets/CK3Map/Data/Source/game/gfx/models/tabletop/tabletop_west_basic_tablecloth_idle.anim.ck3source,28192,2026-06-10T10:26:17.2991325Z
game/gfx/models/tabletop/test_box.asset,Assets/CK3Map/Data/Source/game/gfx/models/tabletop/test_box.asset.ck3source,152,2026-06-10T10:25:34.5877586Z
game/gfx/models/tabletop/tgp/tgp_dark_tile_floor_diffuse.dds,Assets/CK3Map/Data/Source/game/gfx/models/tabletop/tgp/tgp_dark_tile_floor_diffuse.dds,1398256,2026-06-10T10:17:28.2190852Z
game/gfx/models/tabletop/tgp/tgp_dark_tile_floor_normal.dds,Assets/CK3Map/Data/Source/game/gfx/models/tabletop/tgp/tgp_dark_tile_floor_normal.dds,1398256,2026-06-10T10:17:28.2190852Z
game/gfx/models/tabletop/tgp/tgp_dark_tile_floor_properties.dds,Assets/CK3Map/Data/Source/game/gfx/models/tabletop/tgp/tgp_dark_tile_floor_properties.dds,1398256,2026-06-10T10:17:28.2190852Z
game/gfx/models/tabletop/tgp/tgp_map_table_chair_diffuse.dds,Assets/CK3Map/Data/Source/game/gfx/models/tabletop/tgp/tgp_map_table_chair_diffuse.dds,699192,2026-06-10T10:17:28.2190852Z
game/gfx/models/tabletop/tgp/tgp_map_table_diffuse.dds,Assets/CK3Map/Data/Source/game/gfx/models/tabletop/tgp/tgp_map_table_diffuse.dds,2796344,2026-06-10T10:17:28.2190852Z
game/gfx/models/tabletop/tgp/tgp_map_table_flowers_diffuse.dds,Assets/CK3Map/Data/Source/game/gfx/models/tabletop/tgp/tgp_map_table_flowers_diffuse.dds,2796344,2026-06-10T10:17:28.2190852Z
game/gfx/models/tabletop/tgp/tgp_map_table_props_diffuse.dds,Assets/CK3Map/Data/Source/game/gfx/models/tabletop/tgp/tgp_map_table_props_diffuse.dds,2796344,2026-06-10T10:17:28.2190852Z
game/gfx/models/tabletop/tgp/tgp_tabletop_01_a.asset,Assets/CK3Map/Data/Source/game/gfx/models/tabletop/tgp/tgp_tabletop_01_a.asset.ck3source,1298,2026-06-10T10:25:05.6328746Z
game/gfx/models/tabletop/tgp/tgp_tabletop_01_a.mesh,Assets/CK3Map/Data/Source/game/gfx/models/tabletop/tgp/tgp_tabletop_01_a.mesh.ck3source,1453858,2026-06-10T10:17:28.2190852Z
game/gfx/models/tabletop/tgp/tgp_tabletop_floor_01_a.asset,Assets/CK3Map/Data/Source/game/gfx/models/tabletop/tgp/tgp_tabletop_floor_01_a.asset.ck3source,713,2026-06-10T10:26:56.3017958Z
game/gfx/models/tabletop/tgp/tgp_tabletop_floor_01_a.mesh,Assets/CK3Map/Data/Source/game/gfx/models/tabletop/tgp/tgp_tabletop_floor_01_a.mesh.ck3source,743,2026-06-10T10:26:56.3007381Z
game/gfx/models/tabletop/tgp/tgp_table_floor_lightning_diffuse.dds,Assets/CK3Map/Data/Source/game/gfx/models/tabletop/tgp/tgp_table_floor_lightning_diffuse.dds,349680,2026-06-10T10:17:28.2190852Z
game/gfx/models/tabletop/western_basic_table_cloth_01_a_diffuse.dds,Assets/CK3Map/Data/Source/game/gfx/models/tabletop/western_basic_table_cloth_01_a_diffuse.dds,1398256,2026-06-10T10:17:28.2190852Z
game/gfx/models/tabletop/western_basic_table_cloth_01_a_normal.dds,Assets/CK3Map/Data/Source/game/gfx/models/tabletop/western_basic_table_cloth_01_a_normal.dds,1398256,2026-06-10T10:17:28.2206109Z
game/gfx/models/tabletop/western_basic_table_cloth_01_a_properties.dds,Assets/CK3Map/Data/Source/game/gfx/models/tabletop/western_basic_table_cloth_01_a_properties.dds,1398256,2026-06-10T10:17:28.2206109Z
game/gfx/models/tabletop/western_basic_table_cloth_01_b_diffuse.dds,Assets/CK3Map/Data/Source/game/gfx/models/tabletop/western_basic_table_cloth_01_b_diffuse.dds,699192,2026-06-10T10:17:28.2206109Z
game/gfx/models/tabletop/western_basic_table_cup.asset,Assets/CK3Map/Data/Source/game/gfx/models/tabletop/western_basic_table_cup.asset.ck3source,555,2026-06-10T10:26:08.8403287Z
game/gfx/models/tabletop/western_basic_table_cup.mesh,Assets/CK3Map/Data/Source/game/gfx/models/tabletop/western_basic_table_cup.mesh.ck3source,109671,2026-06-10T10:25:57.5582330Z
game/gfx/models/tabletop/western_basic_table_cup_diffuse.dds,Assets/CK3Map/Data/Source/game/gfx/models/tabletop/western_basic_table_cup_diffuse.dds,349680,2026-06-10T10:17:28.2206109Z
game/gfx/models/tabletop/western_basic_table_cup_normal.dds,Assets/CK3Map/Data/Source/game/gfx/models/tabletop/western_basic_table_cup_normal.dds,349680,2026-06-10T10:17:28.2206109Z
game/gfx/models/tabletop/western_basic_table_cup_properties.dds,Assets/CK3Map/Data/Source/game/gfx/models/tabletop/western_basic_table_cup_properties.dds,349680,2026-06-10T10:17:28.2206109Z
game/gfx/models/tabletop/western_tabletop_basic_diffuse.dds,Assets/CK3Map/Data/Source/game/gfx/models/tabletop/western_tabletop_basic_diffuse.dds,11184952,2026-06-10T10:17:28.2206109Z
game/gfx/models/tabletop/western_tabletop_basic_normal.dds,Assets/CK3Map/Data/Source/game/gfx/models/tabletop/western_tabletop_basic_normal.dds,5592560,2026-06-10T10:17:28.2206109Z
game/gfx/models/tabletop/western_tabletop_basic_properties.dds,Assets/CK3Map/Data/Source/game/gfx/models/tabletop/western_tabletop_basic_properties.dds,1398256,2026-06-10T10:17:28.2206109Z
game/gfx/portraits/environments/castle_interior_01_fire.dds,Assets/CK3Map/Data/Source/game/gfx/portraits/environments/castle_interior_01_fire.dds,1048784,2026-06-10T10:17:28.5327937Z
game/history/characters/afar.txt,Assets/CK3Map/Data/Source/game/history/characters/afar.txt,3504,2026-06-10T10:25:59.5345271Z
game/history/characters/afghan.txt,Assets/CK3Map/Data/Source/game/history/characters/afghan.txt,10769,2026-06-10T10:26:44.5757949Z
game/history/characters/ainu.txt,Assets/CK3Map/Data/Source/game/history/characters/ainu.txt,21951,2026-06-10T10:26:06.3208687Z
game/history/characters/akan.txt,Assets/CK3Map/Data/Source/game/history/characters/akan.txt,16291,2026-06-10T10:25:30.5441522Z
game/history/characters/alan.txt,Assets/CK3Map/Data/Source/game/history/characters/alan.txt,20174,2026-06-10T10:26:39.8691937Z
game/history/characters/albanian.txt,Assets/CK3Map/Data/Source/game/history/characters/albanian.txt,518,2026-06-10T10:26:06.3234485Z
game/history/characters/amis.txt,Assets/CK3Map/Data/Source/game/history/characters/amis.txt,7676,2026-06-10T10:26:17.3975743Z
game/history/characters/andalusian.txt,Assets/CK3Map/Data/Source/game/history/characters/andalusian.txt,123829,2026-06-10T10:26:44.6351918Z
game/history/characters/anglo_saxon.txt,Assets/CK3Map/Data/Source/game/history/characters/anglo_saxon.txt,105162,2026-06-10T10:25:54.4738866Z
game/history/characters/aragonese.txt,Assets/CK3Map/Data/Source/game/history/characters/aragonese.txt,15968,2026-06-10T10:26:19.4100713Z
game/history/characters/armenian.txt,Assets/CK3Map/Data/Source/game/history/characters/armenian.txt,141969,2026-06-10T10:26:58.3646452Z
game/history/characters/assamese.txt,Assets/CK3Map/Data/Source/game/history/characters/assamese.txt,14982,2026-06-10T10:26:53.3491155Z
game/history/characters/asturleonese.txt,Assets/CK3Map/Data/Source/game/history/characters/asturleonese.txt,219611,2026-06-10T10:26:17.3606513Z
game/history/characters/avar.txt,Assets/CK3Map/Data/Source/game/history/characters/avar.txt,8868,2026-06-10T10:25:30.5446590Z
game/history/characters/bai.txt,Assets/CK3Map/Data/Source/game/history/characters/bai.txt,29724,2026-06-10T10:26:17.3663253Z
game/history/characters/balhae.txt,Assets/CK3Map/Data/Source/game/history/characters/balhae.txt,33379,2026-06-10T10:25:54.4764699Z
game/history/characters/baloch.txt,Assets/CK3Map/Data/Source/game/history/characters/baloch.txt,3490,2026-06-10T10:26:53.3486060Z
game/history/characters/bashkir.txt,Assets/CK3Map/Data/Source/game/history/characters/bashkir.txt,7176,2026-06-10T10:25:54.4601927Z
game/history/characters/basque.txt,Assets/CK3Map/Data/Source/game/history/characters/basque.txt,174152,2026-06-10T10:25:59.5360881Z
game/history/characters/bavarian.txt,Assets/CK3Map/Data/Source/game/history/characters/bavarian.txt,148665,2026-06-10T10:26:19.3820883Z
game/history/characters/bavlim.txt,Assets/CK3Map/Data/Source/game/history/characters/bavlim.txt,2892,2026-06-10T10:25:59.5446621Z
game/history/characters/bedouin.txt,Assets/CK3Map/Data/Source/game/history/characters/bedouin.txt,231710,2026-06-10T10:25:54.4775080Z
game/history/characters/beja.txt,Assets/CK3Map/Data/Source/game/history/characters/beja.txt,16910,2026-06-10T10:26:19.4069124Z
game/history/characters/bengali.txt,Assets/CK3Map/Data/Source/game/history/characters/bengali.txt,52717,2026-06-10T10:25:54.4732787Z
game/history/characters/berber.txt,Assets/CK3Map/Data/Source/game/history/characters/berber.txt,164095,2026-06-10T10:26:44.6956814Z
game/history/characters/bobo.txt,Assets/CK3Map/Data/Source/game/history/characters/bobo.txt,18565,2026-06-10T10:26:19.3876161Z
game/history/characters/bodpa.txt,Assets/CK3Map/Data/Source/game/history/characters/bodpa.txt,284071,2026-06-10T10:17:28.5725335Z
game/history/characters/bolghar.txt,Assets/CK3Map/Data/Source/game/history/characters/bolghar.txt,32638,2026-06-10T10:26:37.5783970Z
game/history/characters/bosnian.txt,Assets/CK3Map/Data/Source/game/history/characters/bosnian.txt,6513,2026-06-10T10:26:53.3454379Z
game/history/characters/bouxcuengh.txt,Assets/CK3Map/Data/Source/game/history/characters/bouxcuengh.txt,1376,2026-06-10T10:26:53.3512485Z
game/history/characters/bozo.txt,Assets/CK3Map/Data/Source/game/history/characters/bozo.txt,6373,2026-06-10T10:26:38.3890694Z
game/history/characters/breton.txt,Assets/CK3Map/Data/Source/game/history/characters/breton.txt,81985,2026-06-10T10:26:37.3547412Z
game/history/characters/bugis.txt,Assets/CK3Map/Data/Source/game/history/characters/bugis.txt,10868,2026-06-10T10:27:13.6196548Z
game/history/characters/bulgarian.txt,Assets/CK3Map/Data/Source/game/history/characters/bulgarian.txt,33869,2026-06-10T10:25:54.4738866Z
game/history/characters/burmese.txt,Assets/CK3Map/Data/Source/game/history/characters/burmese.txt,26555,2026-06-10T10:25:30.5451082Z
game/history/characters/buryat.txt,Assets/CK3Map/Data/Source/game/history/characters/buryat.txt,22459,2026-06-10T10:25:54.4780184Z
game/history/characters/butr.txt,Assets/CK3Map/Data/Source/game/history/characters/butr.txt,53756,2026-06-10T10:27:18.3103241Z
game/history/characters/carantanian.txt,Assets/CK3Map/Data/Source/game/history/characters/carantanian.txt,319,2026-06-10T10:25:54.4607107Z
game/history/characters/castilian.txt,Assets/CK3Map/Data/Source/game/history/characters/castilian.txt,321028,2026-06-10T10:17:28.5730429Z
game/history/characters/catalan.txt,Assets/CK3Map/Data/Source/game/history/characters/catalan.txt,236913,2026-06-10T10:26:37.5426534Z
game/history/characters/cham.txt,Assets/CK3Map/Data/Source/game/history/characters/cham.txt,18297,2026-06-10T10:26:19.4089910Z
game/history/characters/cisalpine.txt,Assets/CK3Map/Data/Source/game/history/characters/cisalpine.txt,549352,2026-06-10T10:17:28.5730429Z
game/history/characters/croatian.txt,Assets/CK3Map/Data/Source/game/history/characters/croatian.txt,35481,2026-06-10T10:25:30.5446590Z
game/history/characters/cuman.txt,Assets/CK3Map/Data/Source/game/history/characters/cuman.txt,64644,2026-06-10T10:27:17.6543366Z
game/history/characters/cumbrian.txt,Assets/CK3Map/Data/Source/game/history/characters/cumbrian.txt,15962,2026-06-10T10:26:44.7578364Z
game/history/characters/czech.txt,Assets/CK3Map/Data/Source/game/history/characters/czech.txt,52996,2026-06-10T10:26:44.7567970Z
game/history/characters/daju.txt,Assets/CK3Map/Data/Source/game/history/characters/daju.txt,6172,2026-06-10T10:25:30.5496841Z
game/history/characters/danish.txt,Assets/CK3Map/Data/Source/game/history/characters/danish.txt,60895,2026-06-10T10:26:19.3857574Z
game/history/characters/dayak.txt,Assets/CK3Map/Data/Source/game/history/characters/dayak.txt,33207,2026-06-10T10:25:54.4612210Z
game/history/characters/daylamite.txt,Assets/CK3Map/Data/Source/game/history/characters/daylamite.txt,39226,2026-06-10T10:26:30.3237957Z
game/history/characters/dutch.txt,Assets/CK3Map/Data/Source/game/history/characters/dutch.txt,115436,2026-06-10T10:26:17.3632351Z
game/history/characters/eastereggs.txt,Assets/CK3Map/Data/Source/game/history/characters/eastereggs.txt,143687,2026-06-10T10:26:17.3652956Z
game/history/characters/easteregg_non_developers.txt,Assets/CK3Map/Data/Source/game/history/characters/easteregg_non_developers.txt,9247,2026-06-10T10:26:17.3616866Z
game/history/characters/east_bantu.txt,Assets/CK3Map/Data/Source/game/history/characters/east_bantu.txt,3924,2026-06-10T10:25:54.4601927Z
game/history/characters/edo.txt,Assets/CK3Map/Data/Source/game/history/characters/edo.txt,3749,2026-06-10T10:26:53.3512485Z
game/history/characters/egyptian.txt,Assets/CK3Map/Data/Source/game/history/characters/egyptian.txt,26754,2026-06-10T10:26:06.3395210Z
game/history/characters/emishi.txt,Assets/CK3Map/Data/Source/game/history/characters/emishi.txt,1990,2026-06-10T10:26:32.9294875Z
game/history/characters/english.txt,Assets/CK3Map/Data/Source/game/history/characters/english.txt,200532,2026-06-10T10:26:06.3337520Z
game/history/characters/estonian.txt,Assets/CK3Map/Data/Source/game/history/characters/estonian.txt,6660,2026-06-10T10:25:30.5456139Z
game/history/characters/ethiopian.txt,Assets/CK3Map/Data/Source/game/history/characters/ethiopian.txt,39398,2026-06-10T10:26:06.3390059Z
game/history/characters/ewe.txt,Assets/CK3Map/Data/Source/game/history/characters/ewe.txt,6324,2026-06-10T10:26:53.3469405Z
game/history/characters/filipino.txt,Assets/CK3Map/Data/Source/game/history/characters/filipino.txt,17833,2026-06-10T10:26:06.3405519Z
game/history/characters/finnish.txt,Assets/CK3Map/Data/Source/game/history/characters/finnish.txt,15960,2026-06-10T10:25:54.4759513Z
game/history/characters/franconian.txt,Assets/CK3Map/Data/Source/game/history/characters/franconian.txt,286961,2026-06-10T10:17:28.5735541Z
game/history/characters/frankish.txt,Assets/CK3Map/Data/Source/game/history/characters/frankish.txt,75055,2026-06-10T10:25:59.5366091Z
game/history/characters/french.txt,Assets/CK3Map/Data/Source/game/history/characters/french.txt,716498,2026-06-10T10:17:28.5735541Z
game/history/characters/frisian.txt,Assets/CK3Map/Data/Source/game/history/characters/frisian.txt,4680,2026-06-10T10:26:17.3663253Z
game/history/characters/gaelic.txt,Assets/CK3Map/Data/Source/game/history/characters/gaelic.txt,20972,2026-06-10T10:25:59.5355747Z
game/history/characters/galician.txt,Assets/CK3Map/Data/Source/game/history/characters/galician.txt,263065,2026-06-10T10:17:28.5735541Z
game/history/characters/georgian.txt,Assets/CK3Map/Data/Source/game/history/characters/georgian.txt,49985,2026-06-10T10:25:59.5350409Z
game/history/characters/german.txt,Assets/CK3Map/Data/Source/game/history/characters/german.txt,7189,2026-06-10T10:26:19.4069124Z
game/history/characters/greek.txt,Assets/CK3Map/Data/Source/game/history/characters/greek.txt,314056,2026-06-10T10:17:28.5739081Z
game/history/characters/guan.txt,Assets/CK3Map/Data/Source/game/history/characters/guan.txt,8630,2026-06-10T10:26:17.3658146Z
game/history/characters/gujarati.txt,Assets/CK3Map/Data/Source/game/history/characters/gujarati.txt,15585,2026-06-10T10:26:32.8185571Z
game/history/characters/gur.txt,Assets/CK3Map/Data/Source/game/history/characters/gur.txt,19988,2026-06-10T10:26:19.4095283Z
game/history/characters/han.txt,Assets/CK3Map/Data/Source/game/history/characters/han.txt,3093495,2026-06-10T10:17:28.5739081Z
game/history/characters/hausa.txt,Assets/CK3Map/Data/Source/game/history/characters/hausa.txt,29724,2026-06-10T10:26:53.3479668Z
game/history/characters/hindustani.txt,Assets/CK3Map/Data/Source/game/history/characters/hindustani.txt,41181,2026-06-10T10:26:06.3203259Z
game/history/characters/hmong.txt,Assets/CK3Map/Data/Source/game/history/characters/hmong.txt,7305,2026-06-10T10:26:44.7624633Z
game/history/characters/hungarian.txt,Assets/CK3Map/Data/Source/game/history/characters/hungarian.txt,145602,2026-06-10T10:27:11.4538751Z
game/history/characters/igbo.txt,Assets/CK3Map/Data/Source/game/history/characters/igbo.txt,8330,2026-06-10T10:25:59.5446621Z
game/history/characters/irish.txt,Assets/CK3Map/Data/Source/game/history/characters/irish.txt,365893,2026-06-10T10:17:28.5739081Z
game/history/characters/italian.txt,Assets/CK3Map/Data/Source/game/history/characters/italian.txt,344668,2026-06-10T10:17:28.5739081Z
game/history/characters/japanese.txt,Assets/CK3Map/Data/Source/game/history/characters/japanese.txt,1890853,2026-06-10T10:17:28.5739081Z
game/history/characters/javanese.txt,Assets/CK3Map/Data/Source/game/history/characters/javanese.txt,45021,2026-06-10T10:26:39.5514023Z
game/history/characters/jurchen.txt,Assets/CK3Map/Data/Source/game/history/characters/jurchen.txt,47232,2026-06-10T10:26:44.7912043Z
game/history/characters/kannada.txt,Assets/CK3Map/Data/Source/game/history/characters/kannada.txt,70940,2026-06-10T10:27:11.4533597Z
game/history/characters/kanuri.txt,Assets/CK3Map/Data/Source/game/history/characters/kanuri.txt,10978,2026-06-10T10:26:35.3532686Z
game/history/characters/karelian.txt,Assets/CK3Map/Data/Source/game/history/characters/karelian.txt,4009,2026-06-10T10:26:53.3501997Z
game/history/characters/karluk.txt,Assets/CK3Map/Data/Source/game/history/characters/karluk.txt,56800,2026-06-10T10:26:17.5456627Z
game/history/characters/kashmiri.txt,Assets/CK3Map/Data/Source/game/history/characters/kashmiri.txt,16072,2026-06-10T10:25:59.5322877Z
game/history/characters/kerait.txt,Assets/CK3Map/Data/Source/game/history/characters/kerait.txt,10583,2026-06-10T10:25:54.4754397Z
game/history/characters/khanty.txt,Assets/CK3Map/Data/Source/game/history/characters/khanty.txt,37324,2026-06-10T10:25:59.5360881Z
game/history/characters/khazar.txt,Assets/CK3Map/Data/Source/game/history/characters/khazar.txt,16638,2026-06-10T10:26:33.4840840Z
game/history/characters/khitan.txt,Assets/CK3Map/Data/Source/game/history/characters/khitan.txt,83384,2026-06-10T10:26:39.0702821Z
game/history/characters/khmer.txt,Assets/CK3Map/Data/Source/game/history/characters/khmer.txt,33500,2026-06-10T10:26:17.6156824Z
game/history/characters/khwarezmian.txt,Assets/CK3Map/Data/Source/game/history/characters/khwarezmian.txt,6862,2026-06-10T10:26:35.4679921Z
game/history/characters/kimek.txt,Assets/CK3Map/Data/Source/game/history/characters/kimek.txt,21730,2026-06-10T10:26:17.6161937Z
game/history/characters/kipchak.txt,Assets/CK3Map/Data/Source/game/history/characters/kipchak.txt,15181,2026-06-10T10:26:36.9107704Z
game/history/characters/kirati.txt,Assets/CK3Map/Data/Source/game/history/characters/kirati.txt,15955,2026-06-10T10:26:06.3411513Z
game/history/characters/kirghiz.txt,Assets/CK3Map/Data/Source/game/history/characters/kirghiz.txt,27171,2026-06-10T10:27:11.4538751Z
game/history/characters/komi.txt,Assets/CK3Map/Data/Source/game/history/characters/komi.txt,7505,2026-06-10T10:25:30.5608579Z
game/history/characters/korean.txt,Assets/CK3Map/Data/Source/game/history/characters/korean.txt,309396,2026-06-10T10:17:28.5739081Z
game/history/characters/kru.txt,Assets/CK3Map/Data/Source/game/history/characters/kru.txt,19434,2026-06-10T10:26:30.2461099Z
game/history/characters/kurdish.txt,Assets/CK3Map/Data/Source/game/history/characters/kurdish.txt,29816,2026-06-10T10:25:54.4738866Z
game/history/characters/laktan.txt,Assets/CK3Map/Data/Source/game/history/characters/laktan.txt,5086,2026-06-10T10:26:35.4685160Z
game/history/characters/latgalian.txt,Assets/CK3Map/Data/Source/game/history/characters/latgalian.txt,5073,2026-06-10T10:26:17.6161937Z
game/history/characters/levantine.txt,Assets/CK3Map/Data/Source/game/history/characters/levantine.txt,212342,2026-06-10T10:26:44.7875739Z
game/history/characters/lhomon.txt,Assets/CK3Map/Data/Source/game/history/characters/lhomon.txt,28367,2026-06-10T10:25:54.4785349Z
game/history/characters/lithuanian.txt,Assets/CK3Map/Data/Source/game/history/characters/lithuanian.txt,37852,2026-06-10T10:26:19.4105809Z
game/history/characters/lombard.txt,Assets/CK3Map/Data/Source/game/history/characters/lombard.txt,143838,2026-06-10T10:26:19.3842070Z
game/history/characters/maghrebi.txt,Assets/CK3Map/Data/Source/game/history/characters/maghrebi.txt,9425,2026-06-10T10:26:37.9603615Z
game/history/characters/malay.txt,Assets/CK3Map/Data/Source/game/history/characters/malay.txt,28614,2026-06-10T10:26:06.3411513Z
game/history/characters/malinke.txt,Assets/CK3Map/Data/Source/game/history/characters/malinke.txt,32158,2026-06-10T10:26:28.8717944Z
game/history/characters/maluku.txt,Assets/CK3Map/Data/Source/game/history/characters/maluku.txt,29701,2026-06-10T10:26:17.6151669Z
game/history/characters/marathi.txt,Assets/CK3Map/Data/Source/game/history/characters/marathi.txt,34844,2026-06-10T10:26:06.3187257Z
game/history/characters/mari.txt,Assets/CK3Map/Data/Source/game/history/characters/mari.txt,2729,2026-06-10T10:26:06.3308238Z
game/history/characters/marka.txt,Assets/CK3Map/Data/Source/game/history/characters/marka.txt,5145,2026-06-10T10:26:41.1316790Z
game/history/characters/mel.txt,Assets/CK3Map/Data/Source/game/history/characters/mel.txt,18456,2026-06-10T10:26:06.3282497Z
game/history/characters/merya.txt,Assets/CK3Map/Data/Source/game/history/characters/merya.txt,1370,2026-06-10T10:25:30.5456139Z
game/history/characters/meshchera.txt,Assets/CK3Map/Data/Source/game/history/characters/meshchera.txt,4400,2026-06-10T10:25:54.4790455Z
game/history/characters/mohe.txt,Assets/CK3Map/Data/Source/game/history/characters/mohe.txt,26856,2026-06-10T10:26:53.3474560Z
game/history/characters/mon.txt,Assets/CK3Map/Data/Source/game/history/characters/mon.txt,32340,2026-06-10T10:25:30.5623929Z
game/history/characters/mongol.txt,Assets/CK3Map/Data/Source/game/history/characters/mongol.txt,129237,2026-06-10T10:26:17.6161937Z
game/history/characters/mordvin.txt,Assets/CK3Map/Data/Source/game/history/characters/mordvin.txt,7999,2026-06-10T10:26:17.6161937Z
game/history/characters/mossi.txt,Assets/CK3Map/Data/Source/game/history/characters/mossi.txt,5473,2026-06-10T10:25:54.4785349Z
game/history/characters/muroma.txt,Assets/CK3Map/Data/Source/game/history/characters/muroma.txt,2368,2026-06-10T10:26:44.8042026Z
game/history/characters/naiman.txt,Assets/CK3Map/Data/Source/game/history/characters/naiman.txt,8311,2026-06-10T10:25:54.4744044Z
game/history/characters/nepali.txt,Assets/CK3Map/Data/Source/game/history/characters/nepali.txt,65930,2026-06-10T10:26:19.4095283Z
game/history/characters/nivkh.txt,Assets/CK3Map/Data/Source/game/history/characters/nivkh.txt,7801,2026-06-10T10:26:06.3332380Z
game/history/characters/norman.txt,Assets/CK3Map/Data/Source/game/history/characters/norman.txt,142990,2026-06-10T10:26:32.9294875Z
game/history/characters/norse.txt,Assets/CK3Map/Data/Source/game/history/characters/norse.txt,106759,2026-06-10T10:26:19.4116130Z
game/history/characters/norwegian.txt,Assets/CK3Map/Data/Source/game/history/characters/norwegian.txt,79516,2026-06-10T10:26:19.4084535Z
game/history/characters/nubian.txt,Assets/CK3Map/Data/Source/game/history/characters/nubian.txt,25687,2026-06-10T10:26:19.4116130Z
game/history/characters/nupe.txt,Assets/CK3Map/Data/Source/game/history/characters/nupe.txt,13598,2026-06-10T10:26:17.6161937Z
game/history/characters/occitan.txt,Assets/CK3Map/Data/Source/game/history/characters/occitan.txt,300570,2026-06-10T10:17:28.5739081Z
game/history/characters/oirat.txt,Assets/CK3Map/Data/Source/game/history/characters/oirat.txt,3709,2026-06-10T10:27:13.6227948Z
game/history/characters/old_saxon.txt,Assets/CK3Map/Data/Source/game/history/characters/old_saxon.txt,4468,2026-06-10T10:26:39.1348212Z
game/history/characters/ongud.txt,Assets/CK3Map/Data/Source/game/history/characters/ongud.txt,5671,2026-06-10T10:26:06.3234485Z
game/history/characters/oriya.txt,Assets/CK3Map/Data/Source/game/history/characters/oriya.txt,48011,2026-06-10T10:26:37.5431738Z
game/history/characters/papuan.txt,Assets/CK3Map/Data/Source/game/history/characters/papuan.txt,2577,2026-06-10T10:26:31.7508465Z
game/history/characters/pecheneg.txt,Assets/CK3Map/Data/Source/game/history/characters/pecheneg.txt,26526,2026-06-10T10:26:06.3327211Z
game/history/characters/persian.txt,Assets/CK3Map/Data/Source/game/history/characters/persian.txt,100598,2026-06-10T10:25:54.4738866Z
game/history/characters/pictish.txt,Assets/CK3Map/Data/Source/game/history/characters/pictish.txt,25093,2026-06-10T10:25:59.5366091Z
game/history/characters/polabian.txt,Assets/CK3Map/Data/Source/game/history/characters/polabian.txt,19348,2026-06-10T10:26:39.8455578Z
game/history/characters/polish.txt,Assets/CK3Map/Data/Source/game/history/characters/polish.txt,102860,2026-06-10T10:25:54.4759513Z
game/history/characters/pommeranian.txt,Assets/CK3Map/Data/Source/game/history/characters/pommeranian.txt,27622,2026-06-10T10:26:44.7917160Z
game/history/characters/portrait_debug_characters.txt,Assets/CK3Map/Data/Source/game/history/characters/portrait_debug_characters.txt,3045,2026-06-10T10:26:44.7640053Z
game/history/characters/portuguese.txt,Assets/CK3Map/Data/Source/game/history/characters/portuguese.txt,268309,2026-06-10T10:17:28.5749109Z
game/history/characters/prussian.txt,Assets/CK3Map/Data/Source/game/history/characters/prussian.txt,4819,2026-06-10T10:26:37.8007186Z
game/history/characters/punjabi.txt,Assets/CK3Map/Data/Source/game/history/characters/punjabi.txt,39982,2026-06-10T10:25:54.4754397Z
game/history/characters/qiang.txt,Assets/CK3Map/Data/Source/game/history/characters/qiang.txt,5256,2026-06-10T10:26:56.9502585Z
game/history/characters/rajput.txt,Assets/CK3Map/Data/Source/game/history/characters/rajput.txt,153875,2026-06-10T10:27:06.3678867Z
game/history/characters/roman.txt,Assets/CK3Map/Data/Source/game/history/characters/roman.txt,42872,2026-06-10T10:26:29.1837681Z
game/history/characters/romanian.txt,Assets/CK3Map/Data/Source/game/history/characters/romanian.txt,27471,2026-06-10T10:26:37.5431738Z
game/history/characters/russian.txt,Assets/CK3Map/Data/Source/game/history/characters/russian.txt,193853,2026-06-10T10:25:31.3670721Z
game/history/characters/ryukyuan.txt,Assets/CK3Map/Data/Source/game/history/characters/ryukyuan.txt,6133,2026-06-10T10:25:54.4754397Z
game/history/characters/saka.txt,Assets/CK3Map/Data/Source/game/history/characters/saka.txt,23421,2026-06-10T10:26:33.0230731Z
game/history/characters/sami.txt,Assets/CK3Map/Data/Source/game/history/characters/sami.txt,15549,2026-06-10T10:26:33.2336595Z
game/history/characters/samoyed.txt,Assets/CK3Map/Data/Source/game/history/characters/samoyed.txt,7106,2026-06-10T10:26:53.3479668Z
game/history/characters/sao.txt,Assets/CK3Map/Data/Source/game/history/characters/sao.txt,20118,2026-06-10T10:25:31.3001795Z
game/history/characters/sardinian.txt,Assets/CK3Map/Data/Source/game/history/characters/sardinian.txt,52801,2026-06-10T10:26:53.3486060Z
game/history/characters/saxon.txt,Assets/CK3Map/Data/Source/game/history/characters/saxon.txt,228894,2026-06-10T10:26:53.3501997Z
game/history/characters/scottish.txt,Assets/CK3Map/Data/Source/game/history/characters/scottish.txt,115887,2026-06-10T10:26:53.3512485Z
game/history/characters/sephardi.txt,Assets/CK3Map/Data/Source/game/history/characters/sephardi.txt,6631,2026-06-10T10:26:06.3297945Z
game/history/characters/serbian.txt,Assets/CK3Map/Data/Source/game/history/characters/serbian.txt,36970,2026-06-10T10:26:17.6161937Z
game/history/characters/shatuo.txt,Assets/CK3Map/Data/Source/game/history/characters/shatuo.txt,5397,2026-06-10T10:25:59.5424167Z
game/history/characters/shiwei.txt,Assets/CK3Map/Data/Source/game/history/characters/shiwei.txt,24477,2026-06-10T10:26:44.7880840Z
game/history/characters/sicilian.txt,Assets/CK3Map/Data/Source/game/history/characters/sicilian.txt,44560,2026-06-10T10:26:17.6167103Z
game/history/characters/sindhi.txt,Assets/CK3Map/Data/Source/game/history/characters/sindhi.txt,8947,2026-06-10T10:26:31.7999500Z
game/history/characters/sinhala.txt,Assets/CK3Map/Data/Source/game/history/characters/sinhala.txt,18885,2026-06-10T10:26:41.1316790Z
game/history/characters/slovien.txt,Assets/CK3Map/Data/Source/game/history/characters/slovien.txt,10621,2026-06-10T10:26:44.7886411Z
game/history/characters/sogdian.txt,Assets/CK3Map/Data/Source/game/history/characters/sogdian.txt,25348,2026-06-10T10:26:06.3316975Z
game/history/characters/somali.txt,Assets/CK3Map/Data/Source/game/history/characters/somali.txt,35498,2026-06-10T10:26:17.6172247Z
game/history/characters/songhai.txt,Assets/CK3Map/Data/Source/game/history/characters/songhai.txt,7638,2026-06-10T10:26:56.9502585Z
game/history/characters/soninke.txt,Assets/CK3Map/Data/Source/game/history/characters/soninke.txt,22885,2026-06-10T10:26:32.7460348Z
game/history/characters/sorko.txt,Assets/CK3Map/Data/Source/game/history/characters/sorko.txt,6319,2026-06-10T10:26:42.6896569Z
game/history/characters/suebi.txt,Assets/CK3Map/Data/Source/game/history/characters/suebi.txt,336,2026-06-10T10:26:17.6172247Z
game/history/characters/sumpa.txt,Assets/CK3Map/Data/Source/game/history/characters/sumpa.txt,45589,2026-06-10T10:25:31.3017773Z
game/history/characters/swabian.txt,Assets/CK3Map/Data/Source/game/history/characters/swabian.txt,154098,2026-06-10T10:26:41.1321935Z
game/history/characters/swahili.txt,Assets/CK3Map/Data/Source/game/history/characters/swahili.txt,15639,2026-06-10T10:26:17.6167103Z
game/history/characters/swedish.txt,Assets/CK3Map/Data/Source/game/history/characters/swedish.txt,116938,2026-06-10T10:25:54.4764699Z
game/history/characters/tai.txt,Assets/CK3Map/Data/Source/game/history/characters/tai.txt,13551,2026-06-10T10:26:06.3303061Z
game/history/characters/tajik.txt,Assets/CK3Map/Data/Source/game/history/characters/tajik.txt,40035,2026-06-10T10:26:53.3474560Z
game/history/characters/tamil.txt,Assets/CK3Map/Data/Source/game/history/characters/tamil.txt,29611,2026-06-10T10:26:36.7794564Z
game/history/characters/tangut.txt,Assets/CK3Map/Data/Source/game/history/characters/tangut.txt,66888,2026-06-10T10:26:06.3395210Z
game/history/characters/telugu.txt,Assets/CK3Map/Data/Source/game/history/characters/telugu.txt,32020,2026-06-10T10:26:44.7896677Z
game/history/characters/tocharian.txt,Assets/CK3Map/Data/Source/game/history/characters/tocharian.txt,10220,2026-06-10T10:26:37.9613737Z
game/history/characters/toraja.txt,Assets/CK3Map/Data/Source/game/history/characters/toraja.txt,4197,2026-06-10T10:26:32.0868673Z
game/history/characters/tsangpa.txt,Assets/CK3Map/Data/Source/game/history/characters/tsangpa.txt,31900,2026-06-10T10:25:54.4749190Z
game/history/characters/turkish.txt,Assets/CK3Map/Data/Source/game/history/characters/turkish.txt,195497,2026-06-10T10:25:54.4780184Z
game/history/characters/tuyuhun.txt,Assets/CK3Map/Data/Source/game/history/characters/tuyuhun.txt,29801,2026-06-10T10:26:37.6582372Z
game/history/characters/uriankhai.txt,Assets/CK3Map/Data/Source/game/history/characters/uriankhai.txt,11084,2026-06-10T10:26:31.7508465Z
game/history/characters/uyghur.txt,Assets/CK3Map/Data/Source/game/history/characters/uyghur.txt,53061,2026-06-10T10:26:53.3501997Z
game/history/characters/vepsian.txt,Assets/CK3Map/Data/Source/game/history/characters/vepsian.txt,5259,2026-06-10T10:26:06.3405519Z
game/history/characters/viet.txt,Assets/CK3Map/Data/Source/game/history/characters/viet.txt,25739,2026-06-10T10:26:17.6167103Z
game/history/characters/visigothic.txt,Assets/CK3Map/Data/Source/game/history/characters/visigothic.txt,46533,2026-06-10T10:26:19.3852472Z
game/history/characters/welayta.txt,Assets/CK3Map/Data/Source/game/history/characters/welayta.txt,19283,2026-06-10T10:26:44.8047121Z
game/history/characters/welsh.txt,Assets/CK3Map/Data/Source/game/history/characters/welsh.txt,147081,2026-06-10T10:26:53.3501997Z
game/history/characters/wolof.txt,Assets/CK3Map/Data/Source/game/history/characters/wolof.txt,21639,2026-06-10T10:25:31.2905210Z
game/history/characters/x_test_characters.txt,Assets/CK3Map/Data/Source/game/history/characters/x_test_characters.txt,2402,2026-06-10T10:26:29.5385816Z
game/history/characters/yemeni.txt,Assets/CK3Map/Data/Source/game/history/characters/yemeni.txt,45661,2026-06-10T10:27:13.6217664Z
game/history/characters/yi.txt,Assets/CK3Map/Data/Source/game/history/characters/yi.txt,2737,2026-06-10T10:25:54.4738866Z
game/history/characters/yoruba.txt,Assets/CK3Map/Data/Source/game/history/characters/yoruba.txt,10432,2026-06-10T10:25:31.3007227Z
game/history/characters/yughur.txt,Assets/CK3Map/Data/Source/game/history/characters/yughur.txt,11738,2026-06-10T10:25:59.5338381Z
game/history/characters/zaghawa.txt,Assets/CK3Map/Data/Source/game/history/characters/zaghawa.txt,17574,2026-06-10T10:26:06.3208687Z
game/history/characters/zhangzhung.txt,Assets/CK3Map/Data/Source/game/history/characters/zhangzhung.txt,52721,2026-06-10T10:26:37.6535538Z
game/history/provinces/e_japan.txt,Assets/CK3Map/Data/Source/game/history/provinces/e_japan.txt,18975,2026-06-10T10:25:59.5560021Z
game/history/provinces/e_kambuja.txt,Assets/CK3Map/Data/Source/game/history/provinces/e_kambuja.txt,8568,2026-06-10T10:27:13.6196548Z
game/history/provinces/h_china.txt,Assets/CK3Map/Data/Source/game/history/provinces/h_china.txt,99326,2026-06-10T10:26:06.3337520Z
game/history/provinces/k_abyssinia.txt,Assets/CK3Map/Data/Source/game/history/provinces/k_abyssinia.txt,4720,2026-06-10T10:26:41.1327083Z
game/history/provinces/k_adal.txt,Assets/CK3Map/Data/Source/game/history/provinces/k_adal.txt,4176,2026-06-10T10:26:37.5437614Z
game/history/provinces/k_africa.txt,Assets/CK3Map/Data/Source/game/history/provinces/k_africa.txt,8045,2026-06-10T10:25:31.2968310Z
game/history/provinces/k_ajuraan.txt,Assets/CK3Map/Data/Source/game/history/provinces/k_ajuraan.txt,3436,2026-06-10T10:26:37.5483833Z
game/history/provinces/k_akan.txt,Assets/CK3Map/Data/Source/game/history/provinces/k_akan.txt,188,2026-06-10T10:26:29.3639939Z
game/history/provinces/k_amdo.txt,Assets/CK3Map/Data/Source/game/history/provinces/k_amdo.txt,15196,2026-06-10T10:26:06.3239691Z
game/history/provinces/k_amur.txt,Assets/CK3Map/Data/Source/game/history/provinces/k_amur.txt,4764,2026-06-10T10:26:34.0863224Z
game/history/provinces/k_anatolia.txt,Assets/CK3Map/Data/Source/game/history/provinces/k_anatolia.txt,12557,2026-06-10T10:27:13.6227948Z
game/history/provinces/k_anbiya.txt,Assets/CK3Map/Data/Source/game/history/provinces/k_anbiya.txt,3816,2026-06-10T10:26:19.4111010Z
game/history/provinces/k_andalusia.txt,Assets/CK3Map/Data/Source/game/history/provinces/k_andalusia.txt,8761,2026-06-10T10:25:24.2796677Z
game/history/provinces/k_andhra.txt,Assets/CK3Map/Data/Source/game/history/provinces/k_andhra.txt,7136,2026-06-10T10:26:30.0894851Z
game/history/provinces/k_angara.txt,Assets/CK3Map/Data/Source/game/history/provinces/k_angara.txt,5723,2026-06-10T10:26:19.4121263Z
game/history/provinces/k_aquitaine.txt,Assets/CK3Map/Data/Source/game/history/provinces/k_aquitaine.txt,9868,2026-06-10T10:26:44.7578364Z
game/history/provinces/k_arabia.txt,Assets/CK3Map/Data/Source/game/history/provinces/k_arabia.txt,12254,2026-06-10T10:25:24.2791487Z
game/history/provinces/k_aragon.txt,Assets/CK3Map/Data/Source/game/history/provinces/k_aragon.txt,5572,2026-06-10T10:27:13.6233226Z
game/history/provinces/k_armenia.txt,Assets/CK3Map/Data/Source/game/history/provinces/k_armenia.txt,8537,2026-06-10T10:26:06.3322044Z
game/history/provinces/k_badajoz.txt,Assets/CK3Map/Data/Source/game/history/provinces/k_badajoz.txt,4185,2026-06-10T10:26:14.3044529Z
game/history/provinces/k_bale.txt,Assets/CK3Map/Data/Source/game/history/provinces/k_bale.txt,2174,2026-06-10T10:25:54.4759513Z
game/history/provinces/k_balhae.txt,Assets/CK3Map/Data/Source/game/history/provinces/k_balhae.txt,6148,2026-06-10T10:26:41.1327083Z
game/history/provinces/k_bashkiria.txt,Assets/CK3Map/Data/Source/game/history/provinces/k_bashkiria.txt,5140,2026-06-10T10:26:41.1327083Z
game/history/provinces/k_bavaria.txt,Assets/CK3Map/Data/Source/game/history/provinces/k_bavaria.txt,11679,2026-06-10T10:26:38.3127296Z
game/history/provinces/k_bengal.txt,Assets/CK3Map/Data/Source/game/history/provinces/k_bengal.txt,9043,2026-06-10T10:27:19.3420342Z
game/history/provinces/k_bihar.txt,Assets/CK3Map/Data/Source/game/history/provinces/k_bihar.txt,7225,2026-06-10T10:26:06.3390059Z
game/history/provinces/k_bjarmaland.txt,Assets/CK3Map/Data/Source/game/history/provinces/k_bjarmaland.txt,4208,2026-06-10T10:26:33.3000375Z
game/history/provinces/k_blemmyia.txt,Assets/CK3Map/Data/Source/game/history/provinces/k_blemmyia.txt,3112,2026-06-10T10:25:54.4764699Z
game/history/provinces/k_bohemia.txt,Assets/CK3Map/Data/Source/game/history/provinces/k_bohemia.txt,5242,2026-06-10T10:26:39.5514023Z
game/history/provinces/k_borgu.txt,Assets/CK3Map/Data/Source/game/history/provinces/k_borgu.txt,879,2026-06-10T10:26:44.7886411Z
game/history/provinces/k_borneo.txt,Assets/CK3Map/Data/Source/game/history/provinces/k_borneo.txt,5663,2026-06-10T10:26:30.3253067Z
game/history/provinces/k_brittany.txt,Assets/CK3Map/Data/Source/game/history/provinces/k_brittany.txt,1413,2026-06-10T10:26:35.4685160Z
game/history/provinces/k_bulgaria.txt,Assets/CK3Map/Data/Source/game/history/provinces/k_bulgaria.txt,11336,2026-06-10T10:27:19.3485078Z
game/history/provinces/k_burgundy.txt,Assets/CK3Map/Data/Source/game/history/provinces/k_burgundy.txt,5190,2026-06-10T10:26:06.3390059Z
game/history/provinces/k_buryatia.txt,Assets/CK3Map/Data/Source/game/history/provinces/k_buryatia.txt,5872,2026-06-10T10:25:24.2670107Z
game/history/provinces/k_caspian_steppe.txt,Assets/CK3Map/Data/Source/game/history/provinces/k_caspian_steppe.txt,10298,2026-06-10T10:26:06.3316975Z
game/history/provinces/k_castille.txt,Assets/CK3Map/Data/Source/game/history/provinces/k_castille.txt,2682,2026-06-10T10:25:54.4601927Z
game/history/provinces/k_caucasus.txt,Assets/CK3Map/Data/Source/game/history/provinces/k_caucasus.txt,5082,2026-06-10T10:26:19.4069124Z
game/history/provinces/k_croatia.txt,Assets/CK3Map/Data/Source/game/history/provinces/k_croatia.txt,9322,2026-06-10T10:26:37.8445435Z
game/history/provinces/k_cuman.txt,Assets/CK3Map/Data/Source/game/history/provinces/k_cuman.txt,7334,2026-06-10T10:26:06.3395210Z
game/history/provinces/k_cyprus.txt,Assets/CK3Map/Data/Source/game/history/provinces/k_cyprus.txt,959,2026-06-10T10:27:11.4533597Z
game/history/provinces/k_dacia.txt,Assets/CK3Map/Data/Source/game/history/provinces/k_dacia.txt,3820,2026-06-10T10:26:56.9512702Z
game/history/provinces/k_dali.txt,Assets/CK3Map/Data/Source/game/history/provinces/k_dali.txt,5490,2026-06-10T10:25:24.2647438Z
game/history/provinces/k_damot.txt,Assets/CK3Map/Data/Source/game/history/provinces/k_damot.txt,2704,2026-06-10T10:26:29.9876078Z
game/history/provinces/k_darfur.txt,Assets/CK3Map/Data/Source/game/history/provinces/k_darfur.txt,8543,2026-06-10T10:26:34.1555731Z
game/history/provinces/k_daylam.txt,Assets/CK3Map/Data/Source/game/history/provinces/k_daylam.txt,6576,2026-06-10T10:26:39.8691937Z
game/history/provinces/k_delhi.txt,Assets/CK3Map/Data/Source/game/history/provinces/k_delhi.txt,5392,2026-06-10T10:26:44.8077962Z
game/history/provinces/k_denmark.txt,Assets/CK3Map/Data/Source/game/history/provinces/k_denmark.txt,5529,2026-06-10T10:25:57.2550574Z
game/history/provinces/k_dvaravati.txt,Assets/CK3Map/Data/Source/game/history/provinces/k_dvaravati.txt,5204,2026-06-10T10:26:39.0708061Z
game/history/provinces/k_dzungaria.txt,Assets/CK3Map/Data/Source/game/history/provinces/k_dzungaria.txt,8046,2026-06-10T10:26:29.7543010Z
game/history/provinces/k_east_francia.txt,Assets/CK3Map/Data/Source/game/history/provinces/k_east_francia.txt,22083,2026-06-10T10:26:37.3092172Z
game/history/provinces/k_egypt.txt,Assets/CK3Map/Data/Source/game/history/provinces/k_egypt.txt,8096,2026-06-10T10:26:41.1332234Z
game/history/provinces/k_england.txt,Assets/CK3Map/Data/Source/game/history/provinces/k_england.txt,15667,2026-06-10T10:25:24.2796677Z
game/history/provinces/k_epirus.txt,Assets/CK3Map/Data/Source/game/history/provinces/k_epirus.txt,2861,2026-06-10T10:26:06.3327211Z
game/history/provinces/k_esthonia.txt,Assets/CK3Map/Data/Source/game/history/provinces/k_esthonia.txt,4986,2026-06-10T10:26:06.3416711Z
game/history/provinces/k_finland.txt,Assets/CK3Map/Data/Source/game/history/provinces/k_finland.txt,10888,2026-06-10T10:26:37.5437614Z
game/history/provinces/k_france.txt,Assets/CK3Map/Data/Source/game/history/provinces/k_france.txt,13155,2026-06-10T10:25:57.2587490Z
game/history/provinces/k_frisia.txt,Assets/CK3Map/Data/Source/game/history/provinces/k_frisia.txt,3499,2026-06-10T10:26:56.9512702Z
game/history/provinces/k_galicia-volhynia.txt,Assets/CK3Map/Data/Source/game/history/provinces/k_galicia-volhynia.txt,4210,2026-06-10T10:26:44.7624633Z
game/history/provinces/k_georgia.txt,Assets/CK3Map/Data/Source/game/history/provinces/k_georgia.txt,8121,2026-06-10T10:25:24.2791487Z
game/history/provinces/k_ghana.txt,Assets/CK3Map/Data/Source/game/history/provinces/k_ghana.txt,9367,2026-06-10T10:25:54.4775080Z
game/history/provinces/k_gobi.txt,Assets/CK3Map/Data/Source/game/history/provinces/k_gobi.txt,3783,2026-06-10T10:25:54.4612210Z
game/history/provinces/k_gondwana.txt,Assets/CK3Map/Data/Source/game/history/provinces/k_gondwana.txt,2750,2026-06-10T10:25:24.2658178Z
game/history/provinces/k_goryeo.txt,Assets/CK3Map/Data/Source/game/history/provinces/k_goryeo.txt,16208,2026-06-10T10:26:35.4690534Z
game/history/provinces/k_guangnan_east.txt,Assets/CK3Map/Data/Source/game/history/provinces/k_guangnan_east.txt,0,2026-06-10T10:28:20.4731270Z
game/history/provinces/k_guge.txt,Assets/CK3Map/Data/Source/game/history/provinces/k_guge.txt,9370,2026-06-10T10:26:33.4840840Z
game/history/provinces/k_guinea.txt,Assets/CK3Map/Data/Source/game/history/provinces/k_guinea.txt,480,2026-06-10T10:26:29.4577315Z
game/history/provinces/k_gujarat.txt,Assets/CK3Map/Data/Source/game/history/provinces/k_gujarat.txt,6830,2026-06-10T10:26:53.3454379Z
game/history/provinces/k_gur.txt,Assets/CK3Map/Data/Source/game/history/provinces/k_gur.txt,429,2026-06-10T10:26:53.3706136Z
game/history/provinces/k_gurma.txt,Assets/CK3Map/Data/Source/game/history/provinces/k_gurma.txt,6121,2026-06-10T10:26:14.3034188Z
game/history/provinces/k_gyalrong.txt,Assets/CK3Map/Data/Source/game/history/provinces/k_gyalrong.txt,12175,2026-06-10T10:26:37.2969908Z
game/history/provinces/k_hausaland.txt,Assets/CK3Map/Data/Source/game/history/provinces/k_hausaland.txt,4050,2026-06-10T10:25:24.2796677Z
game/history/provinces/k_hellas.txt,Assets/CK3Map/Data/Source/game/history/provinces/k_hellas.txt,2717,2026-06-10T10:26:14.3000379Z
game/history/provinces/k_himalaya.txt,Assets/CK3Map/Data/Source/game/history/provinces/k_himalaya.txt,6878,2026-06-10T10:25:57.2592722Z
game/history/provinces/k_hujung_medini.txt,Assets/CK3Map/Data/Source/game/history/provinces/k_hujung_medini.txt,3378,2026-06-10T10:25:24.2664935Z
game/history/provinces/k_hungary.txt,Assets/CK3Map/Data/Source/game/history/provinces/k_hungary.txt,27256,2026-06-10T10:25:54.4627746Z
game/history/provinces/k_igbo-benue.txt,Assets/CK3Map/Data/Source/game/history/provinces/k_igbo-benue.txt,1306,2026-06-10T10:26:53.3486060Z
game/history/provinces/k_ireland.txt,Assets/CK3Map/Data/Source/game/history/provinces/k_ireland.txt,7281,2026-06-10T10:27:13.6227948Z
game/history/provinces/k_italy.txt,Assets/CK3Map/Data/Source/game/history/provinces/k_italy.txt,8327,2026-06-10T10:26:37.5426534Z
game/history/provinces/k_jazira.txt,Assets/CK3Map/Data/Source/game/history/provinces/k_jazira.txt,9018,2026-06-10T10:26:53.3706136Z
game/history/provinces/k_jenne.txt,Assets/CK3Map/Data/Source/game/history/provinces/k_jenne.txt,3460,2026-06-10T10:26:29.7007042Z
game/history/provinces/k_jerusalem.txt,Assets/CK3Map/Data/Source/game/history/provinces/k_jerusalem.txt,3767,2026-06-10T10:26:58.3646452Z
game/history/provinces/k_kabulistan.txt,Assets/CK3Map/Data/Source/game/history/provinces/k_kabulistan.txt,1036,2026-06-10T10:25:57.2566226Z
game/history/provinces/k_kamarupa.txt,Assets/CK3Map/Data/Source/game/history/provinces/k_kamarupa.txt,4319,2026-06-10T10:26:41.1332234Z
game/history/provinces/k_kanem.txt,Assets/CK3Map/Data/Source/game/history/provinces/k_kanem.txt,5903,2026-06-10T10:26:30.3253067Z
game/history/provinces/k_karnata.txt,Assets/CK3Map/Data/Source/game/history/provinces/k_karnata.txt,18233,2026-06-10T10:26:54.4061183Z
game/history/provinces/k_kashmir.txt,Assets/CK3Map/Data/Source/game/history/provinces/k_kashmir.txt,2704,2026-06-10T10:26:33.6802042Z
game/history/provinces/k_khakassia.txt,Assets/CK3Map/Data/Source/game/history/provinces/k_khakassia.txt,5676,2026-06-10T10:26:24.2913307Z
game/history/provinces/k_kham.txt,Assets/CK3Map/Data/Source/game/history/provinces/k_kham.txt,19951,2026-06-10T10:27:13.6196548Z
game/history/provinces/k_khitan.txt,Assets/CK3Map/Data/Source/game/history/provinces/k_khitan.txt,9892,2026-06-10T10:26:06.3348744Z
game/history/provinces/k_khorasan.txt,Assets/CK3Map/Data/Source/game/history/provinces/k_khorasan.txt,10006,2026-06-10T10:26:19.3876161Z
game/history/provinces/k_khotan.txt,Assets/CK3Map/Data/Source/game/history/provinces/k_khotan.txt,13858,2026-06-10T10:26:14.2982777Z
game/history/provinces/k_kipchak.txt,Assets/CK3Map/Data/Source/game/history/provinces/k_kipchak.txt,4838,2026-06-10T10:26:37.6540659Z
game/history/provinces/k_kong.txt,Assets/CK3Map/Data/Source/game/history/provinces/k_kong.txt,100,2026-06-10T10:26:19.3820883Z
game/history/provinces/k_kosala.txt,Assets/CK3Map/Data/Source/game/history/provinces/k_kosala.txt,4908,2026-06-10T10:26:37.5437614Z
game/history/provinces/k_krete.txt,Assets/CK3Map/Data/Source/game/history/provinces/k_krete.txt,1672,2026-06-10T10:26:06.3332380Z
game/history/provinces/k_lanka.txt,Assets/CK3Map/Data/Source/game/history/provinces/k_lanka.txt,635,2026-06-10T10:26:29.7467328Z
game/history/provinces/k_leon.txt,Assets/CK3Map/Data/Source/game/history/provinces/k_leon.txt,2529,2026-06-10T10:26:24.2923543Z
game/history/provinces/k_lhomon.txt,Assets/CK3Map/Data/Source/game/history/provinces/k_lhomon.txt,4104,2026-06-10T10:26:38.8055218Z
game/history/provinces/k_lingnan.txt,Assets/CK3Map/Data/Source/game/history/provinces/k_lingnan.txt,0,2026-06-10T10:28:20.4731270Z
game/history/provinces/k_lithuania.txt,Assets/CK3Map/Data/Source/game/history/provinces/k_lithuania.txt,5430,2026-06-10T10:26:53.3491155Z
game/history/provinces/k_lotharingia.txt,Assets/CK3Map/Data/Source/game/history/provinces/k_lotharingia.txt,6611,2026-06-10T10:26:39.0708061Z
game/history/provinces/k_luzhen.txt,Assets/CK3Map/Data/Source/game/history/provinces/k_luzhen.txt,4602,2026-06-10T10:26:06.3203259Z
game/history/provinces/k_maghreb.txt,Assets/CK3Map/Data/Source/game/history/provinces/k_maghreb.txt,7180,2026-06-10T10:25:54.4780184Z
game/history/provinces/k_maharastra.txt,Assets/CK3Map/Data/Source/game/history/provinces/k_maharastra.txt,22456,2026-06-10T10:26:38.3897802Z
game/history/provinces/k_makran.txt,Assets/CK3Map/Data/Source/game/history/provinces/k_makran.txt,5474,2026-06-10T10:25:24.2796677Z
game/history/provinces/k_malayadvipa.txt,Assets/CK3Map/Data/Source/game/history/provinces/k_malayadvipa.txt,6479,2026-06-10T10:26:05.2886657Z
game/history/provinces/k_mali.txt,Assets/CK3Map/Data/Source/game/history/provinces/k_mali.txt,6350,2026-06-10T10:26:53.3706136Z
game/history/provinces/k_maluku.txt,Assets/CK3Map/Data/Source/game/history/provinces/k_maluku.txt,3520,2026-06-10T10:26:53.3706136Z
game/history/provinces/k_malwa.txt,Assets/CK3Map/Data/Source/game/history/provinces/k_malwa.txt,6683,2026-06-10T10:26:19.4116130Z
game/history/provinces/k_maryul.txt,Assets/CK3Map/Data/Source/game/history/provinces/k_maryul.txt,11157,2026-06-10T10:26:24.2903134Z
game/history/provinces/k_mesopotamia.txt,Assets/CK3Map/Data/Source/game/history/provinces/k_mesopotamia.txt,11001,2026-06-10T10:26:44.7875739Z
game/history/provinces/k_moldavia.txt,Assets/CK3Map/Data/Source/game/history/provinces/k_moldavia.txt,4967,2026-06-10T10:26:06.2655639Z
game/history/provinces/k_mongolia.txt,Assets/CK3Map/Data/Source/game/history/provinces/k_mongolia.txt,10289,2026-06-10T10:25:24.2806986Z
game/history/provinces/k_mordvinia.txt,Assets/CK3Map/Data/Source/game/history/provinces/k_mordvinia.txt,6397,2026-06-10T10:26:37.6998212Z
game/history/provinces/k_naimania.txt,Assets/CK3Map/Data/Source/game/history/provinces/k_naimania.txt,7953,2026-06-10T10:26:19.4084535Z
game/history/provinces/k_navarra.txt,Assets/CK3Map/Data/Source/game/history/provinces/k_navarra.txt,1371,2026-06-10T10:26:39.2433004Z
game/history/provinces/k_nikaea.txt,Assets/CK3Map/Data/Source/game/history/provinces/k_nikaea.txt,10150,2026-06-10T10:26:53.3711321Z
game/history/provinces/k_norway.txt,Assets/CK3Map/Data/Source/game/history/provinces/k_norway.txt,11981,2026-06-10T10:26:06.2860595Z
game/history/provinces/k_novgorod.txt,Assets/CK3Map/Data/Source/game/history/provinces/k_novgorod.txt,3657,2026-06-10T10:26:24.2923543Z
game/history/provinces/k_nubia.txt,Assets/CK3Map/Data/Source/game/history/provinces/k_nubia.txt,5870,2026-06-10T10:26:06.2808541Z
game/history/provinces/k_ob.txt,Assets/CK3Map/Data/Source/game/history/provinces/k_ob.txt,10772,2026-06-10T10:26:39.8455578Z
game/history/provinces/k_oghuz_il.txt,Assets/CK3Map/Data/Source/game/history/provinces/k_oghuz_il.txt,7577,2026-06-10T10:26:53.3706136Z
game/history/provinces/k_opolye.txt,Assets/CK3Map/Data/Source/game/history/provinces/k_opolye.txt,4505,2026-06-10T10:26:24.2918417Z
game/history/provinces/k_orissa.txt,Assets/CK3Map/Data/Source/game/history/provinces/k_orissa.txt,10279,2026-06-10T10:25:57.2561086Z
game/history/provinces/k_pagan.txt,Assets/CK3Map/Data/Source/game/history/provinces/k_pagan.txt,8562,2026-06-10T10:26:38.1329985Z
game/history/provinces/k_permia.txt,Assets/CK3Map/Data/Source/game/history/provinces/k_permia.txt,3983,2026-06-10T10:26:24.2913307Z
game/history/provinces/k_persia.txt,Assets/CK3Map/Data/Source/game/history/provinces/k_persia.txt,15857,2026-06-10T10:26:37.5431738Z
game/history/provinces/k_philippines.txt,Assets/CK3Map/Data/Source/game/history/provinces/k_philippines.txt,7449,2026-06-10T10:25:54.4643297Z
game/history/provinces/k_poland.txt,Assets/CK3Map/Data/Source/game/history/provinces/k_poland.txt,13828,2026-06-10T10:26:29.7467328Z
game/history/provinces/k_pomerania.txt,Assets/CK3Map/Data/Source/game/history/provinces/k_pomerania.txt,7698,2026-06-10T10:26:42.6907036Z
game/history/provinces/k_pontic_steppe.txt,Assets/CK3Map/Data/Source/game/history/provinces/k_pontic_steppe.txt,7054,2026-06-10T10:26:31.3988615Z
game/history/provinces/k_pontus.txt,Assets/CK3Map/Data/Source/game/history/provinces/k_pontus.txt,12434,2026-06-10T10:26:06.2866406Z
game/history/provinces/k_punjab.txt,Assets/CK3Map/Data/Source/game/history/provinces/k_punjab.txt,9258,2026-06-10T10:26:37.5437614Z
game/history/provinces/k_qara_dala.txt,Assets/CK3Map/Data/Source/game/history/provinces/k_qara_dala.txt,3443,2026-06-10T10:26:19.3169731Z
game/history/provinces/k_rajputana.txt,Assets/CK3Map/Data/Source/game/history/provinces/k_rajputana.txt,7598,2026-06-10T10:25:24.2791487Z
game/history/provinces/k_romagna.txt,Assets/CK3Map/Data/Source/game/history/provinces/k_romagna.txt,4326,2026-06-10T10:26:24.2908249Z
game/history/provinces/k_ruthenia.txt,Assets/CK3Map/Data/Source/game/history/provinces/k_ruthenia.txt,9120,2026-06-10T10:26:39.2438951Z
game/history/provinces/k_sahara.txt,Assets/CK3Map/Data/Source/game/history/provinces/k_sahara.txt,4087,2026-06-10T10:26:37.5431738Z
game/history/provinces/k_sakhalin.txt,Assets/CK3Map/Data/Source/game/history/provinces/k_sakhalin.txt,1018,2026-06-10T10:26:14.3023759Z
game/history/provinces/k_sao.txt,Assets/CK3Map/Data/Source/game/history/provinces/k_sao.txt,5513,2026-06-10T10:26:53.3711321Z
game/history/provinces/k_sapmi.txt,Assets/CK3Map/Data/Source/game/history/provinces/k_sapmi.txt,5470,2026-06-10T10:25:24.2796677Z
game/history/provinces/k_sardinia.txt,Assets/CK3Map/Data/Source/game/history/provinces/k_sardinia.txt,2003,2026-06-10T10:25:54.4601927Z
game/history/provinces/k_saryarka.txt,Assets/CK3Map/Data/Source/game/history/provinces/k_saryarka.txt,5469,2026-06-10T10:26:38.1329985Z
game/history/provinces/k_scotland.txt,Assets/CK3Map/Data/Source/game/history/provinces/k_scotland.txt,9358,2026-06-10T10:25:54.4785349Z
game/history/provinces/k_serbia.txt,Assets/CK3Map/Data/Source/game/history/provinces/k_serbia.txt,4822,2026-06-10T10:26:24.2918417Z
game/history/provinces/k_shiwei.txt,Assets/CK3Map/Data/Source/game/history/provinces/k_shiwei.txt,7342,2026-06-10T10:26:44.8083164Z
game/history/provinces/k_sibir.txt,Assets/CK3Map/Data/Source/game/history/provinces/k_sibir.txt,5527,2026-06-10T10:25:57.2566226Z
game/history/provinces/k_sicily.txt,Assets/CK3Map/Data/Source/game/history/provinces/k_sicily.txt,6755,2026-06-10T10:26:06.2834239Z
game/history/provinces/k_sindh.txt,Assets/CK3Map/Data/Source/game/history/provinces/k_sindh.txt,4811,2026-06-10T10:25:54.4607107Z
game/history/provinces/k_songhay.txt,Assets/CK3Map/Data/Source/game/history/provinces/k_songhay.txt,4930,2026-06-10T10:25:57.2597836Z
game/history/provinces/k_spanish_galicia.txt,Assets/CK3Map/Data/Source/game/history/provinces/k_spanish_galicia.txt,4475,2026-06-10T10:26:32.0868673Z
game/history/provinces/k_sulawesi.txt,Assets/CK3Map/Data/Source/game/history/provinces/k_sulawesi.txt,3290,2026-06-10T10:26:44.7634942Z
game/history/provinces/k_sweden.txt,Assets/CK3Map/Data/Source/game/history/provinces/k_sweden.txt,12194,2026-06-10T10:26:06.2834239Z
game/history/provinces/k_syria.txt,Assets/CK3Map/Data/Source/game/history/provinces/k_syria.txt,10181,2026-06-10T10:25:57.2576533Z
game/history/provinces/k_syr_darya.txt,Assets/CK3Map/Data/Source/game/history/provinces/k_syr_darya.txt,7218,2026-06-10T10:26:31.7508465Z
game/history/provinces/k_tahert.txt,Assets/CK3Map/Data/Source/game/history/provinces/k_tahert.txt,6457,2026-06-10T10:26:38.1360858Z
game/history/provinces/k_takrur.txt,Assets/CK3Map/Data/Source/game/history/provinces/k_takrur.txt,3444,2026-06-10T10:25:57.2592722Z
game/history/provinces/k_tamilakam.txt,Assets/CK3Map/Data/Source/game/history/provinces/k_tamilakam.txt,24034,2026-06-10T10:26:19.3180636Z
game/history/provinces/k_telingana.txt,Assets/CK3Map/Data/Source/game/history/provinces/k_telingana.txt,6111,2026-06-10T10:26:53.3479668Z
game/history/provinces/k_thessalonika.txt,Assets/CK3Map/Data/Source/game/history/provinces/k_thessalonika.txt,7283,2026-06-10T10:26:53.3711321Z
game/history/provinces/k_transoxiana.txt,Assets/CK3Map/Data/Source/game/history/provinces/k_transoxiana.txt,15367,2026-06-10T10:25:24.2791487Z
game/history/provinces/k_tsang.txt,Assets/CK3Map/Data/Source/game/history/provinces/k_tsang.txt,4541,2026-06-10T10:26:53.3706136Z
game/history/provinces/k_tuva.txt,Assets/CK3Map/Data/Source/game/history/provinces/k_tuva.txt,3855,2026-06-10T10:27:13.6196548Z
game/history/provinces/k_u.txt,Assets/CK3Map/Data/Source/game/history/provinces/k_u.txt,6728,2026-06-10T10:25:24.2785700Z
game/history/provinces/k_valencia.txt,Assets/CK3Map/Data/Source/game/history/provinces/k_valencia.txt,4068,2026-06-10T10:26:39.5514023Z
game/history/provinces/k_venice.txt,Assets/CK3Map/Data/Source/game/history/provinces/k_venice.txt,625,2026-06-10T10:26:29.6419567Z
game/history/provinces/k_viet.txt,Assets/CK3Map/Data/Source/game/history/provinces/k_viet.txt,2398,2026-06-10T10:26:14.3018547Z
game/history/provinces/k_volga_bulgaria.txt,Assets/CK3Map/Data/Source/game/history/provinces/k_volga_bulgaria.txt,7239,2026-06-10T10:26:37.6592444Z
game/history/provinces/k_wales.txt,Assets/CK3Map/Data/Source/game/history/provinces/k_wales.txt,4488,2026-06-10T10:26:14.3013402Z
game/history/provinces/k_white_rus.txt,Assets/CK3Map/Data/Source/game/history/provinces/k_white_rus.txt,5244,2026-06-10T10:25:57.2571434Z
game/history/provinces/k_yavakadvipa.txt,Assets/CK3Map/Data/Source/game/history/provinces/k_yavakadvipa.txt,3765,2026-06-10T10:25:57.2597836Z
game/history/provinces/k_yemen.txt,Assets/CK3Map/Data/Source/game/history/provinces/k_yemen.txt,4298,2026-06-10T10:25:54.4632912Z
game/history/provinces/k_yorubaland.txt,Assets/CK3Map/Data/Source/game/history/provinces/k_yorubaland.txt,470,2026-06-10T10:26:31.3988615Z
game/history/provinces/k_yugra.txt,Assets/CK3Map/Data/Source/game/history/provinces/k_yugra.txt,4247,2026-06-10T10:25:24.2812124Z
game/history/provinces/k_zanj.txt,Assets/CK3Map/Data/Source/game/history/provinces/k_zanj.txt,4337,2026-06-10T10:27:11.4538751Z
game/history/provinces/k_zhetysu.txt,Assets/CK3Map/Data/Source/game/history/provinces/k_zhetysu.txt,8307,2026-06-10T10:26:29.6419567Z
game/history/province_mapping/00_arabia.txt,Assets/CK3Map/Data/Source/game/history/province_mapping/00_arabia.txt,565,2026-06-10T10:27:19.3485078Z
game/history/province_mapping/00_egypt.txt,Assets/CK3Map/Data/Source/game/history/province_mapping/00_egypt.txt,107,2026-06-10T10:27:18.3087495Z
game/history/province_mapping/00_guinea.txt,Assets/CK3Map/Data/Source/game/history/province_mapping/00_guinea.txt,4977,2026-06-10T10:26:14.3018547Z
game/history/province_mapping/00_persia.txt,Assets/CK3Map/Data/Source/game/history/province_mapping/00_persia.txt,554,2026-06-10T10:26:54.4066361Z
game/history/province_mapping/00_sapmi.txt,Assets/CK3Map/Data/Source/game/history/province_mapping/00_sapmi.txt,467,2026-06-10T10:25:24.2801796Z
game/history/province_mapping/00_sri_lanka.txt,Assets/CK3Map/Data/Source/game/history/province_mapping/00_sri_lanka.txt,243,2026-06-10T10:27:13.6196548Z
game/history/titles/00_other_titles.txt,Assets/CK3Map/Data/Source/game/history/titles/00_other_titles.txt,85051,2026-06-10T10:26:38.0729987Z
game/history/titles/01_admin_titles.txt,Assets/CK3Map/Data/Source/game/history/titles/01_admin_titles.txt,25452,2026-06-10T10:26:24.2908249Z
game/history/titles/01_admin_titles_tgp.txt,Assets/CK3Map/Data/Source/game/history/titles/01_admin_titles_tgp.txt,256622,2026-06-10T10:26:38.0735118Z
game/history/titles/01_laamp_titles.txt,Assets/CK3Map/Data/Source/game/history/titles/01_laamp_titles.txt,32685,2026-06-10T10:26:44.7634942Z
game/history/titles/02_japan_noble_family.txt,Assets/CK3Map/Data/Source/game/history/titles/02_japan_noble_family.txt,78181,2026-06-10T10:26:56.3017958Z
game/history/titles/02_korea_noble_family.txt,Assets/CK3Map/Data/Source/game/history/titles/02_korea_noble_family.txt,35626,2026-06-10T10:26:36.7799656Z
game/history/titles/02_other_noble_family.txt,Assets/CK3Map/Data/Source/game/history/titles/02_other_noble_family.txt,62699,2026-06-10T10:25:57.2566226Z
game/history/titles/e_china.txt,Assets/CK3Map/Data/Source/game/history/titles/e_china.txt,169896,2026-06-10T10:26:39.8460688Z
game/history/titles/e_goryeo.txt,Assets/CK3Map/Data/Source/game/history/titles/e_goryeo.txt,38769,2026-06-10T10:26:24.2923543Z
game/history/titles/e_japan.txt,Assets/CK3Map/Data/Source/game/history/titles/e_japan.txt,87591,2026-06-10T10:26:37.8007186Z
game/history/titles/e_khmer.txt,Assets/CK3Map/Data/Source/game/history/titles/e_khmer.txt,34914,2026-06-10T10:25:54.4785349Z
game/history/titles/e_seasia.txt,Assets/CK3Map/Data/Source/game/history/titles/e_seasia.txt,18403,2026-06-10T10:25:24.2796677Z
game/history/titles/k_abyssinia.txt,Assets/CK3Map/Data/Source/game/history/titles/k_abyssinia.txt,23024,2026-06-10T10:26:14.3013402Z
game/history/titles/k_adal.txt,Assets/CK3Map/Data/Source/game/history/titles/k_adal.txt,17258,2026-06-10T10:26:29.9876078Z
game/history/titles/k_africa.txt,Assets/CK3Map/Data/Source/game/history/titles/k_africa.txt,32955,2026-06-10T10:26:39.5519141Z
game/history/titles/k_ajuraan.txt,Assets/CK3Map/Data/Source/game/history/titles/k_ajuraan.txt,9354,2026-06-10T10:26:39.5519141Z
game/history/titles/k_akan.txt,Assets/CK3Map/Data/Source/game/history/titles/k_akan.txt,11075,2026-06-10T10:25:54.4764699Z
game/history/titles/k_amdo.txt,Assets/CK3Map/Data/Source/game/history/titles/k_amdo.txt,44962,2026-06-10T10:26:37.8445435Z
game/history/titles/k_amur.txt,Assets/CK3Map/Data/Source/game/history/titles/k_amur.txt,5567,2026-06-10T10:26:06.2643040Z
game/history/titles/k_anatolia.txt,Assets/CK3Map/Data/Source/game/history/titles/k_anatolia.txt,26306,2026-06-10T10:25:54.4754397Z
game/history/titles/k_anbiya.txt,Assets/CK3Map/Data/Source/game/history/titles/k_anbiya.txt,9377,2026-06-10T10:25:24.2812124Z
game/history/titles/k_andalusia.txt,Assets/CK3Map/Data/Source/game/history/titles/k_andalusia.txt,56668,2026-06-10T10:26:24.2930983Z
game/history/titles/k_andhra.txt,Assets/CK3Map/Data/Source/game/history/titles/k_andhra.txt,8653,2026-06-10T10:26:19.3269398Z
game/history/titles/k_angara.txt,Assets/CK3Map/Data/Source/game/history/titles/k_angara.txt,10915,2026-06-10T10:26:53.3711321Z
game/history/titles/k_aquitaine.txt,Assets/CK3Map/Data/Source/game/history/titles/k_aquitaine.txt,67159,2026-06-10T10:26:29.3184794Z
game/history/titles/k_arabia.txt,Assets/CK3Map/Data/Source/game/history/titles/k_arabia.txt,49114,2026-06-10T10:26:19.3185937Z
game/history/titles/k_aragon.txt,Assets/CK3Map/Data/Source/game/history/titles/k_aragon.txt,48492,2026-06-10T10:26:44.8083164Z
game/history/titles/k_armenia.txt,Assets/CK3Map/Data/Source/game/history/titles/k_armenia.txt,23748,2026-06-10T10:25:54.4622532Z
game/history/titles/k_aynumosir.txt,Assets/CK3Map/Data/Source/game/history/titles/k_aynumosir.txt,3444,2026-06-10T10:25:54.4775080Z
game/history/titles/k_badajoz.txt,Assets/CK3Map/Data/Source/game/history/titles/k_badajoz.txt,27168,2026-06-10T10:27:13.6222792Z
game/history/titles/k_bale.txt,Assets/CK3Map/Data/Source/game/history/titles/k_bale.txt,7208,2026-06-10T10:25:54.4632912Z
game/history/titles/k_balhae.txt,Assets/CK3Map/Data/Source/game/history/titles/k_balhae.txt,13369,2026-06-10T10:26:24.2936148Z
game/history/titles/k_bashkiria.txt,Assets/CK3Map/Data/Source/game/history/titles/k_bashkiria.txt,11917,2026-06-10T10:26:39.5519141Z
game/history/titles/k_bavaria.txt,Assets/CK3Map/Data/Source/game/history/titles/k_bavaria.txt,85237,2026-06-10T10:26:24.2923543Z
game/history/titles/k_bengal.txt,Assets/CK3Map/Data/Source/game/history/titles/k_bengal.txt,50417,2026-06-10T10:26:39.2438951Z
game/history/titles/k_bihar.txt,Assets/CK3Map/Data/Source/game/history/titles/k_bihar.txt,34324,2026-06-10T10:26:24.2908249Z
game/history/titles/k_bjarmaland.txt,Assets/CK3Map/Data/Source/game/history/titles/k_bjarmaland.txt,9154,2026-06-10T10:26:06.2866406Z
game/history/titles/k_blemmyia.txt,Assets/CK3Map/Data/Source/game/history/titles/k_blemmyia.txt,9627,2026-06-10T10:25:57.2597836Z
game/history/titles/k_bohemia.txt,Assets/CK3Map/Data/Source/game/history/titles/k_bohemia.txt,28443,2026-06-10T10:26:30.7530802Z
game/history/titles/k_borgu.txt,Assets/CK3Map/Data/Source/game/history/titles/k_borgu.txt,5688,2026-06-10T10:25:57.2587490Z
game/history/titles/k_borneo.txt,Assets/CK3Map/Data/Source/game/history/titles/k_borneo.txt,13723,2026-06-10T10:26:06.2839434Z
game/history/titles/k_brittany.txt,Assets/CK3Map/Data/Source/game/history/titles/k_brittany.txt,10762,2026-06-10T10:26:24.2913307Z
game/history/titles/k_bulgaria.txt,Assets/CK3Map/Data/Source/game/history/titles/k_bulgaria.txt,55539,2026-06-10T10:26:29.4217185Z
game/history/titles/k_burgundy.txt,Assets/CK3Map/Data/Source/game/history/titles/k_burgundy.txt,30321,2026-06-10T10:25:54.4780184Z
game/history/titles/k_buryatia.txt,Assets/CK3Map/Data/Source/game/history/titles/k_buryatia.txt,11358,2026-06-10T10:26:14.3039348Z
game/history/titles/k_caspian_steppe.txt,Assets/CK3Map/Data/Source/game/history/titles/k_caspian_steppe.txt,22244,2026-06-10T10:27:13.6196548Z
game/history/titles/k_castille.txt,Assets/CK3Map/Data/Source/game/history/titles/k_castille.txt,17349,2026-06-10T10:26:53.3501997Z
game/history/titles/k_caucasus.txt,Assets/CK3Map/Data/Source/game/history/titles/k_caucasus.txt,22947,2026-06-10T10:25:24.2642222Z
game/history/titles/k_croatia.txt,Assets/CK3Map/Data/Source/game/history/titles/k_croatia.txt,31756,2026-06-10T10:26:19.3206517Z
game/history/titles/k_cuman.txt,Assets/CK3Map/Data/Source/game/history/titles/k_cuman.txt,11687,2026-06-10T10:25:53.3136212Z
game/history/titles/k_cyprus.txt,Assets/CK3Map/Data/Source/game/history/titles/k_cyprus.txt,6268,2026-06-10T10:26:19.3169731Z
game/history/titles/k_dacia.txt,Assets/CK3Map/Data/Source/game/history/titles/k_dacia.txt,12572,2026-06-10T10:26:53.3706136Z
game/history/titles/k_damot.txt,Assets/CK3Map/Data/Source/game/history/titles/k_damot.txt,8679,2026-06-10T10:26:14.3610075Z
game/history/titles/k_darfur.txt,Assets/CK3Map/Data/Source/game/history/titles/k_darfur.txt,9358,2026-06-10T10:26:37.5437614Z
game/history/titles/k_daylam.txt,Assets/CK3Map/Data/Source/game/history/titles/k_daylam.txt,29539,2026-06-10T10:25:24.2697187Z
game/history/titles/k_delhi.txt,Assets/CK3Map/Data/Source/game/history/titles/k_delhi.txt,29709,2026-06-10T10:26:38.1129833Z
game/history/titles/k_denmark.txt,Assets/CK3Map/Data/Source/game/history/titles/k_denmark.txt,28497,2026-06-10T10:25:57.2592722Z
game/history/titles/k_dvaravati.txt,Assets/CK3Map/Data/Source/game/history/titles/k_dvaravati.txt,18409,2026-06-10T10:27:13.6217664Z
game/history/titles/k_dzungaria.txt,Assets/CK3Map/Data/Source/game/history/titles/k_dzungaria.txt,31272,2026-06-10T10:26:06.2845066Z
game/history/titles/k_east_francia.txt,Assets/CK3Map/Data/Source/game/history/titles/k_east_francia.txt,111821,2026-06-10T10:26:44.7922284Z
game/history/titles/k_egypt.txt,Assets/CK3Map/Data/Source/game/history/titles/k_egypt.txt,40841,2026-06-10T10:26:14.4224315Z
game/history/titles/k_england.txt,Assets/CK3Map/Data/Source/game/history/titles/k_england.txt,61801,2026-06-10T10:26:14.6010895Z
game/history/titles/k_epirus.txt,Assets/CK3Map/Data/Source/game/history/titles/k_epirus.txt,17453,2026-06-10T10:26:56.9512702Z
game/history/titles/k_esthonia.txt,Assets/CK3Map/Data/Source/game/history/titles/k_esthonia.txt,10024,2026-06-10T10:26:14.6523294Z
game/history/titles/k_finland.txt,Assets/CK3Map/Data/Source/game/history/titles/k_finland.txt,32971,2026-06-10T10:26:19.3269398Z
game/history/titles/k_france.txt,Assets/CK3Map/Data/Source/game/history/titles/k_france.txt,75586,2026-06-10T10:25:24.2806986Z
game/history/titles/k_frisia.txt,Assets/CK3Map/Data/Source/game/history/titles/k_frisia.txt,18693,2026-06-10T10:26:24.2918417Z
game/history/titles/k_galicia-volhynia.txt,Assets/CK3Map/Data/Source/game/history/titles/k_galicia-volhynia.txt,27063,2026-06-10T10:25:24.2642222Z
game/history/titles/k_georgia.txt,Assets/CK3Map/Data/Source/game/history/titles/k_georgia.txt,22525,2026-06-10T10:26:39.5519141Z
game/history/titles/k_ghana.txt,Assets/CK3Map/Data/Source/game/history/titles/k_ghana.txt,19916,2026-06-10T10:26:37.6789269Z
game/history/titles/k_gobi.txt,Assets/CK3Map/Data/Source/game/history/titles/k_gobi.txt,4260,2026-06-10T10:26:29.6378328Z
game/history/titles/k_gondwana.txt,Assets/CK3Map/Data/Source/game/history/titles/k_gondwana.txt,11796,2026-06-10T10:26:37.5649076Z
game/history/titles/k_guge.txt,Assets/CK3Map/Data/Source/game/history/titles/k_guge.txt,28407,2026-06-10T10:27:13.6243633Z
game/history/titles/k_guinea.txt,Assets/CK3Map/Data/Source/game/history/titles/k_guinea.txt,10374,2026-06-10T10:26:38.1129833Z
game/history/titles/k_gujarat.txt,Assets/CK3Map/Data/Source/game/history/titles/k_gujarat.txt,33234,2026-06-10T10:26:44.7578364Z
game/history/titles/k_gur.txt,Assets/CK3Map/Data/Source/game/history/titles/k_gur.txt,5290,2026-06-10T10:26:38.1147081Z
game/history/titles/k_gurma.txt,Assets/CK3Map/Data/Source/game/history/titles/k_gurma.txt,9046,2026-06-10T10:26:29.7375218Z
game/history/titles/k_gyalrong.txt,Assets/CK3Map/Data/Source/game/history/titles/k_gyalrong.txt,34035,2026-06-10T10:26:14.7143114Z
game/history/titles/k_hausaland.txt,Assets/CK3Map/Data/Source/game/history/titles/k_hausaland.txt,8575,2026-06-10T10:27:11.4538751Z
game/history/titles/k_hellas.txt,Assets/CK3Map/Data/Source/game/history/titles/k_hellas.txt,12771,2026-06-10T10:26:24.2923543Z
game/history/titles/k_himalaya.txt,Assets/CK3Map/Data/Source/game/history/titles/k_himalaya.txt,45122,2026-06-10T10:25:57.2571434Z
game/history/titles/k_hujung_medini.txt,Assets/CK3Map/Data/Source/game/history/titles/k_hujung_medini.txt,5085,2026-06-10T10:27:13.6196548Z
game/history/titles/k_hungary.txt,Assets/CK3Map/Data/Source/game/history/titles/k_hungary.txt,69446,2026-06-10T10:26:06.2860595Z
game/history/titles/k_igbo-benue.txt,Assets/CK3Map/Data/Source/game/history/titles/k_igbo-benue.txt,6577,2026-06-10T10:26:56.9512702Z
game/history/titles/k_ireland.txt,Assets/CK3Map/Data/Source/game/history/titles/k_ireland.txt,48853,2026-06-10T10:26:38.2369544Z
game/history/titles/k_italy.txt,Assets/CK3Map/Data/Source/game/history/titles/k_italy.txt,89587,2026-06-10T10:26:19.3269398Z
game/history/titles/k_jazira.txt,Assets/CK3Map/Data/Source/game/history/titles/k_jazira.txt,30468,2026-06-10T10:26:06.2876923Z
game/history/titles/k_jenne.txt,Assets/CK3Map/Data/Source/game/history/titles/k_jenne.txt,4203,2026-06-10T10:27:17.6538144Z
game/history/titles/k_jerusalem.txt,Assets/CK3Map/Data/Source/game/history/titles/k_jerusalem.txt,19181,2026-06-10T10:25:24.2642222Z
game/history/titles/k_kaabu.txt,Assets/CK3Map/Data/Source/game/history/titles/k_kaabu.txt,4654,2026-06-10T10:26:29.3184794Z
game/history/titles/k_kabulistan.txt,Assets/CK3Map/Data/Source/game/history/titles/k_kabulistan.txt,18161,2026-06-10T10:26:44.8072853Z
game/history/titles/k_kamarupa.txt,Assets/CK3Map/Data/Source/game/history/titles/k_kamarupa.txt,29410,2026-06-10T10:27:13.6243633Z
game/history/titles/k_kanem.txt,Assets/CK3Map/Data/Source/game/history/titles/k_kanem.txt,9036,2026-06-10T10:26:06.2876923Z
game/history/titles/k_karnata.txt,Assets/CK3Map/Data/Source/game/history/titles/k_karnata.txt,25184,2026-06-10T10:26:06.2860595Z
game/history/titles/k_kashmir.txt,Assets/CK3Map/Data/Source/game/history/titles/k_kashmir.txt,16954,2026-06-10T10:26:53.3711321Z
game/history/titles/k_khakassia.txt,Assets/CK3Map/Data/Source/game/history/titles/k_khakassia.txt,12799,2026-06-10T10:26:37.8007186Z
game/history/titles/k_kham.txt,Assets/CK3Map/Data/Source/game/history/titles/k_kham.txt,47759,2026-06-10T10:26:53.3716443Z
game/history/titles/k_khitan.txt,Assets/CK3Map/Data/Source/game/history/titles/k_khitan.txt,10232,2026-06-10T10:26:28.3225225Z
game/history/titles/k_khorasan.txt,Assets/CK3Map/Data/Source/game/history/titles/k_khorasan.txt,37654,2026-06-10T10:25:24.2715740Z
game/history/titles/k_khotan.txt,Assets/CK3Map/Data/Source/game/history/titles/k_khotan.txt,43757,2026-06-10T10:26:37.6592444Z
game/history/titles/k_kipchak.txt,Assets/CK3Map/Data/Source/game/history/titles/k_kipchak.txt,9219,2026-06-10T10:26:19.3262911Z
game/history/titles/k_kong.txt,Assets/CK3Map/Data/Source/game/history/titles/k_kong.txt,7610,2026-06-10T10:25:24.2796677Z
game/history/titles/k_kosala.txt,Assets/CK3Map/Data/Source/game/history/titles/k_kosala.txt,35816,2026-06-10T10:26:24.2908249Z
game/history/titles/k_krete.txt,Assets/CK3Map/Data/Source/game/history/titles/k_krete.txt,5145,2026-06-10T10:26:28.4865357Z
game/history/titles/k_lanka.txt,Assets/CK3Map/Data/Source/game/history/titles/k_lanka.txt,20533,2026-06-10T10:26:53.3711321Z
game/history/titles/k_leon.txt,Assets/CK3Map/Data/Source/game/history/titles/k_leon.txt,19606,2026-06-10T10:26:19.3222033Z
game/history/titles/k_lhomon.txt,Assets/CK3Map/Data/Source/game/history/titles/k_lhomon.txt,23516,2026-06-10T10:26:28.4865357Z
game/history/titles/k_lithuania.txt,Assets/CK3Map/Data/Source/game/history/titles/k_lithuania.txt,39886,2026-06-10T10:26:53.3706136Z
game/history/titles/k_lotharingia.txt,Assets/CK3Map/Data/Source/game/history/titles/k_lotharingia.txt,42495,2026-06-10T10:25:53.3151580Z
game/history/titles/k_luzhen.txt,Assets/CK3Map/Data/Source/game/history/titles/k_luzhen.txt,8516,2026-06-10T10:25:53.3181977Z
game/history/titles/k_maghreb.txt,Assets/CK3Map/Data/Source/game/history/titles/k_maghreb.txt,33200,2026-06-10T10:26:28.3291457Z
game/history/titles/k_maharastra.txt,Assets/CK3Map/Data/Source/game/history/titles/k_maharastra.txt,28172,2026-06-10T10:25:24.3267029Z
game/history/titles/k_makran.txt,Assets/CK3Map/Data/Source/game/history/titles/k_makran.txt,20598,2026-06-10T10:26:19.3196234Z
game/history/titles/k_malayadvipa.txt,Assets/CK3Map/Data/Source/game/history/titles/k_malayadvipa.txt,18505,2026-06-10T10:26:19.3262911Z
game/history/titles/k_mali.txt,Assets/CK3Map/Data/Source/game/history/titles/k_mali.txt,15019,2026-06-10T10:26:30.1743423Z
game/history/titles/k_maluku.txt,Assets/CK3Map/Data/Source/game/history/titles/k_maluku.txt,6489,2026-06-10T10:26:06.2876923Z
game/history/titles/k_malwa.txt,Assets/CK3Map/Data/Source/game/history/titles/k_malwa.txt,22386,2026-06-10T10:26:14.7143114Z
game/history/titles/k_maryul.txt,Assets/CK3Map/Data/Source/game/history/titles/k_maryul.txt,24096,2026-06-10T10:25:53.3146484Z
game/history/titles/k_mesopotamia.txt,Assets/CK3Map/Data/Source/game/history/titles/k_mesopotamia.txt,26537,2026-06-10T10:26:14.7143114Z
game/history/titles/k_moldavia.txt,Assets/CK3Map/Data/Source/game/history/titles/k_moldavia.txt,7298,2026-06-10T10:25:24.3288118Z
game/history/titles/k_mordvinia.txt,Assets/CK3Map/Data/Source/game/history/titles/k_mordvinia.txt,21824,2026-06-10T10:26:24.2936148Z
game/history/titles/k_naimania.txt,Assets/CK3Map/Data/Source/game/history/titles/k_naimania.txt,16031,2026-06-10T10:26:30.3253067Z
game/history/titles/k_navarra.txt,Assets/CK3Map/Data/Source/game/history/titles/k_navarra.txt,15269,2026-06-10T10:26:19.3257806Z
game/history/titles/k_nikaea.txt,Assets/CK3Map/Data/Source/game/history/titles/k_nikaea.txt,18034,2026-06-10T10:27:13.6402470Z
game/history/titles/k_norway.txt,Assets/CK3Map/Data/Source/game/history/titles/k_norway.txt,48361,2026-06-10T10:27:17.6543366Z
game/history/titles/k_novgorod.txt,Assets/CK3Map/Data/Source/game/history/titles/k_novgorod.txt,30879,2026-06-10T10:26:29.7017175Z
game/history/titles/k_nubia.txt,Assets/CK3Map/Data/Source/game/history/titles/k_nubia.txt,33193,2026-06-10T10:25:24.3282934Z
game/history/titles/k_ob.txt,Assets/CK3Map/Data/Source/game/history/titles/k_ob.txt,21088,2026-06-10T10:26:37.8643337Z
game/history/titles/k_oghuz_il.txt,Assets/CK3Map/Data/Source/game/history/titles/k_oghuz_il.txt,22174,2026-06-10T10:26:53.3716443Z
game/history/titles/k_opolye.txt,Assets/CK3Map/Data/Source/game/history/titles/k_opolye.txt,20699,2026-06-10T10:26:06.2871543Z
game/history/titles/k_orissa.txt,Assets/CK3Map/Data/Source/game/history/titles/k_orissa.txt,35215,2026-06-10T10:25:53.3341464Z
game/history/titles/k_otuken.txt,Assets/CK3Map/Data/Source/game/history/titles/k_otuken.txt,36078,2026-06-10T10:26:38.3132706Z
game/history/titles/k_pagan.txt,Assets/CK3Map/Data/Source/game/history/titles/k_pagan.txt,18063,2026-06-10T10:26:44.7912043Z
game/history/titles/k_permia.txt,Assets/CK3Map/Data/Source/game/history/titles/k_permia.txt,5811,2026-06-10T10:26:24.2918417Z
game/history/titles/k_persia.txt,Assets/CK3Map/Data/Source/game/history/titles/k_persia.txt,50890,2026-06-10T10:26:19.3185937Z
game/history/titles/k_philippines.txt,Assets/CK3Map/Data/Source/game/history/titles/k_philippines.txt,12140,2026-06-10T10:25:24.3355150Z
game/history/titles/k_poland.txt,Assets/CK3Map/Data/Source/game/history/titles/k_poland.txt,42466,2026-06-10T10:25:57.2561086Z
game/history/titles/k_pomerania.txt,Assets/CK3Map/Data/Source/game/history/titles/k_pomerania.txt,27771,2026-06-10T10:26:29.4582489Z
game/history/titles/k_pontic_steppe.txt,Assets/CK3Map/Data/Source/game/history/titles/k_pontic_steppe.txt,29188,2026-06-10T10:26:30.3293483Z
game/history/titles/k_pontus.txt,Assets/CK3Map/Data/Source/game/history/titles/k_pontus.txt,24392,2026-06-10T10:26:14.7143114Z
game/history/titles/k_punjab.txt,Assets/CK3Map/Data/Source/game/history/titles/k_punjab.txt,38294,2026-06-10T10:25:59.5360881Z
game/history/titles/k_qara_dala.txt,Assets/CK3Map/Data/Source/game/history/titles/k_qara_dala.txt,7773,2026-06-10T10:26:53.3501997Z
game/history/titles/k_rajputana.txt,Assets/CK3Map/Data/Source/game/history/titles/k_rajputana.txt,45774,2026-06-10T10:25:59.5345271Z
game/history/titles/k_romagna.txt,Assets/CK3Map/Data/Source/game/history/titles/k_romagna.txt,49850,2026-06-10T10:25:59.5451845Z
game/history/titles/k_ruthenia.txt,Assets/CK3Map/Data/Source/game/history/titles/k_ruthenia.txt,59657,2026-06-10T10:26:06.2839434Z
game/history/titles/k_sahara.txt,Assets/CK3Map/Data/Source/game/history/titles/k_sahara.txt,14397,2026-06-10T10:26:06.2871543Z
game/history/titles/k_sao.txt,Assets/CK3Map/Data/Source/game/history/titles/k_sao.txt,7702,2026-06-10T10:26:19.3211689Z
game/history/titles/k_sapmi.txt,Assets/CK3Map/Data/Source/game/history/titles/k_sapmi.txt,20502,2026-06-10T10:26:06.2834239Z
game/history/titles/k_sardinia.txt,Assets/CK3Map/Data/Source/game/history/titles/k_sardinia.txt,17696,2026-06-10T10:26:14.7770528Z
game/history/titles/k_saryarka.txt,Assets/CK3Map/Data/Source/game/history/titles/k_saryarka.txt,7771,2026-06-10T10:25:53.3346585Z
game/history/titles/k_scotland.txt,Assets/CK3Map/Data/Source/game/history/titles/k_scotland.txt,49875,2026-06-10T10:26:37.8445435Z
game/history/titles/k_serbia.txt,Assets/CK3Map/Data/Source/game/history/titles/k_serbia.txt,16036,2026-06-10T10:26:54.2692715Z
game/history/titles/k_shiwei.txt,Assets/CK3Map/Data/Source/game/history/titles/k_shiwei.txt,8816,2026-06-10T10:26:37.7003315Z
game/history/titles/k_sibir.txt,Assets/CK3Map/Data/Source/game/history/titles/k_sibir.txt,8776,2026-06-10T10:26:06.2845066Z
game/history/titles/k_sicily.txt,Assets/CK3Map/Data/Source/game/history/titles/k_sicily.txt,58253,2026-06-10T10:26:14.7775612Z
game/history/titles/k_sindh.txt,Assets/CK3Map/Data/Source/game/history/titles/k_sindh.txt,18599,2026-06-10T10:26:06.3203259Z
game/history/titles/k_songhay.txt,Assets/CK3Map/Data/Source/game/history/titles/k_songhay.txt,9777,2026-06-10T10:25:59.5366091Z
game/history/titles/k_spanish_galicia.txt,Assets/CK3Map/Data/Source/game/history/titles/k_spanish_galicia.txt,25886,2026-06-10T10:26:14.7775612Z
game/history/titles/k_sulawesi.txt,Assets/CK3Map/Data/Source/game/history/titles/k_sulawesi.txt,8185,2026-06-10T10:25:59.5366091Z
game/history/titles/k_sweden.txt,Assets/CK3Map/Data/Source/game/history/titles/k_sweden.txt,33106,2026-06-10T10:25:59.5371284Z
game/history/titles/k_syria.txt,Assets/CK3Map/Data/Source/game/history/titles/k_syria.txt,43520,2026-06-10T10:27:13.6196548Z
game/history/titles/k_syr_darya.txt,Assets/CK3Map/Data/Source/game/history/titles/k_syr_darya.txt,28860,2026-06-10T10:25:53.3156657Z
game/history/titles/k_tahert.txt,Assets/CK3Map/Data/Source/game/history/titles/k_tahert.txt,26003,2026-06-10T10:26:44.7624633Z
game/history/titles/k_takrur.txt,Assets/CK3Map/Data/Source/game/history/titles/k_takrur.txt,7077,2026-06-10T10:25:59.5322877Z
game/history/titles/k_tamilakam.txt,Assets/CK3Map/Data/Source/game/history/titles/k_tamilakam.txt,23411,2026-06-10T10:26:14.8380698Z
game/history/titles/k_telingana.txt,Assets/CK3Map/Data/Source/game/history/titles/k_telingana.txt,9510,2026-06-10T10:26:14.8375546Z
game/history/titles/k_thessalonika.txt,Assets/CK3Map/Data/Source/game/history/titles/k_thessalonika.txt,32178,2026-06-10T10:26:53.3469405Z
game/history/titles/k_transoxiana.txt,Assets/CK3Map/Data/Source/game/history/titles/k_transoxiana.txt,49366,2026-06-10T10:25:59.5386741Z
game/history/titles/k_tsang.txt,Assets/CK3Map/Data/Source/game/history/titles/k_tsang.txt,23414,2026-06-10T10:26:24.2936148Z
game/history/titles/k_tuva.txt,Assets/CK3Map/Data/Source/game/history/titles/k_tuva.txt,9490,2026-06-10T10:27:13.6233226Z
game/history/titles/k_u.txt,Assets/CK3Map/Data/Source/game/history/titles/k_u.txt,30314,2026-06-10T10:26:14.8375546Z
game/history/titles/k_valencia.txt,Assets/CK3Map/Data/Source/game/history/titles/k_valencia.txt,34779,2026-06-10T10:25:24.3355150Z
game/history/titles/k_venice.txt,Assets/CK3Map/Data/Source/game/history/titles/k_venice.txt,9589,2026-06-10T10:27:18.3087495Z
game/history/titles/k_volga_bulgaria.txt,Assets/CK3Map/Data/Source/game/history/titles/k_volga_bulgaria.txt,23071,2026-06-10T10:26:14.8994408Z
game/history/titles/k_wales.txt,Assets/CK3Map/Data/Source/game/history/titles/k_wales.txt,20840,2026-06-10T10:26:44.3287236Z
game/history/titles/k_white_rus.txt,Assets/CK3Map/Data/Source/game/history/titles/k_white_rus.txt,30374,2026-06-10T10:25:53.3356835Z
game/history/titles/k_xia.txt,Assets/CK3Map/Data/Source/game/history/titles/k_xia.txt,37798,2026-06-10T10:26:29.5395832Z
game/history/titles/k_yavakadvipa.txt,Assets/CK3Map/Data/Source/game/history/titles/k_yavakadvipa.txt,20103,2026-06-10T10:25:24.3349975Z
game/history/titles/k_yemen.txt,Assets/CK3Map/Data/Source/game/history/titles/k_yemen.txt,20788,2026-06-10T10:25:24.3355150Z
game/history/titles/k_yorubaland.txt,Assets/CK3Map/Data/Source/game/history/titles/k_yorubaland.txt,10279,2026-06-10T10:26:53.3512485Z
game/history/titles/k_yugra.txt,Assets/CK3Map/Data/Source/game/history/titles/k_yugra.txt,9003,2026-06-10T10:26:19.3279909Z
game/history/titles/k_zanj.txt,Assets/CK3Map/Data/Source/game/history/titles/k_zanj.txt,9483,2026-06-10T10:26:06.3282497Z
game/history/titles/k_zhetysu.txt,Assets/CK3Map/Data/Source/game/history/titles/k_zhetysu.txt,28347,2026-06-10T10:25:24.3355150Z
game/localization/english/accolades/accolades_l_english.yml,Assets/CK3Map/Data/Source/game/localization/english/accolades/accolades_l_english.yml,66746,2026-06-10T10:26:19.3206517Z
game/localization/english/achievements_l_english.yml,Assets/CK3Map/Data/Source/game/localization/english/achievements_l_english.yml,37234,2026-06-10T10:25:59.5882015Z
game/localization/english/activities/activity_scripted_effects_l_english.yml,Assets/CK3Map/Data/Source/game/localization/english/activities/activity_scripted_effects_l_english.yml,67,2026-06-10T10:26:06.3342690Z
game/localization/english/activities/coronation_activity_l_english.yml,Assets/CK3Map/Data/Source/game/localization/english/activities/coronation_activity_l_english.yml,115655,2026-06-10T10:26:16.3164980Z
game/localization/english/activities/coronation_events_1_l_english.yml,Assets/CK3Map/Data/Source/game/localization/english/activities/coronation_events_1_l_english.yml,64566,2026-06-10T10:26:06.3823600Z
game/localization/english/activities/debate_activity_l_english.yml,Assets/CK3Map/Data/Source/game/localization/english/activities/debate_activity_l_english.yml,10765,2026-06-10T10:26:16.3312847Z
game/localization/english/activities/gruesome_festival_activity_l_english.yml,Assets/CK3Map/Data/Source/game/localization/english/activities/gruesome_festival_activity_l_english.yml,13403,2026-06-10T10:26:16.3312847Z
game/localization/english/activities/hunt_activity_l_english.yml,Assets/CK3Map/Data/Source/game/localization/english/activities/hunt_activity_l_english.yml,55184,2026-06-10T10:25:53.3665444Z
game/localization/english/activities/imperial_examination_activity_l_english.yml,Assets/CK3Map/Data/Source/game/localization/english/activities/imperial_examination_activity_l_english.yml,16767,2026-06-10T10:26:16.3318069Z
game/localization/english/activities/journey_activity_l_english.yml,Assets/CK3Map/Data/Source/game/localization/english/activities/journey_activity_l_english.yml,60917,2026-06-10T10:26:16.3338684Z
game/localization/english/activities/local_examination_activity_l_english.yml,Assets/CK3Map/Data/Source/game/localization/english/activities/local_examination_activity_l_english.yml,10428,2026-06-10T10:26:44.8798231Z
game/localization/english/activities/pilgrimage_activity_l_english.yml,Assets/CK3Map/Data/Source/game/localization/english/activities/pilgrimage_activity_l_english.yml,7851,2026-06-10T10:25:57.2582367Z
game/localization/english/activities/playdate_activity_l_english.yml,Assets/CK3Map/Data/Source/game/localization/english/activities/playdate_activity_l_english.yml,1760,2026-06-10T10:26:37.6747886Z
game/localization/english/activities/roaming_activity_l_english.yml,Assets/CK3Map/Data/Source/game/localization/english/activities/roaming_activity_l_english.yml,52877,2026-06-10T10:25:53.3665444Z
game/localization/english/activities/survey_activity_l_english.yml,Assets/CK3Map/Data/Source/game/localization/english/activities/survey_activity_l_english.yml,57091,2026-06-10T10:26:16.4375682Z
game/localization/english/activities/tournament_activity_oltner_l_english.yml,Assets/CK3Map/Data/Source/game/localization/english/activities/tournament_activity_oltner_l_english.yml,13401,2026-06-10T10:25:57.2561086Z
game/localization/english/activities/tour_activity_l_english.yml,Assets/CK3Map/Data/Source/game/localization/english/activities/tour_activity_l_english.yml,484,2026-06-10T10:25:53.3701512Z
game/localization/english/activity_group_types_l_english.yml,Assets/CK3Map/Data/Source/game/localization/english/activity_group_types_l_english.yml,324,2026-06-10T10:26:38.2027210Z
game/localization/english/adventurer_name_sections_l_english.yml,Assets/CK3Map/Data/Source/game/localization/english/adventurer_name_sections_l_english.yml,11638,2026-06-10T10:26:44.8798231Z
game/localization/english/ai_l_english.yml,Assets/CK3Map/Data/Source/game/localization/english/ai_l_english.yml,6796,2026-06-10T10:26:38.8055218Z
game/localization/english/ai_personality_l_english.yml,Assets/CK3Map/Data/Source/game/localization/english/ai_personality_l_english.yml,14066,2026-06-10T10:26:44.8798231Z
game/localization/english/artifacts/artifacts_l_english.yml,Assets/CK3Map/Data/Source/game/localization/english/artifacts/artifacts_l_english.yml,102390,2026-06-10T10:26:44.8793027Z
game/localization/english/artifacts/court_artifacts_l_english.yml,Assets/CK3Map/Data/Source/game/localization/english/artifacts/court_artifacts_l_english.yml,83455,2026-06-10T10:26:29.1682527Z
game/localization/english/artifacts/court_event_artifacts_l_english.yml,Assets/CK3Map/Data/Source/game/localization/english/artifacts/court_event_artifacts_l_english.yml,2773,2026-06-10T10:26:24.2936148Z
game/localization/english/battles_l_english.yml,Assets/CK3Map/Data/Source/game/localization/english/battles_l_english.yml,12667,2026-06-10T10:25:53.3691223Z
game/localization/english/blood_brothers/blood_brothers_l_english.yml,Assets/CK3Map/Data/Source/game/localization/english/blood_brothers/blood_brothers_l_english.yml,217,2026-06-10T10:26:29.5395832Z
game/localization/english/board_game_events_l_english.yml,Assets/CK3Map/Data/Source/game/localization/english/board_game_events_l_english.yml,51692,2026-06-10T10:26:24.2892938Z
game/localization/english/bookmark/bookmark_adventurers_867_l_english.yml,Assets/CK3Map/Data/Source/game/localization/english/bookmark/bookmark_adventurers_867_l_english.yml,8234,2026-06-10T10:27:13.6243633Z
game/localization/english/bookmark/bookmark_call_of_the_empire_1178_l_english.yml,Assets/CK3Map/Data/Source/game/localization/english/bookmark/bookmark_call_of_the_empire_1178_l_english.yml,4412,2026-06-10T10:26:29.2670282Z
game/localization/english/bookmark/bookmark_carolingians_867_l_english.yml,Assets/CK3Map/Data/Source/game/localization/english/bookmark/bookmark_carolingians_867_l_english.yml,4808,2026-06-10T10:26:19.3180636Z
game/localization/english/bookmark/bookmark_challenge_characters_l_english.yml,Assets/CK3Map/Data/Source/game/localization/english/bookmark/bookmark_challenge_characters_l_english.yml,21118,2026-06-10T10:25:24.5731494Z
game/localization/english/bookmark/bookmark_china_1066_l_english.yml,Assets/CK3Map/Data/Source/game/localization/english/bookmark/bookmark_china_1066_l_english.yml,8170,2026-06-10T10:25:53.3665444Z
game/localization/english/bookmark/bookmark_china_1178_l_english.yml,Assets/CK3Map/Data/Source/game/localization/english/bookmark/bookmark_china_1178_l_english.yml,3950,2026-06-10T10:26:06.3818546Z
game/localization/english/bookmark/bookmark_china_867_l_english.yml,Assets/CK3Map/Data/Source/game/localization/english/bookmark/bookmark_china_867_l_english.yml,4193,2026-06-10T10:27:19.3485078Z
game/localization/english/bookmark/bookmark_genpei_1178_l_english.yml,Assets/CK3Map/Data/Source/game/localization/english/bookmark/bookmark_genpei_1178_l_english.yml,4922,2026-06-10T10:26:39.8465864Z
game/localization/english/bookmark/bookmark_hastings_1066_l_english.yml,Assets/CK3Map/Data/Source/game/localization/english/bookmark/bookmark_hastings_1066_l_english.yml,4928,2026-06-10T10:26:46.7091279Z
game/localization/english/bookmark/bookmark_iberia_1066_l_english.yml,Assets/CK3Map/Data/Source/game/localization/english/bookmark/bookmark_iberia_1066_l_english.yml,3840,2026-06-10T10:26:39.0714196Z
game/localization/english/bookmark/bookmark_iberia_867_l_english.yml,Assets/CK3Map/Data/Source/game/localization/english/bookmark/bookmark_iberia_867_l_english.yml,4620,2026-06-10T10:27:06.3108068Z
game/localization/english/bookmark/bookmark_japan_1066_l_english.yml,Assets/CK3Map/Data/Source/game/localization/english/bookmark/bookmark_japan_1066_l_english.yml,5611,2026-06-10T10:26:44.8793027Z
game/localization/english/bookmark/bookmark_laamps_1066_l_english.yml,Assets/CK3Map/Data/Source/game/localization/english/bookmark/bookmark_laamps_1066_l_english.yml,6601,2026-06-10T10:26:16.4375682Z
game/localization/english/bookmark/bookmark_l_english.yml,Assets/CK3Map/Data/Source/game/localization/english/bookmark/bookmark_l_english.yml,6180,2026-06-10T10:26:56.9512702Z
game/localization/english/bookmark/bookmark_mandalas_867_l_english.yml,Assets/CK3Map/Data/Source/game/localization/english/bookmark/bookmark_mandalas_867_l_english.yml,3509,2026-06-10T10:26:54.2700489Z
game/localization/english/bookmark/bookmark_nomads_1066_l_english.yml,Assets/CK3Map/Data/Source/game/localization/english/bookmark/bookmark_nomads_1066_l_english.yml,3687,2026-06-10T10:26:39.8691937Z
game/localization/english/bookmark/bookmark_nomads_1178_l_english.yml,Assets/CK3Map/Data/Source/game/localization/english/bookmark/bookmark_nomads_1178_l_english.yml,5785,2026-06-10T10:26:44.8808549Z
game/localization/english/bookmark/bookmark_northmen_867_l_english.yml,Assets/CK3Map/Data/Source/game/localization/english/bookmark/bookmark_northmen_867_l_english.yml,6556,2026-06-10T10:26:38.0735118Z
game/localization/english/bookmark/bookmark_persia_867_l_english.yml,Assets/CK3Map/Data/Source/game/localization/english/bookmark/bookmark_persia_867_l_english.yml,5274,2026-06-10T10:26:19.3216922Z
game/localization/english/bookmark/bookmark_rags_to_riches_1066_l_english.yml,Assets/CK3Map/Data/Source/game/localization/english/bookmark/bookmark_rags_to_riches_1066_l_english.yml,15088,2026-06-10T10:27:13.6222792Z
game/localization/english/bookmark/bookmark_swords_of_faith_1178_l_english.yml,Assets/CK3Map/Data/Source/game/localization/english/bookmark/bookmark_swords_of_faith_1178_l_english.yml,5910,2026-06-10T10:26:19.3222033Z
game/localization/english/bookmark/start_years_l_english.yml,Assets/CK3Map/Data/Source/game/localization/english/bookmark/start_years_l_english.yml,1486,2026-06-10T10:25:53.3644775Z
game/localization/english/buildings_l_english.yml,Assets/CK3Map/Data/Source/game/localization/english/buildings_l_english.yml,297156,2026-06-10T10:17:28.5816293Z
game/localization/english/change_ghw_target_window_l_english.yml,Assets/CK3Map/Data/Source/game/localization/english/change_ghw_target_window_l_english.yml,814,2026-06-10T10:26:24.2923543Z
game/localization/english/character_l_english.yml,Assets/CK3Map/Data/Source/game/localization/english/character_l_english.yml,12383,2026-06-10T10:26:16.6366691Z
game/localization/english/combat_l_english.yml,Assets/CK3Map/Data/Source/game/localization/english/combat_l_english.yml,5833,2026-06-10T10:26:16.6219736Z
game/localization/english/confederations_l_english.yml,Assets/CK3Map/Data/Source/game/localization/english/confederations_l_english.yml,1307,2026-06-10T10:27:11.4538751Z
game/localization/english/confederation_types_l_english.yml,Assets/CK3Map/Data/Source/game/localization/english/confederation_types_l_english.yml,743,2026-06-10T10:26:16.6219736Z
game/localization/english/conqueror_l_english.yml,Assets/CK3Map/Data/Source/game/localization/english/conqueror_l_english.yml,8438,2026-06-10T10:26:30.2466207Z
game/localization/english/contracts/laamp_base_learning_contract_events_l_english.yml,Assets/CK3Map/Data/Source/game/localization/english/contracts/laamp_base_learning_contract_events_l_english.yml,67245,2026-06-10T10:26:44.8793027Z
game/localization/english/contracts/task_contracts_l_english.yml,Assets/CK3Map/Data/Source/game/localization/english/contracts/task_contracts_l_english.yml,139492,2026-06-10T10:25:53.5598309Z
game/localization/english/core_l_english.yml,Assets/CK3Map/Data/Source/game/localization/english/core_l_english.yml,63810,2026-06-10T10:26:19.3174863Z
game/localization/english/council_l_english.yml,Assets/CK3Map/Data/Source/game/localization/english/council_l_english.yml,24911,2026-06-10T10:26:16.6366691Z
game/localization/english/council_tasks_l_english.yml,Assets/CK3Map/Data/Source/game/localization/english/council_tasks_l_english.yml,81286,2026-06-10T10:26:19.4366754Z
game/localization/english/courtier_guest_management_events_l_english.yml,Assets/CK3Map/Data/Source/game/localization/english/courtier_guest_management_events_l_english.yml,3213,2026-06-10T10:26:16.6366691Z
game/localization/english/court_amenities_l_english.yml,Assets/CK3Map/Data/Source/game/localization/english/court_amenities_l_english.yml,10302,2026-06-10T10:26:16.6373043Z
game/localization/english/court_positions_2_l_english.yml,Assets/CK3Map/Data/Source/game/localization/english/court_positions_2_l_english.yml,16340,2026-06-10T10:26:16.6373043Z
game/localization/english/court_positions_l_english.yml,Assets/CK3Map/Data/Source/game/localization/english/court_positions_l_english.yml,111135,2026-06-10T10:26:24.2942673Z
game/localization/english/court_type_l_english.yml,Assets/CK3Map/Data/Source/game/localization/english/court_type_l_english.yml,5275,2026-06-10T10:26:24.2930983Z
game/localization/english/court_visuals_l_english.yml,Assets/CK3Map/Data/Source/game/localization/english/court_visuals_l_english.yml,10048,2026-06-10T10:25:53.5495448Z
game/localization/english/credits/credits_l_english.yml,Assets/CK3Map/Data/Source/game/localization/english/credits/credits_l_english.yml,22726,2026-06-10T10:27:06.3118464Z
game/localization/english/culture/cultural_innovations_l_english.yml,Assets/CK3Map/Data/Source/game/localization/english/culture/cultural_innovations_l_english.yml,44567,2026-06-10T10:25:53.5541984Z
game/localization/english/culture/cultural_maa_innovations_l_english.yml,Assets/CK3Map/Data/Source/game/localization/english/culture/cultural_maa_innovations_l_english.yml,16669,2026-06-10T10:26:38.5301764Z
game/localization/english/culture/cultures_l_english.yml,Assets/CK3Map/Data/Source/game/localization/english/culture/cultures_l_english.yml,25280,2026-06-10T10:26:16.6219736Z
game/localization/english/culture/culture_creation_names_l_english.yml,Assets/CK3Map/Data/Source/game/localization/english/culture/culture_creation_names_l_english.yml,14882,2026-06-10T10:26:19.4366754Z
game/localization/english/culture/culture_eras_l_english.yml,Assets/CK3Map/Data/Source/game/localization/english/culture/culture_eras_l_english.yml,1266,2026-06-10T10:25:57.2614078Z
game/localization/english/culture/culture_gfx_l_english.yml,Assets/CK3Map/Data/Source/game/localization/english/culture/culture_gfx_l_english.yml,4937,2026-06-10T10:26:44.8793027Z
game/localization/english/culture/culture_history_l_english.yml,Assets/CK3Map/Data/Source/game/localization/english/culture/culture_history_l_english.yml,610,2026-06-10T10:27:06.3118464Z
game/localization/english/culture/culture_name_lists_l_english.yml,Assets/CK3Map/Data/Source/game/localization/english/culture/culture_name_lists_l_english.yml,6665,2026-06-10T10:26:06.3833883Z
game/localization/english/culture/culture_titles_l_english.yml,Assets/CK3Map/Data/Source/game/localization/english/culture/culture_titles_l_english.yml,58588,2026-06-10T10:26:54.9180619Z
game/localization/english/culture/head_determination_l_english.yml,Assets/CK3Map/Data/Source/game/localization/english/culture/head_determination_l_english.yml,253,2026-06-10T10:26:16.6219736Z
game/localization/english/culture/language_events_l_english.yml,Assets/CK3Map/Data/Source/game/localization/english/culture/language_events_l_english.yml,2412,2026-06-10T10:26:19.4382543Z
game/localization/english/culture/placeholder_new_culture_titles_l_english.yml,Assets/CK3Map/Data/Source/game/localization/english/culture/placeholder_new_culture_titles_l_english.yml,614,2026-06-10T10:26:16.6366691Z
game/localization/english/culture/traditions/cultural_heritages_l_english.yml,Assets/CK3Map/Data/Source/game/localization/english/culture/traditions/cultural_heritages_l_english.yml,5560,2026-06-10T10:26:06.3818546Z
game/localization/english/culture/traditions/cultural_languages_l_english.yml,Assets/CK3Map/Data/Source/game/localization/english/culture/traditions/cultural_languages_l_english.yml,4293,2026-06-10T10:26:16.6219736Z
game/localization/english/culture/traditions/cultural_traditions_l_english.yml,Assets/CK3Map/Data/Source/game/localization/english/culture/traditions/cultural_traditions_l_english.yml,208023,2026-06-10T10:26:06.3828741Z
game/localization/english/custom_localization/ach_custom_loc_l_english.yml,Assets/CK3Map/Data/Source/game/localization/english/custom_localization/ach_custom_loc_l_english.yml,5243,2026-06-10T10:26:44.8808549Z
game/localization/english/custom_localization/activity_custom_loc_l_english.yml,Assets/CK3Map/Data/Source/game/localization/english/custom_localization/activity_custom_loc_l_english.yml,701,2026-06-10T10:26:06.3342690Z
game/localization/english/custom_localization/ai_value_custom_loc_l_english.yml,Assets/CK3Map/Data/Source/game/localization/english/custom_localization/ai_value_custom_loc_l_english.yml,502,2026-06-10T10:25:53.5562759Z
game/localization/english/custom_localization/animal_custom_loc_l_english.yml,Assets/CK3Map/Data/Source/game/localization/english/custom_localization/animal_custom_loc_l_english.yml,490,2026-06-10T10:25:24.5807716Z
game/localization/english/custom_localization/appropriate_generic_words_l_english.yml,Assets/CK3Map/Data/Source/game/localization/english/custom_localization/appropriate_generic_words_l_english.yml,8151,2026-06-10T10:26:24.3544176Z
game/localization/english/custom_localization/artifact_custom_loc_l_english.yml,Assets/CK3Map/Data/Source/game/localization/english/custom_localization/artifact_custom_loc_l_english.yml,6782,2026-06-10T10:27:06.3123645Z
game/localization/english/custom_localization/bad_roomate_custom_loc_l_english.yml,Assets/CK3Map/Data/Source/game/localization/english/custom_localization/bad_roomate_custom_loc_l_english.yml,360,2026-06-10T10:26:06.3854478Z
game/localization/english/custom_localization/body_part_custom_loc_l_english.yml,Assets/CK3Map/Data/Source/game/localization/english/custom_localization/body_part_custom_loc_l_english.yml,1519,2026-06-10T10:27:13.6243633Z
game/localization/english/custom_localization/building_custom_loc_l_english.yml,Assets/CK3Map/Data/Source/game/localization/english/custom_localization/building_custom_loc_l_english.yml,614,2026-06-10T10:26:16.6366691Z
game/localization/english/custom_localization/casus_belli_custom_loc_l_english.yml,Assets/CK3Map/Data/Source/game/localization/english/custom_localization/casus_belli_custom_loc_l_english.yml,203,2026-06-10T10:26:24.3590663Z
game/localization/english/custom_localization/ce1_custom_loc_l_english.yml,Assets/CK3Map/Data/Source/game/localization/english/custom_localization/ce1_custom_loc_l_english.yml,3110,2026-06-10T10:26:39.5524356Z
game/localization/english/custom_localization/character_descriptions_l_english.yml,Assets/CK3Map/Data/Source/game/localization/english/custom_localization/character_descriptions_l_english.yml,7797,2026-06-10T10:26:44.8798231Z
game/localization/english/custom_localization/character_relations_l_english.yml,Assets/CK3Map/Data/Source/game/localization/english/custom_localization/character_relations_l_english.yml,11908,2026-06-10T10:25:53.5526537Z
game/localization/english/custom_localization/colors_custom_loc_l_english.yml,Assets/CK3Map/Data/Source/game/localization/english/custom_localization/colors_custom_loc_l_english.yml,831,2026-06-10T10:25:57.2582367Z
game/localization/english/custom_localization/compliment_custom_loc_l_english.yml,Assets/CK3Map/Data/Source/game/localization/english/custom_localization/compliment_custom_loc_l_english.yml,6093,2026-06-10T10:26:42.4106956Z
game/localization/english/custom_localization/conversation_subjects_l_english.yml,Assets/CK3Map/Data/Source/game/localization/english/custom_localization/conversation_subjects_l_english.yml,4092,2026-06-10T10:26:24.3595820Z
game/localization/english/custom_localization/court_loc_l_english.yml,Assets/CK3Map/Data/Source/game/localization/english/custom_localization/court_loc_l_english.yml,1341,2026-06-10T10:26:39.8705818Z
game/localization/english/custom_localization/divinity_custom_loc_l_english.yml,Assets/CK3Map/Data/Source/game/localization/english/custom_localization/divinity_custom_loc_l_english.yml,4631,2026-06-10T10:26:54.2991667Z
game/localization/english/custom_localization/dynasty_custom_loc_l_english.yml,Assets/CK3Map/Data/Source/game/localization/english/custom_localization/dynasty_custom_loc_l_english.yml,573,2026-06-10T10:26:29.5395832Z
game/localization/english/custom_localization/education_custom_loc_l_english.yml,Assets/CK3Map/Data/Source/game/localization/english/custom_localization/education_custom_loc_l_english.yml,13316,2026-06-10T10:26:30.3293483Z
game/localization/english/custom_localization/ep2_custom_loc_l_english.yml,Assets/CK3Map/Data/Source/game/localization/english/custom_localization/ep2_custom_loc_l_english.yml,2962,2026-06-10T10:25:53.5562759Z
game/localization/english/custom_localization/ep3_custom_loc_l_english.yml,Assets/CK3Map/Data/Source/game/localization/english/custom_localization/ep3_custom_loc_l_english.yml,8896,2026-06-10T10:26:24.3623753Z
game/localization/english/custom_localization/friendly_custom_loc_l_english.yml,Assets/CK3Map/Data/Source/game/localization/english/custom_localization/friendly_custom_loc_l_english.yml,228,2026-06-10T10:26:44.8798231Z
game/localization/english/custom_localization/generic_custom_loc_strings_l_english.yml,Assets/CK3Map/Data/Source/game/localization/english/custom_localization/generic_custom_loc_strings_l_english.yml,6380,2026-06-10T10:27:13.6212116Z
game/localization/english/custom_localization/government_custom_loc_l_english.yml,Assets/CK3Map/Data/Source/game/localization/english/custom_localization/government_custom_loc_l_english.yml,1068,2026-06-10T10:26:38.2806376Z
game/localization/english/custom_localization/greeting_custom_loc_l_english.yml,Assets/CK3Map/Data/Source/game/localization/english/custom_localization/greeting_custom_loc_l_english.yml,8364,2026-06-10T10:26:44.8813642Z
game/localization/english/custom_localization/health_custom_loc_l_english.yml,Assets/CK3Map/Data/Source/game/localization/english/custom_localization/health_custom_loc_l_english.yml,278,2026-06-10T10:26:19.4366754Z
game/localization/english/custom_localization/incidental_detail_l_english.yml,Assets/CK3Map/Data/Source/game/localization/english/custom_localization/incidental_detail_l_english.yml,1505,2026-06-10T10:25:53.5403898Z
game/localization/english/custom_localization/insult_custom_loc_l_english.yml,Assets/CK3Map/Data/Source/game/localization/english/custom_localization/insult_custom_loc_l_english.yml,12046,2026-06-10T10:27:13.6196548Z
game/localization/english/custom_localization/lifestyle_custom_loc_l_english.yml,Assets/CK3Map/Data/Source/game/localization/english/custom_localization/lifestyle_custom_loc_l_english.yml,1030,2026-06-10T10:26:24.3603214Z
game/localization/english/custom_localization/lover_custom_loc_l_english.yml,Assets/CK3Map/Data/Source/game/localization/english/custom_localization/lover_custom_loc_l_english.yml,4353,2026-06-10T10:26:24.3580406Z
game/localization/english/custom_localization/magic_custom_loc_l_english.yml,Assets/CK3Map/Data/Source/game/localization/english/custom_localization/magic_custom_loc_l_english.yml,290,2026-06-10T10:26:16.6224976Z
game/localization/english/custom_localization/metaphors_custom_loc_l_english.yml,Assets/CK3Map/Data/Source/game/localization/english/custom_localization/metaphors_custom_loc_l_english.yml,1005,2026-06-10T10:26:29.4770125Z
game/localization/english/custom_localization/mpo_custom_loc_l_english.yml,Assets/CK3Map/Data/Source/game/localization/english/custom_localization/mpo_custom_loc_l_english.yml,600,2026-06-10T10:26:19.3222033Z
game/localization/english/custom_localization/notification_loc_l_english.yml,Assets/CK3Map/Data/Source/game/localization/english/custom_localization/notification_loc_l_english.yml,136,2026-06-10T10:26:30.3293483Z
game/localization/english/custom_localization/personality_quirks_l_english.yml,Assets/CK3Map/Data/Source/game/localization/english/custom_localization/personality_quirks_l_english.yml,37407,2026-06-10T10:25:53.5573527Z
game/localization/english/custom_localization/personality_trait_loc_l_english.yml,Assets/CK3Map/Data/Source/game/localization/english/custom_localization/personality_trait_loc_l_english.yml,8082,2026-06-10T10:26:39.1765598Z
game/localization/english/custom_localization/personal_details_loc_l_english.yml,Assets/CK3Map/Data/Source/game/localization/english/custom_localization/personal_details_loc_l_english.yml,4824,2026-06-10T10:26:28.8858872Z
game/localization/english/custom_localization/pet_custom_loc_l_english.yml,Assets/CK3Map/Data/Source/game/localization/english/custom_localization/pet_custom_loc_l_english.yml,4698,2026-06-10T10:26:30.3268229Z
game/localization/english/custom_localization/poetry_loc_l_english.yml,Assets/CK3Map/Data/Source/game/localization/english/custom_localization/poetry_loc_l_english.yml,33366,2026-06-10T10:26:16.6219736Z
game/localization/english/custom_localization/prison_custom_loc_l_english.yml,Assets/CK3Map/Data/Source/game/localization/english/custom_localization/prison_custom_loc_l_english.yml,810,2026-06-10T10:25:57.2550574Z
game/localization/english/custom_localization/reaction_custom_loc_l_english.yml,Assets/CK3Map/Data/Source/game/localization/english/custom_localization/reaction_custom_loc_l_english.yml,353,2026-06-10T10:26:37.6603212Z
game/localization/english/custom_localization/regional_custom_loc_l_english.yml,Assets/CK3Map/Data/Source/game/localization/english/custom_localization/regional_custom_loc_l_english.yml,34259,2026-06-10T10:26:54.2700489Z
game/localization/english/custom_localization/religion_custom_loc_l_english.yml,Assets/CK3Map/Data/Source/game/localization/english/custom_localization/religion_custom_loc_l_english.yml,6434,2026-06-10T10:25:57.2576533Z
game/localization/english/custom_localization/secrets_custom_loc_l_english.yml,Assets/CK3Map/Data/Source/game/localization/english/custom_localization/secrets_custom_loc_l_english.yml,1668,2026-06-10T10:27:13.6402470Z
game/localization/english/custom_localization/seduction_custom_loc_l_english.yml,Assets/CK3Map/Data/Source/game/localization/english/custom_localization/seduction_custom_loc_l_english.yml,2145,2026-06-10T10:25:53.5557537Z
game/localization/english/custom_localization/signature_weapon_custom_loc_l_english.yml,Assets/CK3Map/Data/Source/game/localization/english/custom_localization/signature_weapon_custom_loc_l_english.yml,15564,2026-06-10T10:26:16.6219736Z
game/localization/english/custom_localization/single_combat_custom_loc_l_english.yml,Assets/CK3Map/Data/Source/game/localization/english/custom_localization/single_combat_custom_loc_l_english.yml,639,2026-06-10T10:26:54.2986555Z
game/localization/english/custom_localization/tgp_custom_loc_l_english.yml,Assets/CK3Map/Data/Source/game/localization/english/custom_localization/tgp_custom_loc_l_english.yml,3661,2026-06-10T10:26:56.9522719Z
game/localization/english/custom_localization/titles_and_rank_custom_loc_l_english.yml,Assets/CK3Map/Data/Source/game/localization/english/custom_localization/titles_and_rank_custom_loc_l_english.yml,3053,2026-06-10T10:26:06.3839068Z
game/localization/english/custom_localization/title_custom_loc_l_english.yml,Assets/CK3Map/Data/Source/game/localization/english/custom_localization/title_custom_loc_l_english.yml,2083,2026-06-10T10:26:44.8808549Z
game/localization/english/custom_localization/trait_adjectives_custom_loc_l_english.yml,Assets/CK3Map/Data/Source/game/localization/english/custom_localization/trait_adjectives_custom_loc_l_english.yml,742,2026-06-10T10:26:29.2236574Z
game/localization/english/custom_localization/unfriendly_custom_loc_l_english.yml,Assets/CK3Map/Data/Source/game/localization/english/custom_localization/unfriendly_custom_loc_l_english.yml,317,2026-06-10T10:26:06.3839068Z
game/localization/english/custom_localization/vassals_custom_loc_l_english.yml,Assets/CK3Map/Data/Source/game/localization/english/custom_localization/vassals_custom_loc_l_english.yml,109,2026-06-10T10:25:24.5783134Z
game/localization/english/custom_localization/weird_object_custom_loc_l_english.yml,Assets/CK3Map/Data/Source/game/localization/english/custom_localization/weird_object_custom_loc_l_english.yml,443,2026-06-10T10:25:53.5557537Z
game/localization/english/custom_localization/yearly_events_custom_loc_l_english.yml,Assets/CK3Map/Data/Source/game/localization/english/custom_localization/yearly_events_custom_loc_l_english.yml,604,2026-06-10T10:26:06.3833883Z
game/localization/english/death_reasons_l_english.yml,Assets/CK3Map/Data/Source/game/localization/english/death_reasons_l_english.yml,28566,2026-06-10T10:26:54.2700489Z
game/localization/english/debug_l_english.yml,Assets/CK3Map/Data/Source/game/localization/english/debug_l_english.yml,41817,2026-06-10T10:26:54.2705580Z
game/localization/english/debug_story_test_event_l_english.yml,Assets/CK3Map/Data/Source/game/localization/english/debug_story_test_event_l_english.yml,2479,2026-06-10T10:26:06.3833883Z
game/localization/english/decisions_l_english.yml,Assets/CK3Map/Data/Source/game/localization/english/decisions_l_english.yml,200790,2026-06-10T10:26:38.5307007Z
game/localization/english/decisions_wild_goose_chase_l_english.yml,Assets/CK3Map/Data/Source/game/localization/english/decisions_wild_goose_chase_l_english.yml,3214,2026-06-10T10:26:29.1682527Z
game/localization/english/decision_group_types_l_english.yml,Assets/CK3Map/Data/Source/game/localization/english/decision_group_types_l_english.yml,1015,2026-06-10T10:26:06.3839068Z
game/localization/english/designate_heir_window_l_english.yml,Assets/CK3Map/Data/Source/game/localization/english/designate_heir_window_l_english.yml,295,2026-06-10T10:25:57.2576533Z
game/localization/english/destiny_values_l_english.yml,Assets/CK3Map/Data/Source/game/localization/english/destiny_values_l_english.yml,15457,2026-06-10T10:26:06.3828741Z
game/localization/english/diarchies/diarchies_l_english.yml,Assets/CK3Map/Data/Source/game/localization/english/diarchies/diarchies_l_english.yml,106468,2026-06-10T10:26:38.7456682Z
game/localization/english/diarchies/diarchy_decisions_l_english.yml,Assets/CK3Map/Data/Source/game/localization/english/diarchies/diarchy_decisions_l_english.yml,5547,2026-06-10T10:26:44.8798231Z
game/localization/english/difficulty_l_english.yml,Assets/CK3Map/Data/Source/game/localization/english/difficulty_l_english.yml,287,2026-06-10T10:26:16.6373043Z
game/localization/english/dlc/ach/dlc_ach_coronation_events_6_l_english.yml,Assets/CK3Map/Data/Source/game/localization/english/dlc/ach/dlc_ach_coronation_events_6_l_english.yml,93441,2026-06-10T10:26:24.3539007Z
game/localization/english/dlc/ach/dlc_ach_coronation_events_klank_l_english.yml,Assets/CK3Map/Data/Source/game/localization/english/dlc/ach/dlc_ach_coronation_events_klank_l_english.yml,28150,2026-06-10T10:25:53.5464233Z
game/localization/english/dlc/ach/dlc_ach_coronation_prelude_events_l_english.yml,Assets/CK3Map/Data/Source/game/localization/english/dlc/ach/dlc_ach_coronation_prelude_events_l_english.yml,30934,2026-06-10T10:26:38.7774529Z
game/localization/english/dlc/ach/dlc_ach_game_concepts_l_english.yml,Assets/CK3Map/Data/Source/game/localization/english/dlc/ach/dlc_ach_game_concepts_l_english.yml,3335,2026-06-10T10:26:29.4770125Z
game/localization/english/dlc/ach/dlc_ach_guest_intent_coronation_events_l_english.yml,Assets/CK3Map/Data/Source/game/localization/english/dlc/ach/dlc_ach_guest_intent_coronation_events_l_english.yml,20001,2026-06-10T10:25:24.5783134Z
game/localization/english/dlc/ach/dlc_ach_yearly_events_l_english.yml,Assets/CK3Map/Data/Source/game/localization/english/dlc/ach/dlc_ach_yearly_events_l_english.yml,12919,2026-06-10T10:25:53.5429581Z
game/localization/english/dlc/bp1/dlc_bp1_custom_loc_l_english.yml,Assets/CK3Map/Data/Source/game/localization/english/dlc/bp1/dlc_bp1_custom_loc_l_english.yml,1595,2026-06-10T10:26:16.6219736Z
game/localization/english/dlc/bp1/dlc_bp1_filippa_yearly_events_l_english.yml,Assets/CK3Map/Data/Source/game/localization/english/dlc/bp1/dlc_bp1_filippa_yearly_events_l_english.yml,22845,2026-06-10T10:26:38.8383296Z
game/localization/english/dlc/bp1/dlc_bp1_house_feud_story_l_english.yml,Assets/CK3Map/Data/Source/game/localization/english/dlc/bp1/dlc_bp1_house_feud_story_l_english.yml,54818,2026-06-10T10:26:06.3849395Z
game/localization/english/dlc/bp1/dlc_bp1_modifiers_chad_l_english.yml,Assets/CK3Map/Data/Source/game/localization/english/dlc/bp1/dlc_bp1_modifiers_chad_l_english.yml,426,2026-06-10T10:26:24.3613495Z
game/localization/english/dlc/bp1/dlc_bp1_modifiers_l_english.yml,Assets/CK3Map/Data/Source/game/localization/english/dlc/bp1/dlc_bp1_modifiers_l_english.yml,1511,2026-06-10T10:25:24.5731494Z
game/localization/english/dlc/bp1/dlc_bp1_music_l_english.yml,Assets/CK3Map/Data/Source/game/localization/english/dlc/bp1/dlc_bp1_music_l_english.yml,67,2026-06-10T10:26:24.3539007Z
game/localization/english/dlc/bp1/dlc_bp1_oltner_yearly_events_l_english.yml,Assets/CK3Map/Data/Source/game/localization/english/dlc/bp1/dlc_bp1_oltner_yearly_events_l_english.yml,12051,2026-06-10T10:26:30.3237957Z
game/localization/english/dlc/bp1/dlc_bp1_opinions_l_english.yml,Assets/CK3Map/Data/Source/game/localization/english/dlc/bp1/dlc_bp1_opinions_l_english.yml,206,2026-06-10T10:25:57.2566226Z
game/localization/english/dlc/bp1/dlc_bp1_yearly_events_l_english.yml,Assets/CK3Map/Data/Source/game/localization/english/dlc/bp1/dlc_bp1_yearly_events_l_english.yml,93284,2026-06-10T10:26:32.0794297Z
game/localization/english/dlc/bp1/dlc_bp1_yearly_events_nick_l_english.yml,Assets/CK3Map/Data/Source/game/localization/english/dlc/bp1/dlc_bp1_yearly_events_nick_l_english.yml,27562,2026-06-10T10:26:06.3818546Z
game/localization/english/dlc/bp2/bp2_yearly_events_l_english.yml,Assets/CK3Map/Data/Source/game/localization/english/dlc/bp2/bp2_yearly_events_l_english.yml,8824,2026-06-10T10:26:38.8383296Z
game/localization/english/dlc/bp2/dlc_bp2_activity_adult_education_l_english.yml,Assets/CK3Map/Data/Source/game/localization/english/dlc/bp2/dlc_bp2_activity_adult_education_l_english.yml,38803,2026-06-10T10:26:44.8793027Z
game/localization/english/dlc/bp2/dlc_bp2_adoption_l_english.yml,Assets/CK3Map/Data/Source/game/localization/english/dlc/bp2/dlc_bp2_adoption_l_english.yml,1929,2026-06-10T10:25:24.5751854Z
game/localization/english/dlc/bp2/dlc_bp2_character_interactions_l_english.yml,Assets/CK3Map/Data/Source/game/localization/english/dlc/bp2/dlc_bp2_character_interactions_l_english.yml,32840,2026-06-10T10:26:06.3854478Z
game/localization/english/dlc/bp2/dlc_bp2_custom_loc_l_english.yml,Assets/CK3Map/Data/Source/game/localization/english/dlc/bp2/dlc_bp2_custom_loc_l_english.yml,2086,2026-06-10T10:27:13.6233226Z
game/localization/english/dlc/bp2/dlc_bp2_destiny_child_l_english.yml,Assets/CK3Map/Data/Source/game/localization/english/dlc/bp2/dlc_bp2_destiny_child_l_english.yml,11498,2026-06-10T10:27:13.6196548Z
game/localization/english/dlc/bp2/dlc_bp2_eccentric_events_l_english.yml,Assets/CK3Map/Data/Source/game/localization/english/dlc/bp2/dlc_bp2_eccentric_events_l_english.yml,19891,2026-06-10T10:26:06.3859648Z
game/localization/english/dlc/bp2/dlc_bp2_hostage_loyalty_events_l_english.yml,Assets/CK3Map/Data/Source/game/localization/english/dlc/bp2/dlc_bp2_hostage_loyalty_events_l_english.yml,10667,2026-06-10T10:25:53.5562759Z
game/localization/english/dlc/bp2/dlc_bp2_hostage_system_events_l_english.yml,Assets/CK3Map/Data/Source/game/localization/english/dlc/bp2/dlc_bp2_hostage_system_events_l_english.yml,26474,2026-06-10T10:25:24.5793391Z
game/localization/english/dlc/bp2/dlc_bp2_memories_l_english.yml,Assets/CK3Map/Data/Source/game/localization/english/dlc/bp2/dlc_bp2_memories_l_english.yml,552,2026-06-10T10:26:54.2700489Z
game/localization/english/dlc/bp2/dlc_bp2_modifiers_l_english.yml,Assets/CK3Map/Data/Source/game/localization/english/dlc/bp2/dlc_bp2_modifiers_l_english.yml,615,2026-06-10T10:26:24.3590663Z
game/localization/english/dlc/bp2/dlc_bp2_music_l_english.yml,Assets/CK3Map/Data/Source/game/localization/english/dlc/bp2/dlc_bp2_music_l_english.yml,68,2026-06-10T10:25:53.5541984Z
game/localization/english/dlc/bp2/dlc_bp2_opinions_l_english.yml,Assets/CK3Map/Data/Source/game/localization/english/dlc/bp2/dlc_bp2_opinions_l_english.yml,254,2026-06-10T10:25:31.3033342Z
game/localization/english/dlc/bp2/dlc_bp2_yearly_0_5_l_english.yml,Assets/CK3Map/Data/Source/game/localization/english/dlc/bp2/dlc_bp2_yearly_0_5_l_english.yml,33068,2026-06-10T10:27:13.6227948Z
game/localization/english/dlc/bp2/dlc_bp2_yearly_1_events_l_english.yml,Assets/CK3Map/Data/Source/game/localization/english/dlc/bp2/dlc_bp2_yearly_1_events_l_english.yml,48650,2026-06-10T10:26:16.6832294Z
game/localization/english/dlc/bp2/dlc_bp2_yearly_2_l_english.yml,Assets/CK3Map/Data/Source/game/localization/english/dlc/bp2/dlc_bp2_yearly_2_l_english.yml,32129,2026-06-10T10:25:53.5441569Z
game/localization/english/dlc/bp2/dlc_bp2_yearly_3_l_english.yml,Assets/CK3Map/Data/Source/game/localization/english/dlc/bp2/dlc_bp2_yearly_3_l_english.yml,2846,2026-06-10T10:26:44.8813642Z
game/localization/english/dlc/bp2/dlc_bp2_yearly_4_l_english.yml,Assets/CK3Map/Data/Source/game/localization/english/dlc/bp2/dlc_bp2_yearly_4_l_english.yml,25201,2026-06-10T10:26:38.9018286Z
game/localization/english/dlc/bp2/dlc_bp2_yearly_5_l_english.yml,Assets/CK3Map/Data/Source/game/localization/english/dlc/bp2/dlc_bp2_yearly_5_l_english.yml,24226,2026-06-10T10:25:53.5573527Z
game/localization/english/dlc/bp2/dlc_bp2_yearly_6_l_english.yml,Assets/CK3Map/Data/Source/game/localization/english/dlc/bp2/dlc_bp2_yearly_6_l_english.yml,80814,2026-06-10T10:26:39.0296901Z
game/localization/english/dlc/bp2/dlc_bp2_yearly_events_8000_l_english.yml,Assets/CK3Map/Data/Source/game/localization/english/dlc/bp2/dlc_bp2_yearly_events_8000_l_english.yml,15412,2026-06-10T10:26:54.2705580Z
game/localization/english/dlc/bp2/dlc_bp2_yearly_extra_l_english.yml,Assets/CK3Map/Data/Source/game/localization/english/dlc/bp2/dlc_bp2_yearly_extra_l_english.yml,754,2026-06-10T10:26:29.4582489Z
game/localization/english/dlc/bp3/bp3_decisions_l_english.yml,Assets/CK3Map/Data/Source/game/localization/english/dlc/bp3/bp3_decisions_l_english.yml,2950,2026-06-10T10:25:24.5772674Z
game/localization/english/dlc/bp3/bp3_experimental_brew_l_english.yml,Assets/CK3Map/Data/Source/game/localization/english/dlc/bp3/bp3_experimental_brew_l_english.yml,11256,2026-06-10T10:26:24.3544176Z
game/localization/english/dlc/bp3/bp3_travel_events_l_english.yml,Assets/CK3Map/Data/Source/game/localization/english/dlc/bp3/bp3_travel_events_l_english.yml,39424,2026-06-10T10:26:29.1682527Z
game/localization/english/dlc/ce1/ce1_buildings_l_english.yml,Assets/CK3Map/Data/Source/game/localization/english/dlc/ce1/ce1_buildings_l_english.yml,6242,2026-06-10T10:26:31.2648486Z
game/localization/english/dlc/ce1/ce1_epidemics_l_english.yml,Assets/CK3Map/Data/Source/game/localization/english/dlc/ce1/ce1_epidemics_l_english.yml,12179,2026-06-10T10:26:54.2710692Z
game/localization/english/dlc/ce1/ce1_epidemic_events_l_english.yml,Assets/CK3Map/Data/Source/game/localization/english/dlc/ce1/ce1_epidemic_events_l_english.yml,65160,2026-06-10T10:26:24.3595820Z
game/localization/english/dlc/ce1/ce1_epidemic_physician_events_l_english.yml,Assets/CK3Map/Data/Source/game/localization/english/dlc/ce1/ce1_epidemic_physician_events_l_english.yml,9663,2026-06-10T10:25:57.2592722Z
game/localization/english/dlc/ce1/ce1_feast_l_english.yml,Assets/CK3Map/Data/Source/game/localization/english/dlc/ce1/ce1_feast_l_english.yml,2580,2026-06-10T10:26:06.3823600Z
game/localization/english/dlc/ce1/ce1_innovations_l_english.yml,Assets/CK3Map/Data/Source/game/localization/english/dlc/ce1/ce1_innovations_l_english.yml,386,2026-06-10T10:26:24.3549307Z
game/localization/english/dlc/ce1/ce1_interactions_l_english.yml,Assets/CK3Map/Data/Source/game/localization/english/dlc/ce1/ce1_interactions_l_english.yml,1774,2026-06-10T10:26:44.8793027Z
game/localization/english/dlc/ce1/ce1_legacies_l_english.yml,Assets/CK3Map/Data/Source/game/localization/english/dlc/ce1/ce1_legacies_l_english.yml,2649,2026-06-10T10:26:06.3854478Z
game/localization/english/dlc/ce1/ce1_legendary_decisions_l_english.yml,Assets/CK3Map/Data/Source/game/localization/english/dlc/ce1/ce1_legendary_decisions_l_english.yml,13757,2026-06-10T10:26:16.6832294Z
game/localization/english/dlc/ce1/ce1_legend_ending_events_l_english.yml,Assets/CK3Map/Data/Source/game/localization/english/dlc/ce1/ce1_legend_ending_events_l_english.yml,3633,2026-06-10T10:26:19.3191119Z
game/localization/english/dlc/ce1/ce1_legend_spread_events_l_english.yml,Assets/CK3Map/Data/Source/game/localization/english/dlc/ce1/ce1_legend_spread_events_l_english.yml,109546,2026-06-10T10:26:06.3854478Z
game/localization/english/dlc/ce1/ce1_legitimacy_l_english.yml,Assets/CK3Map/Data/Source/game/localization/english/dlc/ce1/ce1_legitimacy_l_english.yml,8338,2026-06-10T10:26:19.3174863Z
game/localization/english/dlc/ce1/ce1_modifiers_l_english.yml,Assets/CK3Map/Data/Source/game/localization/english/dlc/ce1/ce1_modifiers_l_english.yml,34230,2026-06-10T10:27:13.6196548Z
game/localization/english/dlc/ce1/dlc_ce1_achievements_l_english.yml,Assets/CK3Map/Data/Source/game/localization/english/dlc/ce1/dlc_ce1_achievements_l_english.yml,2013,2026-06-10T10:27:13.6222792Z
game/localization/english/dlc/ce1/dlc_ce1_music_l_english.yml,Assets/CK3Map/Data/Source/game/localization/english/dlc/ce1/dlc_ce1_music_l_english.yml,69,2026-06-10T10:26:06.3854478Z
game/localization/english/dlc/ce1/legends_l_english.yml,Assets/CK3Map/Data/Source/game/localization/english/dlc/ce1/legends_l_english.yml,97668,2026-06-10T10:25:24.5793391Z
game/localization/english/dlc/cp3/ccp3_localization_l_english.yml,Assets/CK3Map/Data/Source/game/localization/english/dlc/cp3/ccp3_localization_l_english.yml,14571,2026-06-10T10:26:16.6832294Z
game/localization/english/dlc/cp6/ccp6_localization_l_english.yml,Assets/CK3Map/Data/Source/game/localization/english/dlc/cp6/ccp6_localization_l_english.yml,5624,2026-06-10T10:27:18.3092594Z
game/localization/english/dlc/cp8/cp8_localization_l_english.yml,Assets/CK3Map/Data/Source/game/localization/english/dlc/cp8/cp8_localization_l_english.yml,12728,2026-06-10T10:25:53.5434740Z
game/localization/english/dlc/ep1/dlc_ep1_achievements_l_english.yml,Assets/CK3Map/Data/Source/game/localization/english/dlc/ep1/dlc_ep1_achievements_l_english.yml,10869,2026-06-10T10:26:16.6837450Z
game/localization/english/dlc/ep1/dlc_ep1_character_interaction_events_l_english.yml,Assets/CK3Map/Data/Source/game/localization/english/dlc/ep1/dlc_ep1_character_interaction_events_l_english.yml,6700,2026-06-10T10:26:06.3833883Z
game/localization/english/dlc/ep1/dlc_ep1_character_triggers_l_english.yml,Assets/CK3Map/Data/Source/game/localization/english/dlc/ep1/dlc_ep1_character_triggers_l_english.yml,101,2026-06-10T10:26:29.7543010Z
game/localization/english/dlc/ep1/dlc_ep1_court_events_new_l_english.yml,Assets/CK3Map/Data/Source/game/localization/english/dlc/ep1/dlc_ep1_court_events_new_l_english.yml,1552,2026-06-10T10:26:54.2705580Z
game/localization/english/dlc/ep1/dlc_ep1_court_position_events_l_english.yml,Assets/CK3Map/Data/Source/game/localization/english/dlc/ep1/dlc_ep1_court_position_events_l_english.yml,3097,2026-06-10T10:25:53.5434740Z
game/localization/english/dlc/ep1/dlc_ep1_court_types_l_english.yml,Assets/CK3Map/Data/Source/game/localization/english/dlc/ep1/dlc_ep1_court_types_l_english.yml,4400,2026-06-10T10:26:19.3227176Z
game/localization/english/dlc/ep1/dlc_ep1_custom_loc_l_english.yml,Assets/CK3Map/Data/Source/game/localization/english/dlc/ep1/dlc_ep1_custom_loc_l_english.yml,7411,2026-06-10T10:26:42.6912227Z
game/localization/english/dlc/ep1/dlc_ep1_decisions_l_english.yml,Assets/CK3Map/Data/Source/game/localization/english/dlc/ep1/dlc_ep1_decisions_l_english.yml,3236,2026-06-10T10:26:06.3854478Z
game/localization/english/dlc/ep1/dlc_ep1_decision_events_l_english.yml,Assets/CK3Map/Data/Source/game/localization/english/dlc/ep1/dlc_ep1_decision_events_l_english.yml,4444,2026-06-10T10:26:24.3595820Z
game/localization/english/dlc/ep1/dlc_ep1_flavor_events_l_english.yml,Assets/CK3Map/Data/Source/game/localization/english/dlc/ep1/dlc_ep1_flavor_events_l_english.yml,42109,2026-06-10T10:26:38.0184373Z
game/localization/english/dlc/ep1/dlc_ep1_fund_inspiration_events_l_english.yml,Assets/CK3Map/Data/Source/game/localization/english/dlc/ep1/dlc_ep1_fund_inspiration_events_l_english.yml,150822,2026-06-10T10:26:06.3864977Z
game/localization/english/dlc/ep1/dlc_ep1_game_concepts_l_english.yml,Assets/CK3Map/Data/Source/game/localization/english/dlc/ep1/dlc_ep1_game_concepts_l_english.yml,14987,2026-06-10T10:26:24.3590663Z
game/localization/english/dlc/ep1/dlc_ep1_hold_court_events_l_english.yml,Assets/CK3Map/Data/Source/game/localization/english/dlc/ep1/dlc_ep1_hold_court_events_l_english.yml,1664,2026-06-10T10:26:24.3544176Z
game/localization/english/dlc/ep1/dlc_ep1_inspirations_l_english.yml,Assets/CK3Map/Data/Source/game/localization/english/dlc/ep1/dlc_ep1_inspirations_l_english.yml,9231,2026-06-10T10:25:53.5500637Z
game/localization/english/dlc/ep1/dlc_ep1_interactions_l_english.yml,Assets/CK3Map/Data/Source/game/localization/english/dlc/ep1/dlc_ep1_interactions_l_english.yml,1338,2026-06-10T10:26:28.9085943Z
game/localization/english/dlc/ep1/dlc_ep1_legacies_l_english.yml,Assets/CK3Map/Data/Source/game/localization/english/dlc/ep1/dlc_ep1_legacies_l_english.yml,1344,2026-06-10T10:26:19.3279909Z
game/localization/english/dlc/ep1/dlc_ep1_modifiers_l_english.yml,Assets/CK3Map/Data/Source/game/localization/english/dlc/ep1/dlc_ep1_modifiers_l_english.yml,2405,2026-06-10T10:26:54.2981365Z
game/localization/english/dlc/ep1/dlc_ep1_music_l_english.yml,Assets/CK3Map/Data/Source/game/localization/english/dlc/ep1/dlc_ep1_music_l_english.yml,567,2026-06-10T10:26:24.3595820Z
game/localization/english/dlc/ep1/dlc_ep1_notification_events_l_english.yml,Assets/CK3Map/Data/Source/game/localization/english/dlc/ep1/dlc_ep1_notification_events_l_english.yml,695,2026-06-10T10:27:11.4543848Z
game/localization/english/dlc/ep1/dlc_ep1_opinions_l_english.yml,Assets/CK3Map/Data/Source/game/localization/english/dlc/ep1/dlc_ep1_opinions_l_english.yml,792,2026-06-10T10:26:28.9640920Z
game/localization/english/dlc/ep1/dlc_ep1_royal_court_triggers_l_english.yml,Assets/CK3Map/Data/Source/game/localization/english/dlc/ep1/dlc_ep1_royal_court_triggers_l_english.yml,1627,2026-06-10T10:27:17.6235329Z
game/localization/english/dlc/ep1/dlc_ep1_schemes_l_english.yml,Assets/CK3Map/Data/Source/game/localization/english/dlc/ep1/dlc_ep1_schemes_l_english.yml,15,2026-06-10T10:26:16.6832294Z
game/localization/english/dlc/ep2/activity_tournament_modifiers_l_english.yml,Assets/CK3Map/Data/Source/game/localization/english/dlc/ep2/activity_tournament_modifiers_l_english.yml,6111,2026-06-10T10:25:57.2592722Z
game/localization/english/dlc/ep2/dlc_ep2_accolade_events_l_english.yml,Assets/CK3Map/Data/Source/game/localization/english/dlc/ep2/dlc_ep2_accolade_events_l_english.yml,5637,2026-06-10T10:26:16.6832294Z
game/localization/english/dlc/ep2/dlc_ep2_activity_guest_invite_rules_l_english.yml,Assets/CK3Map/Data/Source/game/localization/english/dlc/ep2/dlc_ep2_activity_guest_invite_rules_l_english.yml,165,2026-06-10T10:27:13.6212116Z
game/localization/english/dlc/ep2/dlc_ep2_activity_guest_join_chance_modifiers_l_english.yml,Assets/CK3Map/Data/Source/game/localization/english/dlc/ep2/dlc_ep2_activity_guest_join_chance_modifiers_l_english.yml,15745,2026-06-10T10:26:54.2705580Z
game/localization/english/dlc/ep2/dlc_ep2_activity_locale_window_l_english.yml,Assets/CK3Map/Data/Source/game/localization/english/dlc/ep2/dlc_ep2_activity_locale_window_l_english.yml,3284,2026-06-10T10:26:29.3168990Z
game/localization/english/dlc/ep2/dlc_ep2_activity_system_l_english.yml,Assets/CK3Map/Data/Source/game/localization/english/dlc/ep2/dlc_ep2_activity_system_l_english.yml,7449,2026-06-10T10:25:53.5536809Z
game/localization/english/dlc/ep2/dlc_ep2_intents_l_english.yml,Assets/CK3Map/Data/Source/game/localization/english/dlc/ep2/dlc_ep2_intents_l_english.yml,3676,2026-06-10T10:25:53.5434740Z
game/localization/english/dlc/ep2/dlc_ep2_locale_events_l_english.yml,Assets/CK3Map/Data/Source/game/localization/english/dlc/ep2/dlc_ep2_locale_events_l_english.yml,83748,2026-06-10T10:25:57.3134268Z
game/localization/english/dlc/ep2/dlc_ep2_music_l_english.yml,Assets/CK3Map/Data/Source/game/localization/english/dlc/ep2/dlc_ep2_music_l_english.yml,72,2026-06-10T10:26:29.5521540Z
game/localization/english/dlc/ep2/dlc_ep2_tournament_events_l_english.yml,Assets/CK3Map/Data/Source/game/localization/english/dlc/ep2/dlc_ep2_tournament_events_l_english.yml,98986,2026-06-10T10:26:56.9522719Z
game/localization/english/dlc/ep2/dynasty_legacies/dlc_ep2_dynasty_legacies_l_english.yml,Assets/CK3Map/Data/Source/game/localization/english/dlc/ep2/dynasty_legacies/dlc_ep2_dynasty_legacies_l_english.yml,3993,2026-06-10T10:25:53.5469356Z
game/localization/english/dlc/ep2/pulse actions/feast_pulse_actions_l_english.yml,Assets/CK3Map/Data/Source/game/localization/english/dlc/ep2/pulse actions/feast_pulse_actions_l_english.yml,1740,2026-06-10T10:26:44.8808549Z
game/localization/english/dlc/ep2/pulse actions/playdate_actions_l_english.yml,Assets/CK3Map/Data/Source/game/localization/english/dlc/ep2/pulse actions/playdate_actions_l_english.yml,1673,2026-06-10T10:26:39.2444159Z
game/localization/english/dlc/ep2/pulse actions/wedding_pulse_actions_l_english.yml,Assets/CK3Map/Data/Source/game/localization/english/dlc/ep2/pulse actions/wedding_pulse_actions_l_english.yml,3408,2026-06-10T10:26:56.9522719Z
game/localization/english/dlc/ep2/pulse actions/witch_ritual_actions_l_english.yml,Assets/CK3Map/Data/Source/game/localization/english/dlc/ep2/pulse actions/witch_ritual_actions_l_english.yml,1094,2026-06-10T10:26:44.8808549Z
game/localization/english/dlc/ep2/tournament/dlc_ep2_contest_events_l_english.yml,Assets/CK3Map/Data/Source/game/localization/english/dlc/ep2/tournament/dlc_ep2_contest_events_l_english.yml,131599,2026-06-10T10:26:44.8808549Z
game/localization/english/dlc/ep2/tournament/dlc_ep2_tournament_events_l_english.yml,Assets/CK3Map/Data/Source/game/localization/english/dlc/ep2/tournament/dlc_ep2_tournament_events_l_english.yml,110167,2026-06-10T10:26:41.0929894Z
game/localization/english/dlc/ep2/tournament/dlc_ep2_tournament_l_english.yml,Assets/CK3Map/Data/Source/game/localization/english/dlc/ep2/tournament/dlc_ep2_tournament_l_english.yml,76181,2026-06-10T10:26:16.6837450Z
game/localization/english/dlc/ep2/tournament/james_events_l_english.yml,Assets/CK3Map/Data/Source/game/localization/english/dlc/ep2/tournament/james_events_l_english.yml,1689,2026-06-10T10:26:06.3870923Z
game/localization/english/dlc/ep2/tournament/jason_first_race_event_l_english.yml,Assets/CK3Map/Data/Source/game/localization/english/dlc/ep2/tournament/jason_first_race_event_l_english.yml,2323,2026-06-10T10:26:44.8798231Z
game/localization/english/dlc/ep2/tournament/jason_locale_events_l_english.yml,Assets/CK3Map/Data/Source/game/localization/english/dlc/ep2/tournament/jason_locale_events_l_english.yml,19830,2026-06-10T10:25:24.5731494Z
game/localization/english/dlc/ep2/tournament/jason_race_events_l_english.yml,Assets/CK3Map/Data/Source/game/localization/english/dlc/ep2/tournament/jason_race_events_l_english.yml,4095,2026-06-10T10:25:24.5812816Z
game/localization/english/dlc/ep2/tour/dlc_ep2_tour_l_english.yml,Assets/CK3Map/Data/Source/game/localization/english/dlc/ep2/tour/dlc_ep2_tour_l_english.yml,8999,2026-06-10T10:26:16.6842634Z
game/localization/english/dlc/ep2/tour/tour_events_claudia_l_english.yml,Assets/CK3Map/Data/Source/game/localization/english/dlc/ep2/tour/tour_events_claudia_l_english.yml,4892,2026-06-10T10:26:06.4445662Z
game/localization/english/dlc/ep2/tour/tour_events_veronica_l_english.yml,Assets/CK3Map/Data/Source/game/localization/english/dlc/ep2/tour/tour_events_veronica_l_english.yml,71697,2026-06-10T10:27:14.2439474Z
game/localization/english/dlc/ep2/tour/tour_general_events_l_english.yml,Assets/CK3Map/Data/Source/game/localization/english/dlc/ep2/tour/tour_general_events_l_english.yml,30588,2026-06-10T10:25:53.5500637Z
game/localization/english/dlc/ep2/travel/dlc_ep2_travel_l_english.yml,Assets/CK3Map/Data/Source/game/localization/english/dlc/ep2/travel/dlc_ep2_travel_l_english.yml,9992,2026-06-10T10:26:39.2444159Z
game/localization/english/dlc/ep2/travel/dlc_ep2_travel_options_l_english.yml,Assets/CK3Map/Data/Source/game/localization/english/dlc/ep2/travel/dlc_ep2_travel_options_l_english.yml,24260,2026-06-10T10:26:06.4445662Z
game/localization/english/dlc/ep2/wedding/dlc_ep2_wedding_ewan_l_english.yml,Assets/CK3Map/Data/Source/game/localization/english/dlc/ep2/wedding/dlc_ep2_wedding_ewan_l_english.yml,47977,2026-06-10T10:26:54.2715743Z
game/localization/english/dlc/ep2/wedding/dlc_ep2_wedding_l_english.yml,Assets/CK3Map/Data/Source/game/localization/english/dlc/ep2/wedding/dlc_ep2_wedding_l_english.yml,10847,2026-06-10T10:26:24.3590663Z
game/localization/english/dlc/ep2/wedding/ep2_bloody_wedding_events_l_english.yml,Assets/CK3Map/Data/Source/game/localization/english/dlc/ep2/wedding/ep2_bloody_wedding_events_l_english.yml,14324,2026-06-10T10:26:39.5524356Z
game/localization/english/dlc/ep2/wedding/ep2_wedding_events_l_english.yml,Assets/CK3Map/Data/Source/game/localization/english/dlc/ep2/wedding/ep2_wedding_events_l_english.yml,139138,2026-06-10T10:26:35.3537804Z
game/localization/english/dlc/ep2/wedding/ep2_wedding_modifiers_l_english.yml,Assets/CK3Map/Data/Source/game/localization/english/dlc/ep2/wedding/ep2_wedding_modifiers_l_english.yml,7972,2026-06-10T10:26:16.6826644Z
game/localization/english/dlc/ep3/dlc_ep3_camp_party_l_english.yml,Assets/CK3Map/Data/Source/game/localization/english/dlc/ep3/dlc_ep3_camp_party_l_english.yml,37595,2026-06-10T10:26:29.7596319Z
game/localization/english/dlc/ep3/dlc_ep3_chariot_race_actions_l_english.yml,Assets/CK3Map/Data/Source/game/localization/english/dlc/ep3/dlc_ep3_chariot_race_actions_l_english.yml,793,2026-06-10T10:26:39.0291750Z
game/localization/english/dlc/ep3/dlc_ep3_decisions_l_english.yml,Assets/CK3Map/Data/Source/game/localization/english/dlc/ep3/dlc_ep3_decisions_l_english.yml,179901,2026-06-10T10:27:17.6543366Z
game/localization/english/dlc/ep3/dlc_ep3_dynasty_legacies_l_english.yml,Assets/CK3Map/Data/Source/game/localization/english/dlc/ep3/dlc_ep3_dynasty_legacies_l_english.yml,2130,2026-06-10T10:27:19.3490282Z
game/localization/english/dlc/ep3/dlc_ep3_game_concepts_l_english.yml,Assets/CK3Map/Data/Source/game/localization/english/dlc/ep3/dlc_ep3_game_concepts_l_english.yml,41262,2026-06-10T10:26:39.2084672Z
game/localization/english/dlc/ep3/dlc_ep3_hasan_l_english.yml,Assets/CK3Map/Data/Source/game/localization/english/dlc/ep3/dlc_ep3_hasan_l_english.yml,11636,2026-06-10T10:25:24.5793391Z
game/localization/english/dlc/ep3/dlc_ep3_roman_restoration_events_l_english.yml,Assets/CK3Map/Data/Source/game/localization/english/dlc/ep3/dlc_ep3_roman_restoration_events_l_english.yml,7088,2026-06-10T10:26:39.1575468Z
game/localization/english/dlc/ep3/dlc_ep3_violet_poet_l_english.yml,Assets/CK3Map/Data/Source/game/localization/english/dlc/ep3/dlc_ep3_violet_poet_l_english.yml,21319,2026-06-10T10:27:11.4554617Z
game/localization/english/dlc/ep3/dlc_ep3_wars_l_english.yml,Assets/CK3Map/Data/Source/game/localization/english/dlc/ep3/dlc_ep3_wars_l_english.yml,10247,2026-06-10T10:25:53.5648532Z
game/localization/english/dlc/ep3/ep3_activity_chariot_race_events_ongoing_jp_l_english.yml,Assets/CK3Map/Data/Source/game/localization/english/dlc/ep3/ep3_activity_chariot_race_events_ongoing_jp_l_english.yml,20695,2026-06-10T10:26:44.8952086Z
game/localization/english/dlc/ep3/ep3_activity_chariot_race_l_english.yml,Assets/CK3Map/Data/Source/game/localization/english/dlc/ep3/ep3_activity_chariot_race_l_english.yml,84528,2026-06-10T10:25:57.3778582Z
game/localization/english/dlc/ep3/ep3_admin_l_english.yml,Assets/CK3Map/Data/Source/game/localization/english/dlc/ep3/ep3_admin_l_english.yml,28435,2026-06-10T10:26:44.8808549Z
game/localization/english/dlc/ep3/ep3_akolouthos_events_3_l_english.yml,Assets/CK3Map/Data/Source/game/localization/english/dlc/ep3/ep3_akolouthos_events_3_l_english.yml,759,2026-06-10T10:26:45.2520107Z
game/localization/english/dlc/ep3/ep3_councillor_events_l_english.yml,Assets/CK3Map/Data/Source/game/localization/english/dlc/ep3/ep3_councillor_events_l_english.yml,309,2026-06-10T10:26:24.3628878Z
game/localization/english/dlc/ep3/ep3_emperor_yearly_2_l_english.yml,Assets/CK3Map/Data/Source/game/localization/english/dlc/ep3/ep3_emperor_yearly_2_l_english.yml,55185,2026-06-10T10:25:57.3778582Z
game/localization/english/dlc/ep3/ep3_emperor_yearly_3_l_english.yml,Assets/CK3Map/Data/Source/game/localization/english/dlc/ep3/ep3_emperor_yearly_3_l_english.yml,6979,2026-06-10T10:27:06.3102970Z
game/localization/english/dlc/ep3/ep3_emperor_yearly_8_l_english.yml,Assets/CK3Map/Data/Source/game/localization/english/dlc/ep3/ep3_emperor_yearly_8_l_english.yml,10812,2026-06-10T10:26:29.0473336Z
game/localization/english/dlc/ep3/ep3_eparch_events_l_english.yml,Assets/CK3Map/Data/Source/game/localization/english/dlc/ep3/ep3_eparch_events_l_english.yml,11525,2026-06-10T10:25:53.5446686Z
game/localization/english/dlc/ep3/ep3_frankokratia_events_l_english.yml,Assets/CK3Map/Data/Source/game/localization/english/dlc/ep3/ep3_frankokratia_events_l_english.yml,50643,2026-06-10T10:25:53.5648532Z
game/localization/english/dlc/ep3/ep3_governance_l_english.yml,Assets/CK3Map/Data/Source/game/localization/english/dlc/ep3/ep3_governance_l_english.yml,66017,2026-06-10T10:26:45.2535570Z
game/localization/english/dlc/ep3/ep3_governor_yearly_3_l_english.yml,Assets/CK3Map/Data/Source/game/localization/english/dlc/ep3/ep3_governor_yearly_3_l_english.yml,44654,2026-06-10T10:25:53.5648532Z
game/localization/english/dlc/ep3/ep3_governor_yearly_8_l_english.yml,Assets/CK3Map/Data/Source/game/localization/english/dlc/ep3/ep3_governor_yearly_8_l_english.yml,24808,2026-06-10T10:26:24.3539007Z
game/localization/english/dlc/ep3/ep3_interactions_l_english.yml,Assets/CK3Map/Data/Source/game/localization/english/dlc/ep3/ep3_interactions_l_english.yml,125788,2026-06-10T10:26:06.4450799Z
game/localization/english/dlc/ep3/ep3_laamps_8_l_english.yml,Assets/CK3Map/Data/Source/game/localization/english/dlc/ep3/ep3_laamps_8_l_english.yml,32442,2026-06-10T10:26:45.2520107Z
game/localization/english/dlc/ep3/ep3_laamps_l_english.yml,Assets/CK3Map/Data/Source/game/localization/english/dlc/ep3/ep3_laamps_l_english.yml,10090,2026-06-10T10:26:45.2525284Z
game/localization/english/dlc/ep3/ep3_laamps_provisions_l_english.yml,Assets/CK3Map/Data/Source/game/localization/english/dlc/ep3/ep3_laamps_provisions_l_english.yml,8758,2026-06-10T10:26:54.2705580Z
game/localization/english/dlc/ep3/ep3_laamp_decision_events_l_english.yml,Assets/CK3Map/Data/Source/game/localization/english/dlc/ep3/ep3_laamp_decision_events_l_english.yml,174827,2026-06-10T10:26:06.4445662Z
game/localization/english/dlc/ep3/ep3_laamp_flavor_l_english.yml,Assets/CK3Map/Data/Source/game/localization/english/dlc/ep3/ep3_laamp_flavor_l_english.yml,16975,2026-06-10T10:26:42.4106956Z
game/localization/english/dlc/ep3/ep3_landless_admin_l_english.yml,Assets/CK3Map/Data/Source/game/localization/english/dlc/ep3/ep3_landless_admin_l_english.yml,8849,2026-06-10T10:26:19.3174863Z
game/localization/english/dlc/ep3/ep3_lifestyle_perks_l_english.yml,Assets/CK3Map/Data/Source/game/localization/english/dlc/ep3/ep3_lifestyle_perks_l_english.yml,1385,2026-06-10T10:27:14.2439474Z
game/localization/english/dlc/ep3/ep3_memories_l_english.yml,Assets/CK3Map/Data/Source/game/localization/english/dlc/ep3/ep3_memories_l_english.yml,11099,2026-06-10T10:26:54.2710692Z
game/localization/english/dlc/ep3/ep3_modifiers_l_english.yml,Assets/CK3Map/Data/Source/game/localization/english/dlc/ep3/ep3_modifiers_l_english.yml,51684,2026-06-10T10:25:53.5643410Z
game/localization/english/dlc/ep3/ep3_petition_l_english.yml,Assets/CK3Map/Data/Source/game/localization/english/dlc/ep3/ep3_petition_l_english.yml,7977,2026-06-10T10:26:16.6837450Z
game/localization/english/dlc/ep3/ep3_powerful_families_8_l_english.yml,Assets/CK3Map/Data/Source/game/localization/english/dlc/ep3/ep3_powerful_families_8_l_english.yml,13889,2026-06-10T10:26:06.4445662Z
game/localization/english/dlc/ep3/ep3_schemes_l_english.yml,Assets/CK3Map/Data/Source/game/localization/english/dlc/ep3/ep3_schemes_l_english.yml,83698,2026-06-10T10:26:24.3585560Z
game/localization/english/dlc/ep3/ep3_story_cycle_admin_eunuch_l_english.yml,Assets/CK3Map/Data/Source/game/localization/english/dlc/ep3/ep3_story_cycle_admin_eunuch_l_english.yml,35204,2026-06-10T10:26:30.3268229Z
game/localization/english/dlc/ep3/ep3_story_cycle_el_cid_l_english.yml,Assets/CK3Map/Data/Source/game/localization/english/dlc/ep3/ep3_story_cycle_el_cid_l_english.yml,14420,2026-06-10T10:26:54.2981365Z
game/localization/english/dlc/ep3/ep3_story_cycle_grand_ambitions_l_english.yml,Assets/CK3Map/Data/Source/game/localization/english/dlc/ep3/ep3_story_cycle_grand_ambitions_l_english.yml,27863,2026-06-10T10:26:39.5939713Z
game/localization/english/dlc/ep3/ep3_travel_events_3_l_english.yml,Assets/CK3Map/Data/Source/game/localization/english/dlc/ep3/ep3_travel_events_3_l_english.yml,13383,2026-06-10T10:27:17.6538144Z
game/localization/english/dlc/ep3/ep3_travel_events_8_l_english.yml,Assets/CK3Map/Data/Source/game/localization/english/dlc/ep3/ep3_travel_events_8_l_english.yml,4705,2026-06-10T10:25:24.5731494Z
game/localization/english/dlc/ep3/ep3_wedding_events_l_english.yml,Assets/CK3Map/Data/Source/game/localization/english/dlc/ep3/ep3_wedding_events_l_english.yml,8040,2026-06-10T10:26:29.5400892Z
game/localization/english/dlc/ep3/ep3_yearly_events_1_l_english.yml,Assets/CK3Map/Data/Source/game/localization/english/dlc/ep3/ep3_yearly_events_1_l_english.yml,2439,2026-06-10T10:26:16.6832294Z
game/localization/english/dlc/fp1/dlc_fp1_achievements_l_english.yml,Assets/CK3Map/Data/Source/game/localization/english/dlc/fp1/dlc_fp1_achievements_l_english.yml,6564,2026-06-10T10:26:19.3169731Z
game/localization/english/dlc/fp1/dlc_fp1_cultural_innovations_l_english.yml,Assets/CK3Map/Data/Source/game/localization/english/dlc/fp1/dlc_fp1_cultural_innovations_l_english.yml,1078,2026-06-10T10:26:19.3206517Z
game/localization/english/dlc/fp1/dlc_fp1_custom_loc_l_english.yml,Assets/CK3Map/Data/Source/game/localization/english/dlc/fp1/dlc_fp1_custom_loc_l_english.yml,24313,2026-06-10T10:26:39.0302051Z
game/localization/english/dlc/fp1/dlc_fp1_decisions_l_english.yml,Assets/CK3Map/Data/Source/game/localization/english/dlc/fp1/dlc_fp1_decisions_l_english.yml,7107,2026-06-10T10:26:39.0338972Z
game/localization/english/dlc/fp1/dlc_fp1_game_concepts_l_english.yml,Assets/CK3Map/Data/Source/game/localization/english/dlc/fp1/dlc_fp1_game_concepts_l_english.yml,3791,2026-06-10T10:26:06.4445662Z
game/localization/english/dlc/fp1/dlc_fp1_governments_l_english.yml,Assets/CK3Map/Data/Source/game/localization/english/dlc/fp1/dlc_fp1_governments_l_english.yml,140,2026-06-10T10:25:57.3778582Z
game/localization/english/dlc/fp1/dlc_fp1_important_actions_l_english.yml,Assets/CK3Map/Data/Source/game/localization/english/dlc/fp1/dlc_fp1_important_actions_l_english.yml,3387,2026-06-10T10:26:06.4512771Z
game/localization/english/dlc/fp1/dlc_fp1_interactions_l_english.yml,Assets/CK3Map/Data/Source/game/localization/english/dlc/fp1/dlc_fp1_interactions_l_english.yml,6535,2026-06-10T10:25:57.3778582Z
game/localization/english/dlc/fp1/dlc_fp1_jomsviking_events_l_english.yml,Assets/CK3Map/Data/Source/game/localization/english/dlc/fp1/dlc_fp1_jomsviking_events_l_english.yml,9247,2026-06-10T10:25:24.5833436Z
game/localization/english/dlc/fp1/dlc_fp1_legacies_l_english.yml,Assets/CK3Map/Data/Source/game/localization/english/dlc/fp1/dlc_fp1_legacies_l_english.yml,830,2026-06-10T10:25:53.5648532Z
game/localization/english/dlc/fp1/dlc_fp1_major_decisions_events_l_english.yml,Assets/CK3Map/Data/Source/game/localization/english/dlc/fp1/dlc_fp1_major_decisions_events_l_english.yml,15327,2026-06-10T10:25:24.5783134Z
game/localization/english/dlc/fp1/dlc_fp1_modifiers_l_english.yml,Assets/CK3Map/Data/Source/game/localization/english/dlc/fp1/dlc_fp1_modifiers_l_english.yml,18149,2026-06-10T10:25:24.5798514Z
game/localization/english/dlc/fp1/dlc_fp1_music_l_english.yml,Assets/CK3Map/Data/Source/game/localization/english/dlc/fp1/dlc_fp1_music_l_english.yml,252,2026-06-10T10:26:16.7058094Z
game/localization/english/dlc/fp1/dlc_fp1_opinions_l_english.yml,Assets/CK3Map/Data/Source/game/localization/english/dlc/fp1/dlc_fp1_opinions_l_english.yml,1406,2026-06-10T10:26:16.6832294Z
game/localization/english/dlc/fp1/dlc_fp1_other_decisions_events_l_english.yml,Assets/CK3Map/Data/Source/game/localization/english/dlc/fp1/dlc_fp1_other_decisions_events_l_english.yml,25811,2026-06-10T10:26:16.6837450Z
game/localization/english/dlc/fp1/dlc_fp1_regiment_l_english.yml,Assets/CK3Map/Data/Source/game/localization/english/dlc/fp1/dlc_fp1_regiment_l_english.yml,911,2026-06-10T10:26:24.3603214Z
game/localization/english/dlc/fp1/dlc_fp1_shieldmaiden_events_l_english.yml,Assets/CK3Map/Data/Source/game/localization/english/dlc/fp1/dlc_fp1_shieldmaiden_events_l_english.yml,11463,2026-06-10T10:25:53.5573527Z
game/localization/english/dlc/fp1/dlc_fp1_trade_events_l_english.yml,Assets/CK3Map/Data/Source/game/localization/english/dlc/fp1/dlc_fp1_trade_events_l_english.yml,12093,2026-06-10T10:25:57.3786447Z
game/localization/english/dlc/fp1/dlc_fp1_trial_by_combat_events_l_english.yml,Assets/CK3Map/Data/Source/game/localization/english/dlc/fp1/dlc_fp1_trial_by_combat_events_l_english.yml,9073,2026-06-10T10:25:53.5557537Z
game/localization/english/dlc/fp1/dlc_fp1_wars_l_english.yml,Assets/CK3Map/Data/Source/game/localization/english/dlc/fp1/dlc_fp1_wars_l_english.yml,2347,2026-06-10T10:26:32.2933156Z
game/localization/english/dlc/fp1/dlc_fp1_yearly_events_l_english.yml,Assets/CK3Map/Data/Source/game/localization/english/dlc/fp1/dlc_fp1_yearly_events_l_english.yml,78065,2026-06-10T10:25:53.5541984Z
game/localization/english/dlc/fp1/dlc_fp1_yearly_events_oltner_l_english.yml,Assets/CK3Map/Data/Source/game/localization/english/dlc/fp1/dlc_fp1_yearly_events_oltner_l_english.yml,15753,2026-06-10T10:26:16.7154774Z
game/localization/english/dlc/fp2/dlc_fp2_achievements_l_english.yml,Assets/CK3Map/Data/Source/game/localization/english/dlc/fp2/dlc_fp2_achievements_l_english.yml,2154,2026-06-10T10:27:17.6224966Z
game/localization/english/dlc/fp2/dlc_fp2_artifacts_l_english.yml,Assets/CK3Map/Data/Source/game/localization/english/dlc/fp2/dlc_fp2_artifacts_l_english.yml,3486,2026-06-10T10:25:24.5793391Z
game/localization/english/dlc/fp2/dlc_fp2_character_interactions_l_english.yml,Assets/CK3Map/Data/Source/game/localization/english/dlc/fp2/dlc_fp2_character_interactions_l_english.yml,14040,2026-06-10T10:26:54.2705580Z
game/localization/english/dlc/fp2/dlc_fp2_cultural_traditions_l_english.yml,Assets/CK3Map/Data/Source/game/localization/english/dlc/fp2/dlc_fp2_cultural_traditions_l_english.yml,22021,2026-06-10T10:26:45.2520107Z
game/localization/english/dlc/fp2/dlc_fp2_events_amalgamated_l_english.yml,Assets/CK3Map/Data/Source/game/localization/english/dlc/fp2/dlc_fp2_events_amalgamated_l_english.yml,124124,2026-06-10T10:25:53.5976335Z
game/localization/english/dlc/fp2/dlc_fp2_game_concepts_l_english.yml,Assets/CK3Map/Data/Source/game/localization/english/dlc/fp2/dlc_fp2_game_concepts_l_english.yml,15553,2026-06-10T10:26:45.2520107Z
game/localization/english/dlc/fp2/dlc_fp2_important_actions_l_english.yml,Assets/CK3Map/Data/Source/game/localization/english/dlc/fp2/dlc_fp2_important_actions_l_english.yml,2723,2026-06-10T10:26:30.0841463Z
game/localization/english/dlc/fp2/dlc_fp2_legacies_l_english.yml,Assets/CK3Map/Data/Source/game/localization/english/dlc/fp2/dlc_fp2_legacies_l_english.yml,4209,2026-06-10T10:26:24.3544176Z
game/localization/english/dlc/fp2/dlc_fp2_lyonese_monk_events_l_english.yml,Assets/CK3Map/Data/Source/game/localization/english/dlc/fp2/dlc_fp2_lyonese_monk_events_l_english.yml,31689,2026-06-10T10:25:57.3786447Z
game/localization/english/dlc/fp2/dlc_fp2_major_decisions_l_english.yml,Assets/CK3Map/Data/Source/game/localization/english/dlc/fp2/dlc_fp2_major_decisions_l_english.yml,849,2026-06-10T10:26:24.3580406Z
game/localization/english/dlc/fp2/dlc_fp2_music_l_english.yml,Assets/CK3Map/Data/Source/game/localization/english/dlc/fp2/dlc_fp2_music_l_english.yml,65,2026-06-10T10:26:39.4864298Z
game/localization/english/dlc/fp2/dlc_fp2_opinions_l_english.yml,Assets/CK3Map/Data/Source/game/localization/english/dlc/fp2/dlc_fp2_opinions_l_english.yml,369,2026-06-10T10:26:16.6832294Z
game/localization/english/dlc/fp2/dlc_fp2_other_decisions_l_english.yml,Assets/CK3Map/Data/Source/game/localization/english/dlc/fp2/dlc_fp2_other_decisions_l_english.yml,24656,2026-06-10T10:26:16.6837450Z
game/localization/english/dlc/fp2/dlc_fp2_struggle_ending_decisions_l_english.yml,Assets/CK3Map/Data/Source/game/localization/english/dlc/fp2/dlc_fp2_struggle_ending_decisions_l_english.yml,14063,2026-06-10T10:25:57.3778582Z
game/localization/english/dlc/fp2/dlc_fp2_wars_l_english.yml,Assets/CK3Map/Data/Source/game/localization/english/dlc/fp2/dlc_fp2_wars_l_english.yml,3817,2026-06-10T10:26:54.2710692Z
game/localization/english/dlc/fp3/dlc_fp3_achievements_l_english.yml,Assets/CK3Map/Data/Source/game/localization/english/dlc/fp3/dlc_fp3_achievements_l_english.yml,2425,2026-06-10T10:25:24.5812816Z
game/localization/english/dlc/fp3/dlc_fp3_clan_events_2000_l_english.yml,Assets/CK3Map/Data/Source/game/localization/english/dlc/fp3/dlc_fp3_clan_events_2000_l_english.yml,6803,2026-06-10T10:27:06.3123645Z
game/localization/english/dlc/fp3/dlc_fp3_clan_events_l_english.yml,Assets/CK3Map/Data/Source/game/localization/english/dlc/fp3/dlc_fp3_clan_events_l_english.yml,24405,2026-06-10T10:26:54.2705580Z
game/localization/english/dlc/fp3/dlc_fp3_clan_unity_l_english.yml,Assets/CK3Map/Data/Source/game/localization/english/dlc/fp3/dlc_fp3_clan_unity_l_english.yml,22702,2026-06-10T10:25:57.3791611Z
game/localization/english/dlc/fp3/dlc_fp3_culture_l_english.yml,Assets/CK3Map/Data/Source/game/localization/english/dlc/fp3/dlc_fp3_culture_l_english.yml,8530,2026-06-10T10:25:24.5793391Z
game/localization/english/dlc/fp3/dlc_fp3_decisions_l_english.yml,Assets/CK3Map/Data/Source/game/localization/english/dlc/fp3/dlc_fp3_decisions_l_english.yml,49276,2026-06-10T10:26:54.2996838Z
game/localization/english/dlc/fp3/dlc_fp3_decision_events_l_english.yml,Assets/CK3Map/Data/Source/game/localization/english/dlc/fp3/dlc_fp3_decision_events_l_english.yml,72584,2026-06-10T10:26:19.3201415Z
game/localization/english/dlc/fp3/dlc_fp3_game_concepts_l_english.yml,Assets/CK3Map/Data/Source/game/localization/english/dlc/fp3/dlc_fp3_game_concepts_l_english.yml,5698,2026-06-10T10:26:24.3595820Z
game/localization/english/dlc/fp3/dlc_fp3_interactions_l_english.yml,Assets/CK3Map/Data/Source/game/localization/english/dlc/fp3/dlc_fp3_interactions_l_english.yml,21558,2026-06-10T10:27:19.3500562Z
game/localization/english/dlc/fp3/dlc_fp3_legacies_l_english.yml,Assets/CK3Map/Data/Source/game/localization/english/dlc/fp3/dlc_fp3_legacies_l_english.yml,2022,2026-06-10T10:25:24.5731494Z
game/localization/english/dlc/fp3/dlc_fp3_modifiers_l_english.yml,Assets/CK3Map/Data/Source/game/localization/english/dlc/fp3/dlc_fp3_modifiers_l_english.yml,31656,2026-06-10T10:26:45.3160268Z
game/localization/english/dlc/fp3/dlc_fp3_opinions_l_english.yml,Assets/CK3Map/Data/Source/game/localization/english/dlc/fp3/dlc_fp3_opinions_l_english.yml,3334,2026-06-10T10:26:31.7691562Z
game/localization/english/dlc/fp3/dlc_fp3_secret_faith_l_english.yml,Assets/CK3Map/Data/Source/game/localization/english/dlc/fp3/dlc_fp3_secret_faith_l_english.yml,1767,2026-06-10T10:26:29.0043640Z
game/localization/english/dlc/fp3/dlc_fp3_struggle_l_english.yml,Assets/CK3Map/Data/Source/game/localization/english/dlc/fp3/dlc_fp3_struggle_l_english.yml,2289,2026-06-10T10:26:06.4445662Z
game/localization/english/dlc/fp3/dlc_fp3_tax_collector_flavor_events_l_english.yml,Assets/CK3Map/Data/Source/game/localization/english/dlc/fp3/dlc_fp3_tax_collector_flavor_events_l_english.yml,6123,2026-06-10T10:27:14.2439474Z
game/localization/english/dlc/fp3/dlc_fp3_wars_l_english.yml,Assets/CK3Map/Data/Source/game/localization/english/dlc/fp3/dlc_fp3_wars_l_english.yml,109,2026-06-10T10:25:53.5981478Z
game/localization/english/dlc/fp3/dlc_fp3_yearly_events_l_english.yml,Assets/CK3Map/Data/Source/game/localization/english/dlc/fp3/dlc_fp3_yearly_events_l_english.yml,106323,2026-06-10T10:27:14.2439474Z
game/localization/english/dlc/mpo/dlc_mpo_achievements_l_english.yml,Assets/CK3Map/Data/Source/game/localization/english/dlc/mpo/dlc_mpo_achievements_l_english.yml,1731,2026-06-10T10:25:57.3778582Z
game/localization/english/dlc/mpo/dlc_mpo_dynasty_legacies_l_english.yml,Assets/CK3Map/Data/Source/game/localization/english/dlc/mpo/dlc_mpo_dynasty_legacies_l_english.yml,812,2026-06-10T10:25:24.5788228Z
game/localization/english/dlc/mpo/dlc_mpo_game_concepts_l_english.yml,Assets/CK3Map/Data/Source/game/localization/english/dlc/mpo/dlc_mpo_game_concepts_l_english.yml,26282,2026-06-10T10:26:56.9522719Z
game/localization/english/dlc/mpo/mpo_astrologer_events_l_english.yml,Assets/CK3Map/Data/Source/game/localization/english/dlc/mpo/mpo_astrologer_events_l_english.yml,1352,2026-06-10T10:25:57.3778582Z
game/localization/english/dlc/mpo/mpo_buildings_l_english.yml,Assets/CK3Map/Data/Source/game/localization/english/dlc/mpo/mpo_buildings_l_english.yml,784,2026-06-10T10:26:35.4690534Z
game/localization/english/dlc/mpo/mpo_character_interactions_l_english.yml,Assets/CK3Map/Data/Source/game/localization/english/dlc/mpo/mpo_character_interactions_l_english.yml,995,2026-06-10T10:26:39.1121589Z
game/localization/english/dlc/mpo/mpo_decisions_l_english.yml,Assets/CK3Map/Data/Source/game/localization/english/dlc/mpo/mpo_decisions_l_english.yml,84994,2026-06-10T10:26:54.2991667Z
game/localization/english/dlc/mpo/mpo_events_anna_l_english.yml,Assets/CK3Map/Data/Source/game/localization/english/dlc/mpo/mpo_events_anna_l_english.yml,6932,2026-06-10T10:26:24.3603214Z
game/localization/english/dlc/mpo/mpo_events_tova_l_english.yml,Assets/CK3Map/Data/Source/game/localization/english/dlc/mpo/mpo_events_tova_l_english.yml,13463,2026-06-10T10:26:06.4450799Z
game/localization/english/dlc/mpo/mpo_events_windy_l_english.yml,Assets/CK3Map/Data/Source/game/localization/english/dlc/mpo/mpo_events_windy_l_english.yml,974,2026-06-10T10:26:54.2720876Z
game/localization/english/dlc/mpo/mpo_feast_events_l_english.yml,Assets/CK3Map/Data/Source/game/localization/english/dlc/mpo/mpo_feast_events_l_english.yml,45219,2026-06-10T10:26:30.2466207Z
game/localization/english/dlc/mpo/mpo_flavor_events_settled_l_english.yml,Assets/CK3Map/Data/Source/game/localization/english/dlc/mpo/mpo_flavor_events_settled_l_english.yml,2154,2026-06-10T10:26:06.4450799Z
game/localization/english/dlc/mpo/mpo_interactions_l_english.yml,Assets/CK3Map/Data/Source/game/localization/english/dlc/mpo/mpo_interactions_l_english.yml,63051,2026-06-10T10:26:16.7445821Z
game/localization/english/dlc/mpo/mpo_jamukha_flavor_l_english.yml,Assets/CK3Map/Data/Source/game/localization/english/dlc/mpo/mpo_jamukha_flavor_l_english.yml,5035,2026-06-10T10:26:16.7445821Z
game/localization/english/dlc/mpo/mpo_migration_events_l_english.yml,Assets/CK3Map/Data/Source/game/localization/english/dlc/mpo/mpo_migration_events_l_english.yml,15074,2026-06-10T10:26:39.8705818Z
game/localization/english/dlc/mpo/mpo_migration_l_english.yml,Assets/CK3Map/Data/Source/game/localization/english/dlc/mpo/mpo_migration_l_english.yml,22120,2026-06-10T10:26:45.2520107Z
game/localization/english/dlc/mpo/mpo_migration_travel_events_l_english.yml,Assets/CK3Map/Data/Source/game/localization/english/dlc/mpo/mpo_migration_travel_events_l_english.yml,8368,2026-06-10T10:26:30.3237957Z
game/localization/english/dlc/mpo/mpo_modifiers_l_english.yml,Assets/CK3Map/Data/Source/game/localization/english/dlc/mpo/mpo_modifiers_l_english.yml,1781,2026-06-10T10:26:06.4445662Z
game/localization/english/dlc/mpo/mpo_nerge_l_english.yml,Assets/CK3Map/Data/Source/game/localization/english/dlc/mpo/mpo_nerge_l_english.yml,28377,2026-06-10T10:25:24.5731494Z
game/localization/english/dlc/mpo/mpo_nomads_season_events_l_english.yml,Assets/CK3Map/Data/Source/game/localization/english/dlc/mpo/mpo_nomads_season_events_l_english.yml,4471,2026-06-10T10:26:30.0841463Z
game/localization/english/dlc/mpo/mpo_nomad_events_1_l_english.yml,Assets/CK3Map/Data/Source/game/localization/english/dlc/mpo/mpo_nomad_events_1_l_english.yml,28132,2026-06-10T10:26:06.4445662Z
game/localization/english/dlc/mpo/mpo_nomad_events_l_english.yml,Assets/CK3Map/Data/Source/game/localization/english/dlc/mpo/mpo_nomad_events_l_english.yml,45755,2026-06-10T10:26:16.7445821Z
game/localization/english/dlc/mpo/mpo_nomad_events_oltner_l_english.yml,Assets/CK3Map/Data/Source/game/localization/english/dlc/mpo/mpo_nomad_events_oltner_l_english.yml,24520,2026-06-10T10:25:57.3786447Z
game/localization/english/dlc/mpo/mpo_paiza_system_l_english.yml,Assets/CK3Map/Data/Source/game/localization/english/dlc/mpo/mpo_paiza_system_l_english.yml,22190,2026-06-10T10:25:57.6138476Z
game/localization/english/dlc/mpo/mpo_schemes_l_english.yml,Assets/CK3Map/Data/Source/game/localization/english/dlc/mpo/mpo_schemes_l_english.yml,10949,2026-06-10T10:26:06.4450799Z
game/localization/english/dlc/mpo/mpo_story_cycle_temujin_flavor_l_english.yml,Assets/CK3Map/Data/Source/game/localization/english/dlc/mpo/mpo_story_cycle_temujin_flavor_l_english.yml,5748,2026-06-10T10:26:30.2471528Z
game/localization/english/dlc/mpo/mpo_the_great_steppe_events_l_english.yml,Assets/CK3Map/Data/Source/game/localization/english/dlc/mpo/mpo_the_great_steppe_events_l_english.yml,3067,2026-06-10T10:26:24.3544176Z
game/localization/english/dlc/mpo/mpo_triggers_l_english.yml,Assets/CK3Map/Data/Source/game/localization/english/dlc/mpo/mpo_triggers_l_english.yml,1083,2026-06-10T10:25:24.5812816Z
game/localization/english/dlc/tgp/az_debate_events_l_english.yml,Assets/CK3Map/Data/Source/game/localization/english/dlc/tgp/az_debate_events_l_english.yml,10921,2026-06-10T10:26:54.2705580Z
game/localization/english/dlc/tgp/az_examination_events_l_english.yml,Assets/CK3Map/Data/Source/game/localization/english/dlc/tgp/az_examination_events_l_english.yml,20219,2026-06-10T10:25:57.6184676Z
game/localization/english/dlc/tgp/dlc_tgp_artifact_l_english.yml,Assets/CK3Map/Data/Source/game/localization/english/dlc/tgp/dlc_tgp_artifact_l_english.yml,2284,2026-06-10T10:25:57.6184676Z
game/localization/english/dlc/tgp/dlc_tgp_ceremonial_liege_events_l_english.yml,Assets/CK3Map/Data/Source/game/localization/english/dlc/tgp/dlc_tgp_ceremonial_liege_events_l_english.yml,7642,2026-06-10T10:26:16.7445821Z
game/localization/english/dlc/tgp/dlc_tgp_china_decisions_l_english.yml,Assets/CK3Map/Data/Source/game/localization/english/dlc/tgp/dlc_tgp_china_decisions_l_english.yml,21248,2026-06-10T10:26:45.2520107Z
game/localization/english/dlc/tgp/dlc_tgp_china_decision_events_l_english.yml,Assets/CK3Map/Data/Source/game/localization/english/dlc/tgp/dlc_tgp_china_decision_events_l_english.yml,5490,2026-06-10T10:26:45.2535570Z
game/localization/english/dlc/tgp/dlc_tgp_china_game_concepts_l_english.yml,Assets/CK3Map/Data/Source/game/localization/english/dlc/tgp/dlc_tgp_china_game_concepts_l_english.yml,50043,2026-06-10T10:26:24.3590663Z
game/localization/english/dlc/tgp/dlc_tgp_china_gloss_l_english.yml,Assets/CK3Map/Data/Source/game/localization/english/dlc/tgp/dlc_tgp_china_gloss_l_english.yml,2897,2026-06-10T10:25:57.6179562Z
game/localization/english/dlc/tgp/dlc_tgp_china_wars_l_english.yml,Assets/CK3Map/Data/Source/game/localization/english/dlc/tgp/dlc_tgp_china_wars_l_english.yml,3950,2026-06-10T10:25:57.6148802Z
game/localization/english/dlc/tgp/dlc_tgp_cultural_titles_l_english.yml,Assets/CK3Map/Data/Source/game/localization/english/dlc/tgp/dlc_tgp_cultural_titles_l_english.yml,12809,2026-06-10T10:26:40.5138145Z
game/localization/english/dlc/tgp/dlc_tgp_dynasty_legacies_l_english.yml,Assets/CK3Map/Data/Source/game/localization/english/dlc/tgp/dlc_tgp_dynasty_legacies_l_english.yml,6925,2026-06-10T10:26:56.9522719Z
game/localization/english/dlc/tgp/dlc_tgp_faction_l_english.yml,Assets/CK3Map/Data/Source/game/localization/english/dlc/tgp/dlc_tgp_faction_l_english.yml,47595,2026-06-10T10:26:41.0935016Z
game/localization/english/dlc/tgp/dlc_tgp_game_concepts_l_english.yml,Assets/CK3Map/Data/Source/game/localization/english/dlc/tgp/dlc_tgp_game_concepts_l_english.yml,3131,2026-06-10T10:26:06.4445662Z
game/localization/english/dlc/tgp/dlc_tgp_governance_l_english.yml,Assets/CK3Map/Data/Source/game/localization/english/dlc/tgp/dlc_tgp_governance_l_english.yml,62192,2026-06-10T10:26:55.4608580Z
game/localization/english/dlc/tgp/dlc_tgp_government_l_english.yml,Assets/CK3Map/Data/Source/game/localization/english/dlc/tgp/dlc_tgp_government_l_english.yml,6205,2026-06-10T10:26:19.3216922Z
game/localization/english/dlc/tgp/dlc_tgp_great_projects_l_english.yml,Assets/CK3Map/Data/Source/game/localization/english/dlc/tgp/dlc_tgp_great_projects_l_english.yml,31033,2026-06-10T10:25:53.5991933Z
game/localization/english/dlc/tgp/dlc_tgp_japan_decisions_l_english.yml,Assets/CK3Map/Data/Source/game/localization/english/dlc/tgp/dlc_tgp_japan_decisions_l_english.yml,20064,2026-06-10T10:26:16.7445821Z
game/localization/english/dlc/tgp/dlc_tgp_japan_decision_events_l_english.yml,Assets/CK3Map/Data/Source/game/localization/english/dlc/tgp/dlc_tgp_japan_decision_events_l_english.yml,20052,2026-06-10T10:26:30.0904957Z
game/localization/english/dlc/tgp/dlc_tgp_japan_domicile_types_l_english.yml,Assets/CK3Map/Data/Source/game/localization/english/dlc/tgp/dlc_tgp_japan_domicile_types_l_english.yml,35651,2026-06-10T10:25:57.6179562Z
game/localization/english/dlc/tgp/dlc_tgp_japan_game_concepts_l_english.yml,Assets/CK3Map/Data/Source/game/localization/english/dlc/tgp/dlc_tgp_japan_game_concepts_l_english.yml,8985,2026-06-10T10:26:39.0291750Z
game/localization/english/dlc/tgp/dlc_tgp_japan_general_events_l_english.yml,Assets/CK3Map/Data/Source/game/localization/english/dlc/tgp/dlc_tgp_japan_general_events_l_english.yml,13246,2026-06-10T10:26:39.0318305Z
game/localization/english/dlc/tgp/dlc_tgp_japan_gloss_l_english.yml,Assets/CK3Map/Data/Source/game/localization/english/dlc/tgp/dlc_tgp_japan_gloss_l_english.yml,6686,2026-06-10T10:26:16.7445821Z
game/localization/english/dlc/tgp/dlc_tgp_japan_government_l_english.yml,Assets/CK3Map/Data/Source/game/localization/english/dlc/tgp/dlc_tgp_japan_government_l_english.yml,23091,2026-06-10T10:25:53.5981478Z
game/localization/english/dlc/tgp/dlc_tgp_japan_imperial_policies_l_english.yml,Assets/CK3Map/Data/Source/game/localization/english/dlc/tgp/dlc_tgp_japan_imperial_policies_l_english.yml,2367,2026-06-10T10:26:16.7451024Z
game/localization/english/dlc/tgp/dlc_tgp_japan_opinions_l_english.yml,Assets/CK3Map/Data/Source/game/localization/english/dlc/tgp/dlc_tgp_japan_opinions_l_english.yml,576,2026-06-10T10:26:16.7451024Z
game/localization/english/dlc/tgp/dlc_tgp_japan_religion_l_english.yml,Assets/CK3Map/Data/Source/game/localization/english/dlc/tgp/dlc_tgp_japan_religion_l_english.yml,3913,2026-06-10T10:26:54.2986555Z
game/localization/english/dlc/tgp/dlc_tgp_japan_titles_l_english.yml,Assets/CK3Map/Data/Source/game/localization/english/dlc/tgp/dlc_tgp_japan_titles_l_english.yml,22243,2026-06-10T10:26:56.9527772Z
game/localization/english/dlc/tgp/dlc_tgp_japan_wars_l_english.yml,Assets/CK3Map/Data/Source/game/localization/english/dlc/tgp/dlc_tgp_japan_wars_l_english.yml,16769,2026-06-10T10:26:36.7799656Z
game/localization/english/dlc/tgp/dlc_tgp_korea_decisions_l_english.yml,Assets/CK3Map/Data/Source/game/localization/english/dlc/tgp/dlc_tgp_korea_decisions_l_english.yml,806,2026-06-10T10:25:53.5986583Z
game/localization/english/dlc/tgp/dlc_tgp_korea_decision_events_l_english.yml,Assets/CK3Map/Data/Source/game/localization/english/dlc/tgp/dlc_tgp_korea_decision_events_l_english.yml,3790,2026-06-10T10:26:45.2520107Z
game/localization/english/dlc/tgp/dlc_tgp_korea_religion_l_english.yml,Assets/CK3Map/Data/Source/game/localization/english/dlc/tgp/dlc_tgp_korea_religion_l_english.yml,4073,2026-06-10T10:26:41.1332234Z
game/localization/english/dlc/tgp/dlc_tgp_korea_titles_l_english.yml,Assets/CK3Map/Data/Source/game/localization/english/dlc/tgp/dlc_tgp_korea_titles_l_english.yml,10496,2026-06-10T10:26:54.2715743Z
game/localization/english/dlc/tgp/dlc_tgp_legitimacy_l_english.yml,Assets/CK3Map/Data/Source/game/localization/english/dlc/tgp/dlc_tgp_legitimacy_l_english.yml,167,2026-06-10T10:25:57.6184676Z
game/localization/english/dlc/tgp/dlc_tgp_natural_disasters_l_english.yml,Assets/CK3Map/Data/Source/game/localization/english/dlc/tgp/dlc_tgp_natural_disasters_l_english.yml,20719,2026-06-10T10:25:57.6189785Z
game/localization/english/dlc/tgp/dlc_tgp_opinions_l_english.yml,Assets/CK3Map/Data/Source/game/localization/english/dlc/tgp/dlc_tgp_opinions_l_english.yml,96,2026-06-10T10:26:19.3269398Z
game/localization/english/dlc/tgp/dlc_tgp_other_titles_l_english.yml,Assets/CK3Map/Data/Source/game/localization/english/dlc/tgp/dlc_tgp_other_titles_l_english.yml,72913,2026-06-10T10:27:14.2444736Z
game/localization/english/dlc/tgp/dlc_tgp_schemes_l_english.yml,Assets/CK3Map/Data/Source/game/localization/english/dlc/tgp/dlc_tgp_schemes_l_english.yml,26803,2026-06-10T10:26:24.3544176Z
game/localization/english/dlc/tgp/dlc_tgp_silk_road_l_english.yml,Assets/CK3Map/Data/Source/game/localization/english/dlc/tgp/dlc_tgp_silk_road_l_english.yml,23417,2026-06-10T10:26:45.2535570Z
game/localization/english/dlc/tgp/dlc_tgp_situation_catalysts_l_english.yml,Assets/CK3Map/Data/Source/game/localization/english/dlc/tgp/dlc_tgp_situation_catalysts_l_english.yml,31143,2026-06-10T10:26:19.3206517Z
game/localization/english/dlc/tgp/dlc_tgp_situation_decisions_l_english.yml,Assets/CK3Map/Data/Source/game/localization/english/dlc/tgp/dlc_tgp_situation_decisions_l_english.yml,22691,2026-06-10T10:26:29.0043640Z
game/localization/english/dlc/tgp/dlc_tgp_situation_decision_events_l_english.yml,Assets/CK3Map/Data/Source/game/localization/english/dlc/tgp/dlc_tgp_situation_decision_events_l_english.yml,23057,2026-06-10T10:27:14.2439474Z
game/localization/english/dlc/tgp/dlc_tgp_situation_parameters_l_english.yml,Assets/CK3Map/Data/Source/game/localization/english/dlc/tgp/dlc_tgp_situation_parameters_l_english.yml,27621,2026-06-10T10:26:29.4349717Z
game/localization/english/dlc/tgp/dlc_tgp_treasury_l_english.yml,Assets/CK3Map/Data/Source/game/localization/english/dlc/tgp/dlc_tgp_treasury_l_english.yml,8831,2026-06-10T10:26:19.3227176Z
game/localization/english/dlc/tgp/tgp_childhood_personality_events_l_english.yml,Assets/CK3Map/Data/Source/game/localization/english/dlc/tgp/tgp_childhood_personality_events_l_english.yml,44115,2026-06-10T10:26:30.0841463Z
game/localization/english/dlc/tgp/tgp_china_career_events_l_english.yml,Assets/CK3Map/Data/Source/game/localization/english/dlc/tgp/tgp_china_career_events_l_english.yml,6514,2026-06-10T10:26:06.4609409Z
game/localization/english/dlc/tgp/tgp_china_government_l_english.yml,Assets/CK3Map/Data/Source/game/localization/english/dlc/tgp/tgp_china_government_l_english.yml,15901,2026-06-10T10:25:57.6179562Z
game/localization/english/dlc/tgp/tgp_china_modifiers_l_english.yml,Assets/CK3Map/Data/Source/game/localization/english/dlc/tgp/tgp_china_modifiers_l_english.yml,13186,2026-06-10T10:27:14.2449895Z
game/localization/english/dlc/tgp/tgp_china_yearly_events_l_english.yml,Assets/CK3Map/Data/Source/game/localization/english/dlc/tgp/tgp_china_yearly_events_l_english.yml,6450,2026-06-10T10:25:24.5788228Z
game/localization/english/dlc/tgp/tgp_debate_events_l_english.yml,Assets/CK3Map/Data/Source/game/localization/english/dlc/tgp/tgp_debate_events_l_english.yml,12791,2026-06-10T10:26:06.4609409Z
game/localization/english/dlc/tgp/tgp_dynastic_cycle_flavor_events_l_english.yml,Assets/CK3Map/Data/Source/game/localization/english/dlc/tgp/tgp_dynastic_cycle_flavor_events_l_english.yml,6007,2026-06-10T10:26:16.7456150Z
game/localization/english/dlc/tgp/tgp_east_asia_decisions_l_english.yml,Assets/CK3Map/Data/Source/game/localization/english/dlc/tgp/tgp_east_asia_decisions_l_english.yml,15360,2026-06-10T10:26:42.6912227Z
game/localization/english/dlc/tgp/tgp_east_asia_decision_events_l_english.yml,Assets/CK3Map/Data/Source/game/localization/english/dlc/tgp/tgp_east_asia_decision_events_l_english.yml,10692,2026-06-10T10:25:53.5991933Z
game/localization/english/dlc/tgp/tgp_east_asia_game_concepts_l_english.yml,Assets/CK3Map/Data/Source/game/localization/english/dlc/tgp/tgp_east_asia_game_concepts_l_english.yml,9289,2026-06-10T10:26:19.3262911Z
game/localization/english/dlc/tgp/tgp_east_asia_interactions_l_english.yml,Assets/CK3Map/Data/Source/game/localization/english/dlc/tgp/tgp_east_asia_interactions_l_english.yml,8851,2026-06-10T10:26:29.4587614Z
game/localization/english/dlc/tgp/tgp_east_asia_interaction_events_l_english.yml,Assets/CK3Map/Data/Source/game/localization/english/dlc/tgp/tgp_east_asia_interaction_events_l_english.yml,4725,2026-06-10T10:26:39.8705818Z
game/localization/english/dlc/tgp/tgp_east_asia_wars_l_english.yml,Assets/CK3Map/Data/Source/game/localization/english/dlc/tgp/tgp_east_asia_wars_l_english.yml,2652,2026-06-10T10:26:24.3595820Z
game/localization/english/dlc/tgp/tgp_genpei_character_events_l_english.yml,Assets/CK3Map/Data/Source/game/localization/english/dlc/tgp/tgp_genpei_character_events_l_english.yml,17175,2026-06-10T10:25:24.5812816Z
game/localization/english/dlc/tgp/tgp_governance_l_english.yml,Assets/CK3Map/Data/Source/game/localization/english/dlc/tgp/tgp_governance_l_english.yml,647,2026-06-10T10:25:53.5986583Z
game/localization/english/dlc/tgp/tgp_governor_contract_events_tova_l_english.yml,Assets/CK3Map/Data/Source/game/localization/english/dlc/tgp/tgp_governor_contract_events_tova_l_english.yml,15766,2026-06-10T10:27:14.2449895Z
game/localization/english/dlc/tgp/tgp_house_aspirations_l_english.yml,Assets/CK3Map/Data/Source/game/localization/english/dlc/tgp/tgp_house_aspirations_l_english.yml,17640,2026-06-10T10:25:53.5976335Z
game/localization/english/dlc/tgp/tgp_imperial_examination_emperor_events_l_english.yml,Assets/CK3Map/Data/Source/game/localization/english/dlc/tgp/tgp_imperial_examination_emperor_events_l_english.yml,10139,2026-06-10T10:26:54.2715743Z
game/localization/english/dlc/tgp/tgp_imperial_examination_events_jay_l_english.yml,Assets/CK3Map/Data/Source/game/localization/english/dlc/tgp/tgp_imperial_examination_events_jay_l_english.yml,7043,2026-06-10T10:26:19.3169731Z
game/localization/english/dlc/tgp/tgp_imperial_examination_events_l_english.yml,Assets/CK3Map/Data/Source/game/localization/english/dlc/tgp/tgp_imperial_examination_events_l_english.yml,68886,2026-06-10T10:27:15.2972202Z
game/localization/english/dlc/tgp/tgp_intents_l_english.yml,Assets/CK3Map/Data/Source/game/localization/english/dlc/tgp/tgp_intents_l_english.yml,2306,2026-06-10T10:26:24.3799516Z
game/localization/english/dlc/tgp/tgp_interactions_l_english.yml,Assets/CK3Map/Data/Source/game/localization/english/dlc/tgp/tgp_interactions_l_english.yml,51143,2026-06-10T10:26:06.4609409Z
game/localization/english/dlc/tgp/tgp_japan_career_events_l_english.yml,Assets/CK3Map/Data/Source/game/localization/english/dlc/tgp/tgp_japan_career_events_l_english.yml,3011,2026-06-10T10:26:32.0794297Z
game/localization/english/dlc/tgp/tgp_japan_modifiers_l_english.yml,Assets/CK3Map/Data/Source/game/localization/english/dlc/tgp/tgp_japan_modifiers_l_english.yml,14482,2026-06-10T10:26:06.4609409Z
game/localization/english/dlc/tgp/tgp_japan_yearly_events_l_english.yml,Assets/CK3Map/Data/Source/game/localization/english/dlc/tgp/tgp_japan_yearly_events_l_english.yml,64249,2026-06-10T10:26:24.3799516Z
game/localization/english/dlc/tgp/tgp_mandala_capital_events_l_english.yml,Assets/CK3Map/Data/Source/game/localization/english/dlc/tgp/tgp_mandala_capital_events_l_english.yml,30256,2026-06-10T10:26:16.7456150Z
game/localization/english/dlc/tgp/tgp_mandala_devaraja_aspects_l_english.yml,Assets/CK3Map/Data/Source/game/localization/english/dlc/tgp/tgp_mandala_devaraja_aspects_l_english.yml,11377,2026-06-10T10:25:57.6194906Z
game/localization/english/dlc/tgp/tgp_mandala_devaraja_events_l_english.yml,Assets/CK3Map/Data/Source/game/localization/english/dlc/tgp/tgp_mandala_devaraja_events_l_english.yml,13566,2026-06-10T10:25:57.6143679Z
game/localization/english/dlc/tgp/tgp_mandala_events_l_english.yml,Assets/CK3Map/Data/Source/game/localization/english/dlc/tgp/tgp_mandala_events_l_english.yml,25871,2026-06-10T10:26:29.4587614Z
game/localization/english/dlc/tgp/tgp_mandala_modifiers_l_english.yml,Assets/CK3Map/Data/Source/game/localization/english/dlc/tgp/tgp_mandala_modifiers_l_english.yml,6089,2026-06-10T10:26:29.0043640Z
game/localization/english/dlc/tgp/tgp_mandala_schemes_l_english.yml,Assets/CK3Map/Data/Source/game/localization/english/dlc/tgp/tgp_mandala_schemes_l_english.yml,8863,2026-06-10T10:26:29.7017175Z
game/localization/english/dlc/tgp/tgp_mandala_scheme_events_l_english.yml,Assets/CK3Map/Data/Source/game/localization/english/dlc/tgp/tgp_mandala_scheme_events_l_english.yml,18909,2026-06-10T10:26:06.4609409Z
game/localization/english/dlc/tgp/tgp_mandala_task_contracts_l_english.yml,Assets/CK3Map/Data/Source/game/localization/english/dlc/tgp/tgp_mandala_task_contracts_l_english.yml,75138,2026-06-10T10:25:24.5731494Z
game/localization/english/dlc/tgp/tgp_ministry_events_l_english.yml,Assets/CK3Map/Data/Source/game/localization/english/dlc/tgp/tgp_ministry_events_l_english.yml,10868,2026-06-10T10:26:06.4609409Z
game/localization/english/dlc/tgp/tgp_movement_events_l_english.yml,Assets/CK3Map/Data/Source/game/localization/english/dlc/tgp/tgp_movement_events_l_english.yml,20045,2026-06-10T10:26:45.2535570Z
game/localization/english/dlc/tgp/tgp_natural_disaster_contracts_l_english.yml,Assets/CK3Map/Data/Source/game/localization/english/dlc/tgp/tgp_natural_disaster_contracts_l_english.yml,15634,2026-06-10T10:25:24.5853763Z
game/localization/english/dlc/tgp/tgp_natural_disaster_events_l_english.yml,Assets/CK3Map/Data/Source/game/localization/english/dlc/tgp/tgp_natural_disaster_events_l_english.yml,19752,2026-06-10T10:26:54.2715743Z
game/localization/english/dlc/tgp/tgp_natural_disaster_flavor_events_l_english.yml,Assets/CK3Map/Data/Source/game/localization/english/dlc/tgp/tgp_natural_disaster_flavor_events_l_english.yml,5687,2026-06-10T10:26:06.4609409Z
game/localization/english/dlc/tgp/tgp_tai_migration_events_l_english.yml,Assets/CK3Map/Data/Source/game/localization/english/dlc/tgp/tgp_tai_migration_events_l_english.yml,5989,2026-06-10T10:26:19.3262911Z
game/localization/english/dlc/tgp/tgp_traits_l_english.yml,Assets/CK3Map/Data/Source/game/localization/english/dlc/tgp/tgp_traits_l_english.yml,471,2026-06-10T10:26:16.7456150Z
game/localization/english/dlc/tgp/tgp_travel_danger_events_l_english.yml,Assets/CK3Map/Data/Source/game/localization/english/dlc/tgp/tgp_travel_danger_events_l_english.yml,1164,2026-06-10T10:25:53.5986583Z
game/localization/english/dlc/tgp/tgp_tribute_mission_events_l_english.yml,Assets/CK3Map/Data/Source/game/localization/english/dlc/tgp/tgp_tribute_mission_events_l_english.yml,39227,2026-06-10T10:25:24.5871873Z
game/localization/english/dlc/tgp/tgp_tribute_mission_l_english.yml,Assets/CK3Map/Data/Source/game/localization/english/dlc/tgp/tgp_tribute_mission_l_english.yml,21621,2026-06-10T10:25:53.5981478Z
game/localization/english/dlc_l_english.yml,Assets/CK3Map/Data/Source/game/localization/english/dlc_l_english.yml,9550,2026-06-10T10:26:24.3943844Z
game/localization/english/domiciles/domicile_buildings_l_english.yml,Assets/CK3Map/Data/Source/game/localization/english/domiciles/domicile_buildings_l_english.yml,84049,2026-06-10T10:26:45.2520107Z
game/localization/english/domiciles/domicile_chinese_estate_l_english.yml,Assets/CK3Map/Data/Source/game/localization/english/domiciles/domicile_chinese_estate_l_english.yml,61212,2026-06-10T10:26:39.0302051Z
game/localization/english/domiciles/domicile_types_l_english.yml,Assets/CK3Map/Data/Source/game/localization/english/domiciles/domicile_types_l_english.yml,4030,2026-06-10T10:25:24.5793391Z
game/localization/english/domiciles/domicile_yurt_l_english.yml,Assets/CK3Map/Data/Source/game/localization/english/domiciles/domicile_yurt_l_english.yml,68540,2026-06-10T10:25:24.5731494Z
game/localization/english/dynasties/chinese_dynasty_names_l_english.yml,Assets/CK3Map/Data/Source/game/localization/english/dynasties/chinese_dynasty_names_l_english.yml,16261,2026-06-10T10:25:53.5997074Z
game/localization/english/dynasties/dynasty_names_l_english.yml,Assets/CK3Map/Data/Source/game/localization/english/dynasties/dynasty_names_l_english.yml,353399,2026-06-10T10:17:28.5869182Z
game/localization/english/dynasty_legacies/legacies_l_english.yml,Assets/CK3Map/Data/Source/game/localization/english/dynasty_legacies/legacies_l_english.yml,2646,2026-06-10T10:25:24.5812816Z
game/localization/english/editor_l_english.yml,Assets/CK3Map/Data/Source/game/localization/english/editor_l_english.yml,44,2026-06-10T10:25:24.5731494Z
game/localization/english/effects/domicile_effects_l_english.yml,Assets/CK3Map/Data/Source/game/localization/english/effects/domicile_effects_l_english.yml,1217,2026-06-10T10:26:39.0296901Z
game/localization/english/effects/epidemic_effects_l_english.yml,Assets/CK3Map/Data/Source/game/localization/english/effects/epidemic_effects_l_english.yml,833,2026-06-10T10:26:39.1121589Z
game/localization/english/effects/hostage_effects_l_english.yml,Assets/CK3Map/Data/Source/game/localization/english/effects/hostage_effects_l_english.yml,892,2026-06-10T10:25:53.5991933Z
game/localization/english/effects/house_relation_effects_l_english.yml,Assets/CK3Map/Data/Source/game/localization/english/effects/house_relation_effects_l_english.yml,3026,2026-06-10T10:26:45.2525284Z
game/localization/english/effects/legend_effects_l_english.yml,Assets/CK3Map/Data/Source/game/localization/english/effects/legend_effects_l_english.yml,4066,2026-06-10T10:26:30.2476636Z
game/localization/english/effects/maa_effects_l_english.yml,Assets/CK3Map/Data/Source/game/localization/english/effects/maa_effects_l_english.yml,4062,2026-06-10T10:26:19.3262911Z
game/localization/english/effects/ruler_objective_effects_l_english.yml,Assets/CK3Map/Data/Source/game/localization/english/effects/ruler_objective_effects_l_english.yml,295,2026-06-10T10:25:53.5981478Z
game/localization/english/effects_l_english.yml,Assets/CK3Map/Data/Source/game/localization/english/effects_l_english.yml,325102,2026-06-10T10:17:28.5869182Z
game/localization/english/elder_events_l_english.yml,Assets/CK3Map/Data/Source/game/localization/english/elder_events_l_english.yml,4520,2026-06-10T10:26:19.3279909Z
game/localization/english/elective_succession_l_english.yml,Assets/CK3Map/Data/Source/game/localization/english/elective_succession_l_english.yml,21948,2026-06-10T10:25:53.5991933Z
game/localization/english/enum/land_tier_l_english.yml,Assets/CK3Map/Data/Source/game/localization/english/enum/land_tier_l_english.yml,837,2026-06-10T10:26:16.7445821Z
game/localization/english/event_localization/accolade_events_l_english.yml,Assets/CK3Map/Data/Source/game/localization/english/event_localization/accolade_events_l_english.yml,7294,2026-06-10T10:26:54.2991667Z
game/localization/english/event_localization/activities/activities_l_english.yml,Assets/CK3Map/Data/Source/game/localization/english/event_localization/activities/activities_l_english.yml,29423,2026-06-10T10:26:39.5944971Z
game/localization/english/event_localization/activities/activity_pulse_actions_l_english.yml,Assets/CK3Map/Data/Source/game/localization/english/event_localization/activities/activity_pulse_actions_l_english.yml,14571,2026-06-10T10:26:30.0904957Z
game/localization/english/event_localization/activities/activity_system_l_english.yml,Assets/CK3Map/Data/Source/game/localization/english/event_localization/activities/activity_system_l_english.yml,16255,2026-06-10T10:26:29.7022303Z
game/localization/english/event_localization/activities/admiring_birds_events_l_english.yml,Assets/CK3Map/Data/Source/game/localization/english/event_localization/activities/admiring_birds_events_l_english.yml,3660,2026-06-10T10:26:06.4445662Z
game/localization/english/event_localization/activities/az_tour_events_l_english.yml,Assets/CK3Map/Data/Source/game/localization/english/event_localization/activities/az_tour_events_l_english.yml,20019,2026-06-10T10:27:15.2961806Z
game/localization/english/event_localization/activities/bfj_festival_activities_l_english.yml,Assets/CK3Map/Data/Source/game/localization/english/event_localization/activities/bfj_festival_activities_l_english.yml,3260,2026-06-10T10:26:06.4445662Z
game/localization/english/event_localization/activities/coronation_events_l_english.yml,Assets/CK3Map/Data/Source/game/localization/english/event_localization/activities/coronation_events_l_english.yml,56187,2026-06-10T10:26:24.3539007Z
game/localization/english/event_localization/activities/feast_default_events_alex_l_english.yml,Assets/CK3Map/Data/Source/game/localization/english/event_localization/activities/feast_default_events_alex_l_english.yml,1885,2026-06-10T10:26:16.7445821Z
game/localization/english/event_localization/activities/feast_default_events_axel_l_english.yml,Assets/CK3Map/Data/Source/game/localization/english/event_localization/activities/feast_default_events_axel_l_english.yml,1012,2026-06-10T10:26:45.2530388Z
game/localization/english/event_localization/activities/feast_default_events_jason_l_english.yml,Assets/CK3Map/Data/Source/game/localization/english/event_localization/activities/feast_default_events_jason_l_english.yml,1742,2026-06-10T10:26:39.0296901Z
game/localization/english/event_localization/activities/feast_default_events_joe_l_english.yml,Assets/CK3Map/Data/Source/game/localization/english/event_localization/activities/feast_default_events_joe_l_english.yml,1343,2026-06-10T10:26:24.3595820Z
game/localization/english/event_localization/activities/feast_default_events_laurence_l_english.yml,Assets/CK3Map/Data/Source/game/localization/english/event_localization/activities/feast_default_events_laurence_l_english.yml,2756,2026-06-10T10:26:39.2449455Z
game/localization/english/event_localization/activities/feast_default_events_l_english.yml,Assets/CK3Map/Data/Source/game/localization/english/event_localization/activities/feast_default_events_l_english.yml,78730,2026-06-10T10:25:57.6705543Z
game/localization/english/event_localization/activities/feast_events_ewan_l_english.yml,Assets/CK3Map/Data/Source/game/localization/english/event_localization/activities/feast_events_ewan_l_english.yml,19966,2026-06-10T10:26:24.3549307Z
game/localization/english/event_localization/activities/feast_events_klank_l_english.yml,Assets/CK3Map/Data/Source/game/localization/english/event_localization/activities/feast_events_klank_l_english.yml,1020,2026-06-10T10:25:57.6700346Z
game/localization/english/event_localization/activities/feast_events_l_english.yml,Assets/CK3Map/Data/Source/game/localization/english/event_localization/activities/feast_events_l_english.yml,23878,2026-06-10T10:27:15.2951543Z
game/localization/english/event_localization/activities/feast_events_mkc_l_english.yml,Assets/CK3Map/Data/Source/game/localization/english/event_localization/activities/feast_events_mkc_l_english.yml,1143,2026-06-10T10:27:17.6224966Z
game/localization/english/event_localization/activities/feast_events_tova_l_english.yml,Assets/CK3Map/Data/Source/game/localization/english/event_localization/activities/feast_events_tova_l_english.yml,1225,2026-06-10T10:26:19.3191119Z
game/localization/english/event_localization/activities/feast_lifestyle_events_l_english.yml,Assets/CK3Map/Data/Source/game/localization/english/event_localization/activities/feast_lifestyle_events_l_english.yml,8751,2026-06-10T10:25:24.5788228Z
game/localization/english/event_localization/activities/feast_main_befriend_events_l_english.yml,Assets/CK3Map/Data/Source/game/localization/english/event_localization/activities/feast_main_befriend_events_l_english.yml,9128,2026-06-10T10:25:57.6700346Z
game/localization/english/event_localization/activities/feast_main_live_fowl_l_english.yml,Assets/CK3Map/Data/Source/game/localization/english/event_localization/activities/feast_main_live_fowl_l_english.yml,12597,2026-06-10T10:26:19.3206517Z
game/localization/english/event_localization/activities/feast_main_stable_breakin_l_english.yml,Assets/CK3Map/Data/Source/game/localization/english/event_localization/activities/feast_main_stable_breakin_l_english.yml,14180,2026-06-10T10:26:39.8465864Z
game/localization/english/event_localization/activities/feast_main_stew_flood_l_english.yml,Assets/CK3Map/Data/Source/game/localization/english/event_localization/activities/feast_main_stew_flood_l_english.yml,9809,2026-06-10T10:26:54.2991667Z
game/localization/english/event_localization/activities/festival_events_l_english.yml,Assets/CK3Map/Data/Source/game/localization/english/event_localization/activities/festival_events_l_english.yml,40936,2026-06-10T10:26:42.6912227Z
game/localization/english/event_localization/activities/funeral_events_l_english.yml,Assets/CK3Map/Data/Source/game/localization/english/event_localization/activities/funeral_events_l_english.yml,31772,2026-06-10T10:26:19.3211689Z
game/localization/english/event_localization/activities/hajj_events_l_english.yml,Assets/CK3Map/Data/Source/game/localization/english/event_localization/activities/hajj_events_l_english.yml,12892,2026-06-10T10:26:39.0369822Z
game/localization/english/event_localization/activities/hold_court_events_linnea_l_english.yml,Assets/CK3Map/Data/Source/game/localization/english/event_localization/activities/hold_court_events_linnea_l_english.yml,1523,2026-06-10T10:25:24.5812816Z
game/localization/english/event_localization/activities/hold_court_events_l_english.yml,Assets/CK3Map/Data/Source/game/localization/english/event_localization/activities/hold_court_events_l_english.yml,5297,2026-06-10T10:26:56.9527772Z
game/localization/english/event_localization/activities/hunt_events_anna_l_english.yml,Assets/CK3Map/Data/Source/game/localization/english/event_localization/activities/hunt_events_anna_l_english.yml,4233,2026-06-10T10:26:06.4455998Z
game/localization/english/event_localization/activities/hunt_events_l_english.yml,Assets/CK3Map/Data/Source/game/localization/english/event_localization/activities/hunt_events_l_english.yml,195342,2026-06-10T10:26:30.1753460Z
game/localization/english/event_localization/activities/jb_hunt_events_l_english.yml,Assets/CK3Map/Data/Source/game/localization/english/event_localization/activities/jb_hunt_events_l_english.yml,21437,2026-06-10T10:26:39.2089792Z
game/localization/english/event_localization/activities/pay_homage_events_l_english.yml,Assets/CK3Map/Data/Source/game/localization/english/event_localization/activities/pay_homage_events_l_english.yml,13896,2026-06-10T10:26:29.7375218Z
game/localization/english/event_localization/activities/petition_liege_events_l_english.yml,Assets/CK3Map/Data/Source/game/localization/english/event_localization/activities/petition_liege_events_l_english.yml,41433,2026-06-10T10:26:29.7601428Z
game/localization/english/event_localization/activities/pilgrimage_events_l_english.yml,Assets/CK3Map/Data/Source/game/localization/english/event_localization/activities/pilgrimage_events_l_english.yml,139445,2026-06-10T10:26:06.4512771Z
game/localization/english/event_localization/activities/pilgrimage_intent_events_l_english.yml,Assets/CK3Map/Data/Source/game/localization/english/event_localization/activities/pilgrimage_intent_events_l_english.yml,18956,2026-06-10T10:26:06.4450799Z
game/localization/english/event_localization/activities/playdate_events_l_english.yml,Assets/CK3Map/Data/Source/game/localization/english/event_localization/activities/playdate_events_l_english.yml,36485,2026-06-10T10:26:16.7451024Z
game/localization/english/event_localization/activities/tour_events_chad_l_english.yml,Assets/CK3Map/Data/Source/game/localization/english/event_localization/activities/tour_events_chad_l_english.yml,12647,2026-06-10T10:26:38.0735118Z
game/localization/english/event_localization/activities/tour_events_dan_l_english.yml,Assets/CK3Map/Data/Source/game/localization/english/event_localization/activities/tour_events_dan_l_english.yml,12902,2026-06-10T10:25:24.5812816Z
game/localization/english/event_localization/activities/tour_events_l_english.yml,Assets/CK3Map/Data/Source/game/localization/english/event_localization/activities/tour_events_l_english.yml,210160,2026-06-10T10:26:45.2535570Z
game/localization/english/event_localization/agent_events_l_english.yml,Assets/CK3Map/Data/Source/game/localization/english/event_localization/agent_events_l_english.yml,23919,2026-06-10T10:26:06.5063022Z
game/localization/english/event_localization/artifact_events_l_english.yml,Assets/CK3Map/Data/Source/game/localization/english/event_localization/artifact_events_l_english.yml,28775,2026-06-10T10:26:29.3295340Z
game/localization/english/event_localization/bastard_interaction_events_l_english.yml,Assets/CK3Map/Data/Source/game/localization/english/event_localization/bastard_interaction_events_l_english.yml,8866,2026-06-10T10:25:53.5986583Z
game/localization/english/event_localization/birth_events_l_english.yml,Assets/CK3Map/Data/Source/game/localization/english/event_localization/birth_events_l_english.yml,27676,2026-06-10T10:26:45.3155166Z
game/localization/english/event_localization/blackmail_events_l_english.yml,Assets/CK3Map/Data/Source/game/localization/english/event_localization/blackmail_events_l_english.yml,1268,2026-06-10T10:27:06.3108068Z
game/localization/english/event_localization/british_isles_events_l_english.yml,Assets/CK3Map/Data/Source/game/localization/english/event_localization/british_isles_events_l_english.yml,16115,2026-06-10T10:26:29.8220993Z
game/localization/english/event_localization/central_asia_events_l_english.yml,Assets/CK3Map/Data/Source/game/localization/english/event_localization/central_asia_events_l_english.yml,3273,2026-06-10T10:26:39.0308090Z
game/localization/english/event_localization/chad_debug_events_l_english.yml,Assets/CK3Map/Data/Source/game/localization/english/event_localization/chad_debug_events_l_english.yml,181,2026-06-10T10:26:40.5138145Z
game/localization/english/event_localization/childhood/childhood_education_events_l_english.yml,Assets/CK3Map/Data/Source/game/localization/english/event_localization/childhood/childhood_education_events_l_english.yml,4275,2026-06-10T10:26:54.2705580Z
game/localization/english/event_localization/childhood/childhood_events_l_english.yml,Assets/CK3Map/Data/Source/game/localization/english/event_localization/childhood/childhood_events_l_english.yml,40404,2026-06-10T10:26:31.7696888Z
game/localization/english/event_localization/childhood/childhood_events_oltner_l_english.yml,Assets/CK3Map/Data/Source/game/localization/english/event_localization/childhood/childhood_events_oltner_l_english.yml,12946,2026-06-10T10:26:19.3222033Z
game/localization/english/event_localization/childhood/childhood_personality_events_2_l_english.yml,Assets/CK3Map/Data/Source/game/localization/english/event_localization/childhood/childhood_personality_events_2_l_english.yml,35377,2026-06-10T10:25:57.6700346Z
game/localization/english/event_localization/childhood/childhood_personality_events_l_english.yml,Assets/CK3Map/Data/Source/game/localization/english/event_localization/childhood/childhood_personality_events_l_english.yml,60644,2026-06-10T10:25:24.5793391Z
game/localization/english/event_localization/childhood/child_custom_localisation_l_english.yml,Assets/CK3Map/Data/Source/game/localization/english/event_localization/childhood/child_custom_localisation_l_english.yml,1456,2026-06-10T10:26:24.3613495Z
game/localization/english/event_localization/childhood/coming_of_age_event_l_english.yml,Assets/CK3Map/Data/Source/game/localization/english/event_localization/childhood/coming_of_age_event_l_english.yml,12694,2026-06-10T10:26:56.9527772Z
game/localization/english/event_localization/councillor_task_events/chancellor_task_events_l_english.yml,Assets/CK3Map/Data/Source/game/localization/english/event_localization/councillor_task_events/chancellor_task_events_l_english.yml,9279,2026-06-10T10:26:19.3169731Z
game/localization/english/event_localization/councillor_task_events/councillor_spouse_events/councillor_spouse_diplomacy_events_l_english.yml,Assets/CK3Map/Data/Source/game/localization/english/event_localization/councillor_task_events/councillor_spouse_events/councillor_spouse_diplomacy_events_l_english.yml,5188,2026-06-10T10:27:06.3108068Z
game/localization/english/event_localization/councillor_task_events/councillor_spouse_events/councillor_spouse_intrigue_events_l_english.yml,Assets/CK3Map/Data/Source/game/localization/english/event_localization/councillor_task_events/councillor_spouse_events/councillor_spouse_intrigue_events_l_english.yml,5468,2026-06-10T10:26:19.3274717Z
game/localization/english/event_localization/councillor_task_events/councillor_spouse_events/councillor_spouse_learning_events_l_english.yml,Assets/CK3Map/Data/Source/game/localization/english/event_localization/councillor_task_events/councillor_spouse_events/councillor_spouse_learning_events_l_english.yml,10350,2026-06-10T10:26:24.3544176Z
game/localization/english/event_localization/councillor_task_events/councillor_spouse_events/councillor_spouse_martial_events_l_english.yml,Assets/CK3Map/Data/Source/game/localization/english/event_localization/councillor_task_events/councillor_spouse_events/councillor_spouse_martial_events_l_english.yml,5228,2026-06-10T10:26:06.5073359Z
game/localization/english/event_localization/councillor_task_events/councillor_spouse_events/councillor_spouse_stewardship_events_l_english.yml,Assets/CK3Map/Data/Source/game/localization/english/event_localization/councillor_task_events/councillor_spouse_events/councillor_spouse_stewardship_events_l_english.yml,5519,2026-06-10T10:25:53.5991933Z
game/localization/english/event_localization/councillor_task_events/court_chaplain_task_events_l_english.yml,Assets/CK3Map/Data/Source/game/localization/english/event_localization/councillor_task_events/court_chaplain_task_events_l_english.yml,4424,2026-06-10T10:25:53.6116971Z
game/localization/english/event_localization/councillor_task_events/marshal_task_events_l_english.yml,Assets/CK3Map/Data/Source/game/localization/english/event_localization/councillor_task_events/marshal_task_events_l_english.yml,11619,2026-06-10T10:25:53.5976335Z
game/localization/english/event_localization/councillor_task_events/spymaster_task_events_l_english.yml,Assets/CK3Map/Data/Source/game/localization/english/event_localization/councillor_task_events/spymaster_task_events_l_english.yml,24491,2026-06-10T10:25:24.5853763Z
game/localization/english/event_localization/councillor_task_events/steward_task_events_l_english.yml,Assets/CK3Map/Data/Source/game/localization/english/event_localization/councillor_task_events/steward_task_events_l_english.yml,16730,2026-06-10T10:26:06.5073359Z
game/localization/english/event_localization/court_events/01_court_events_ep3_l_english.yml,Assets/CK3Map/Data/Source/game/localization/english/event_localization/court_events/01_court_events_ep3_l_english.yml,30751,2026-06-10T10:26:40.5310863Z
game/localization/english/event_localization/court_events/01_ep3_court_events_3_l_english.yml,Assets/CK3Map/Data/Source/game/localization/english/event_localization/court_events/01_ep3_court_events_3_l_english.yml,16451,2026-06-10T10:25:57.6715786Z
game/localization/english/event_localization/court_events/court_events_bianca_l_english.yml,Assets/CK3Map/Data/Source/game/localization/english/event_localization/court_events/court_events_bianca_l_english.yml,17843,2026-06-10T10:26:19.3216922Z
game/localization/english/event_localization/court_events/court_events_ceremonial_l_english.yml,Assets/CK3Map/Data/Source/game/localization/english/event_localization/court_events/court_events_ceremonial_l_english.yml,2519,2026-06-10T10:26:06.5088946Z
game/localization/english/event_localization/court_events/court_events_claudia_l_english.yml,Assets/CK3Map/Data/Source/game/localization/english/event_localization/court_events/court_events_claudia_l_english.yml,24511,2026-06-10T10:26:19.3869198Z
game/localization/english/event_localization/court_events/court_events_ewan_l_english.yml,Assets/CK3Map/Data/Source/game/localization/english/event_localization/court_events/court_events_ewan_l_english.yml,4421,2026-06-10T10:26:16.7451024Z
game/localization/english/event_localization/court_events/court_events_general_1_l_english.yml,Assets/CK3Map/Data/Source/game/localization/english/event_localization/court_events/court_events_general_1_l_english.yml,3469,2026-06-10T10:26:24.3595820Z
game/localization/english/event_localization/court_events/court_events_george_l_english.yml,Assets/CK3Map/Data/Source/game/localization/english/event_localization/court_events/court_events_george_l_english.yml,19678,2026-06-10T10:26:06.5068157Z
game/localization/english/event_localization/court_events/court_events_isabella_l_english.yml,Assets/CK3Map/Data/Source/game/localization/english/event_localization/court_events/court_events_isabella_l_english.yml,40790,2026-06-10T10:25:24.5812816Z
game/localization/english/event_localization/court_events/court_events_james_l_english.yml,Assets/CK3Map/Data/Source/game/localization/english/event_localization/court_events/court_events_james_l_english.yml,19778,2026-06-10T10:25:53.6557831Z
game/localization/english/event_localization/court_events/court_events_joe_l_english.yml,Assets/CK3Map/Data/Source/game/localization/english/event_localization/court_events/court_events_joe_l_english.yml,42709,2026-06-10T10:26:24.3608390Z
game/localization/english/event_localization/court_events/court_events_linnea_l_english.yml,Assets/CK3Map/Data/Source/game/localization/english/event_localization/court_events/court_events_linnea_l_english.yml,14364,2026-06-10T10:26:54.9180619Z
game/localization/english/event_localization/court_events/court_events_maximilian_l_english.yml,Assets/CK3Map/Data/Source/game/localization/english/event_localization/court_events/court_events_maximilian_l_english.yml,96,2026-06-10T10:26:29.6419567Z
game/localization/english/event_localization/court_events/court_events_oltner_l_english.yml,Assets/CK3Map/Data/Source/game/localization/english/event_localization/court_events/court_events_oltner_l_english.yml,17537,2026-06-10T10:26:45.3155166Z
game/localization/english/event_localization/court_events/court_events_shoes_l_english.yml,Assets/CK3Map/Data/Source/game/localization/english/event_localization/court_events/court_events_shoes_l_english.yml,5080,2026-06-10T10:26:19.3857574Z
game/localization/english/event_localization/court_events/court_position_events_daan_l_english.yml,Assets/CK3Map/Data/Source/game/localization/english/event_localization/court_events/court_position_events_daan_l_english.yml,3556,2026-06-10T10:26:32.0794297Z
game/localization/english/event_localization/court_events/hold_court_events_claudia_l_english.yml,Assets/CK3Map/Data/Source/game/localization/english/event_localization/court_events/hold_court_events_claudia_l_english.yml,30115,2026-06-10T10:26:19.3852472Z
game/localization/english/event_localization/culture_events/culture_conversion_events_l_english.yml,Assets/CK3Map/Data/Source/game/localization/english/event_localization/culture_events/culture_conversion_events_l_english.yml,672,2026-06-10T10:26:39.0302051Z
game/localization/english/event_localization/culture_events/culture_notification_events_l_english.yml,Assets/CK3Map/Data/Source/game/localization/english/event_localization/culture_events/culture_notification_events_l_english.yml,5866,2026-06-10T10:26:45.3137706Z
game/localization/english/event_localization/death_events/death_management_events_l_english.yml,Assets/CK3Map/Data/Source/game/localization/english/event_localization/death_events/death_management_events_l_english.yml,51520,2026-06-10T10:26:06.5057666Z
game/localization/english/event_localization/decisions/decision_author_book_l_english.yml,Assets/CK3Map/Data/Source/game/localization/english/event_localization/decisions/decision_author_book_l_english.yml,15515,2026-06-10T10:25:53.6557831Z
game/localization/english/event_localization/decisions/decision_hold_court_l_english.yml,Assets/CK3Map/Data/Source/game/localization/english/event_localization/decisions/decision_hold_court_l_english.yml,1124,2026-06-10T10:26:39.2074135Z
game/localization/english/event_localization/decisions/decision_legend_book_l_english.yml,Assets/CK3Map/Data/Source/game/localization/english/event_localization/decisions/decision_legend_book_l_english.yml,1396,2026-06-10T10:26:45.3155166Z
game/localization/english/event_localization/decisions/decision_pay_homage_l_english.yml,Assets/CK3Map/Data/Source/game/localization/english/event_localization/decisions/decision_pay_homage_l_english.yml,2912,2026-06-10T10:26:39.0369822Z
game/localization/english/event_localization/decisions/decision_petition_liege_l_english.yml,Assets/CK3Map/Data/Source/game/localization/english/event_localization/decisions/decision_petition_liege_l_english.yml,17155,2026-06-10T10:26:24.3804709Z
game/localization/english/event_localization/decisions/decision_pledge_loyalty_to_liege_l_english.yml,Assets/CK3Map/Data/Source/game/localization/english/event_localization/decisions/decision_pledge_loyalty_to_liege_l_english.yml,20105,2026-06-10T10:26:39.0714196Z
game/localization/english/event_localization/decisions/major_decisions_middle_east_l_english.yml,Assets/CK3Map/Data/Source/game/localization/english/event_localization/decisions/major_decisions_middle_east_l_english.yml,21646,2026-06-10T10:25:57.6700346Z
game/localization/english/event_localization/decisions/major_decisions_middle_europe_l_english.yml,Assets/CK3Map/Data/Source/game/localization/english/event_localization/decisions/major_decisions_middle_europe_l_english.yml,15190,2026-06-10T10:26:24.3544176Z
game/localization/english/event_localization/decisions/major_decisions_other_l_english.yml,Assets/CK3Map/Data/Source/game/localization/english/event_localization/decisions/major_decisions_other_l_english.yml,14109,2026-06-10T10:26:54.3295018Z
game/localization/english/event_localization/decisions/major_decisions_roman_restoration_l_english.yml,Assets/CK3Map/Data/Source/game/localization/english/event_localization/decisions/major_decisions_roman_restoration_l_english.yml,38675,2026-06-10T10:25:57.6705543Z
game/localization/english/event_localization/diarchy_events_l_english.yml,Assets/CK3Map/Data/Source/game/localization/english/event_localization/diarchy_events_l_english.yml,98776,2026-06-10T10:26:56.9527772Z
game/localization/english/event_localization/dynasty_legacy_events_l_english.yml,Assets/CK3Map/Data/Source/game/localization/english/event_localization/dynasty_legacy_events_l_english.yml,91,2026-06-10T10:26:16.7456150Z
game/localization/english/event_localization/education/chinese_disciple_events_l_english.yml,Assets/CK3Map/Data/Source/game/localization/english/event_localization/education/chinese_disciple_events_l_english.yml,35770,2026-06-10T10:27:15.2941228Z
game/localization/english/event_localization/experimental/insult_poetry_text_l_english.yml,Assets/CK3Map/Data/Source/game/localization/english/event_localization/experimental/insult_poetry_text_l_english.yml,3576,2026-06-10T10:26:24.3623753Z
game/localization/english/event_localization/experimental/love_letter_l_english.yml,Assets/CK3Map/Data/Source/game/localization/english/event_localization/experimental/love_letter_l_english.yml,9144,2026-06-10T10:26:39.4864298Z
game/localization/english/event_localization/experimental/poetry_text_l_english.yml,Assets/CK3Map/Data/Source/game/localization/english/event_localization/experimental/poetry_text_l_english.yml,6548,2026-06-10T10:26:16.7462406Z
game/localization/english/event_localization/experimental/sex_scene_l_english.yml,Assets/CK3Map/Data/Source/game/localization/english/event_localization/experimental/sex_scene_l_english.yml,6867,2026-06-10T10:26:30.1753460Z
game/localization/english/event_localization/generic_event_text_l_english.yml,Assets/CK3Map/Data/Source/game/localization/english/event_localization/generic_event_text_l_english.yml,195,2026-06-10T10:26:19.4089910Z
game/localization/english/event_localization/global_culture_events_l_english.yml,Assets/CK3Map/Data/Source/game/localization/english/event_localization/global_culture_events_l_english.yml,6957,2026-06-10T10:26:45.3155166Z
game/localization/english/event_localization/government_events/clan_events_l_english.yml,Assets/CK3Map/Data/Source/game/localization/english/event_localization/government_events/clan_events_l_english.yml,3959,2026-06-10T10:25:57.6695198Z
game/localization/english/event_localization/government_events/tribal_events_l_english.yml,Assets/CK3Map/Data/Source/game/localization/english/event_localization/government_events/tribal_events_l_english.yml,18205,2026-06-10T10:26:54.3300104Z
game/localization/english/event_localization/harm_events_l_english.yml,Assets/CK3Map/Data/Source/game/localization/english/event_localization/harm_events_l_english.yml,55829,2026-06-10T10:26:24.3590663Z
game/localization/english/event_localization/health_events_l_english.yml,Assets/CK3Map/Data/Source/game/localization/english/event_localization/health_events_l_english.yml,76070,2026-06-10T10:27:15.2946447Z
game/localization/english/event_localization/hold_court_events/hold_court_events_bianca_l_english.yml,Assets/CK3Map/Data/Source/game/localization/english/event_localization/hold_court_events/hold_court_events_bianca_l_english.yml,14360,2026-06-10T10:25:53.6557831Z
game/localization/english/event_localization/hold_court_events/hold_court_events_isabella_l_english.yml,Assets/CK3Map/Data/Source/game/localization/english/event_localization/hold_court_events/hold_court_events_isabella_l_english.yml,8604,2026-06-10T10:26:46.7336117Z
game/localization/english/event_localization/hold_court_events/hold_court_events_james_l_english.yml,Assets/CK3Map/Data/Source/game/localization/english/event_localization/hold_court_events/hold_court_events_james_l_english.yml,5385,2026-06-10T10:26:42.6917474Z
game/localization/english/event_localization/hold_court_events/hold_court_events_joe_l_english.yml,Assets/CK3Map/Data/Source/game/localization/english/event_localization/hold_court_events/hold_court_events_joe_l_english.yml,140169,2026-06-10T10:26:19.4100713Z
game/localization/english/event_localization/hold_court_events/hold_court_events_maximilian_l_english.yml,Assets/CK3Map/Data/Source/game/localization/english/event_localization/hold_court_events/hold_court_events_maximilian_l_english.yml,111,2026-06-10T10:26:29.9876078Z
game/localization/english/event_localization/laamp_events_l_english.yml,Assets/CK3Map/Data/Source/game/localization/english/event_localization/laamp_events_l_english.yml,228973,2026-06-10T10:26:45.3160268Z
game/localization/english/event_localization/laamp_events_oltner_l_english.yml,Assets/CK3Map/Data/Source/game/localization/english/event_localization/laamp_events_oltner_l_english.yml,1286,2026-06-10T10:26:45.3172693Z
game/localization/english/event_localization/lifestyle/commission_epic_events_l_english.yml,Assets/CK3Map/Data/Source/game/localization/english/event_localization/lifestyle/commission_epic_events_l_english.yml,33120,2026-06-10T10:25:53.6557831Z
game/localization/english/event_localization/lifestyle/governance/stewardship_domain_events_l_english.yml,Assets/CK3Map/Data/Source/game/localization/english/event_localization/lifestyle/governance/stewardship_domain_events_l_english.yml,65397,2026-06-10T10:25:57.6705543Z
game/localization/english/event_localization/lifestyle/governance/stewardship_duty_events_l_english.yml,Assets/CK3Map/Data/Source/game/localization/english/event_localization/lifestyle/governance/stewardship_duty_events_l_english.yml,49091,2026-06-10T10:26:54.3300104Z
game/localization/english/event_localization/lifestyle/governance/stewardship_general_events_l_english.yml,Assets/CK3Map/Data/Source/game/localization/english/event_localization/lifestyle/governance/stewardship_general_events_l_english.yml,9325,2026-06-10T10:27:15.2941228Z
game/localization/english/event_localization/lifestyle/governance/stewardship_wealth_events_l_english.yml,Assets/CK3Map/Data/Source/game/localization/english/event_localization/lifestyle/governance/stewardship_wealth_events_l_english.yml,14419,2026-06-10T10:26:45.3148313Z
game/localization/english/event_localization/lifestyle/guile/intrigue_dread_events_l_english.yml,Assets/CK3Map/Data/Source/game/localization/english/event_localization/lifestyle/guile/intrigue_dread_events_l_english.yml,38285,2026-06-10T10:26:39.2079496Z
game/localization/english/event_localization/lifestyle/guile/intrigue_events_bjorn_l_english.yml,Assets/CK3Map/Data/Source/game/localization/english/event_localization/lifestyle/guile/intrigue_events_bjorn_l_english.yml,1988,2026-06-10T10:26:16.7462406Z
game/localization/english/event_localization/lifestyle/guile/intrigue_scheming_events_l_english.yml,Assets/CK3Map/Data/Source/game/localization/english/event_localization/lifestyle/guile/intrigue_scheming_events_l_english.yml,51547,2026-06-10T10:27:18.3087495Z
game/localization/english/event_localization/lifestyle/guile/intrigue_temptation_events_2_ l_english.yml,Assets/CK3Map/Data/Source/game/localization/english/event_localization/lifestyle/guile/intrigue_temptation_events_2_ l_english.yml,11773,2026-06-10T10:26:24.3950907Z
game/localization/english/event_localization/lifestyle/guile/intrigue_temptation_events_l_english.yml,Assets/CK3Map/Data/Source/game/localization/english/event_localization/lifestyle/guile/intrigue_temptation_events_l_english.yml,27199,2026-06-10T10:25:53.6557831Z
game/localization/english/event_localization/lifestyle/mystic_lifestyle_events_l_english.yml,Assets/CK3Map/Data/Source/game/localization/english/event_localization/lifestyle/mystic_lifestyle_events_l_english.yml,4469,2026-06-10T10:26:24.3595820Z
game/localization/english/event_localization/lifestyle/nickname/nickname_events_l_english.yml,Assets/CK3Map/Data/Source/game/localization/english/event_localization/lifestyle/nickname/nickname_events_l_english.yml,12551,2026-06-10T10:26:55.4634458Z
game/localization/english/event_localization/lifestyle/scholarship/learning_lifestyle_custom_loc_l_english.yml,Assets/CK3Map/Data/Source/game/localization/english/event_localization/lifestyle/scholarship/learning_lifestyle_custom_loc_l_english.yml,2120,2026-06-10T10:26:35.4690534Z
game/localization/english/event_localization/lifestyle/scholarship/learning_medicine_events_l_english.yml,Assets/CK3Map/Data/Source/game/localization/english/event_localization/lifestyle/scholarship/learning_medicine_events_l_english.yml,28835,2026-06-10T10:26:16.8077988Z
game/localization/english/event_localization/lifestyle/scholarship/learning_scholarship_events_l_english.yml,Assets/CK3Map/Data/Source/game/localization/english/event_localization/lifestyle/scholarship/learning_scholarship_events_l_english.yml,32608,2026-06-10T10:25:24.5793391Z
game/localization/english/event_localization/lifestyle/scholarship/learning_theology_events_l_english.yml,Assets/CK3Map/Data/Source/game/localization/english/event_localization/lifestyle/scholarship/learning_theology_events_l_english.yml,27719,2026-06-10T10:26:19.3834914Z
game/localization/english/event_localization/lifestyle/sell_titles_l_english.yml,Assets/CK3Map/Data/Source/game/localization/english/event_localization/lifestyle/sell_titles_l_english.yml,5056,2026-06-10T10:25:24.5783134Z
game/localization/english/event_localization/lifestyle/statecraft/desktop.ini,Assets/CK3Map/Data/Source/game/localization/english/event_localization/lifestyle/statecraft/desktop.ini,51,2026-06-10T10:26:25.2779003Z
game/localization/english/event_localization/lifestyle/statecraft/diplomacy_family_events_l_english.yml,Assets/CK3Map/Data/Source/game/localization/english/event_localization/lifestyle/statecraft/diplomacy_family_events_l_english.yml,33122,2026-06-10T10:27:15.2941228Z
game/localization/english/event_localization/lifestyle/statecraft/diplomacy_foreign_events_l_english.yml,Assets/CK3Map/Data/Source/game/localization/english/event_localization/lifestyle/statecraft/diplomacy_foreign_events_l_english.yml,33802,2026-06-10T10:25:57.6700346Z
game/localization/english/event_localization/lifestyle/statecraft/diplomacy_generic_events_l_english.yml,Assets/CK3Map/Data/Source/game/localization/english/event_localization/lifestyle/statecraft/diplomacy_generic_events_l_english.yml,12107,2026-06-10T10:25:57.6695198Z
game/localization/english/event_localization/lifestyle/statecraft/diplomacy_majesty_events_l_english.yml,Assets/CK3Map/Data/Source/game/localization/english/event_localization/lifestyle/statecraft/diplomacy_majesty_events_l_english.yml,22991,2026-06-10T10:26:30.0110665Z
game/localization/english/event_localization/lifestyle/subject_extortion_events_l_english.yml,Assets/CK3Map/Data/Source/game/localization/english/event_localization/lifestyle/subject_extortion_events_l_english.yml,4389,2026-06-10T10:26:16.8093472Z
game/localization/english/event_localization/lifestyle/wanderer/destination_l_english.yml,Assets/CK3Map/Data/Source/game/localization/english/event_localization/lifestyle/wanderer/destination_l_english.yml,9546,2026-06-10T10:26:54.3312240Z
game/localization/english/event_localization/lifestyle/wanderer/internal_affairs_l_english.yml,Assets/CK3Map/Data/Source/game/localization/english/event_localization/lifestyle/wanderer/internal_affairs_l_english.yml,12508,2026-06-10T10:25:24.5788228Z
game/localization/english/event_localization/lifestyle/wanderer/journey_l_english.yml,Assets/CK3Map/Data/Source/game/localization/english/event_localization/lifestyle/wanderer/journey_l_english.yml,19424,2026-06-10T10:26:45.3155166Z
game/localization/english/event_localization/lifestyle/wanderer/mapmaking_l_english.yml,Assets/CK3Map/Data/Source/game/localization/english/event_localization/lifestyle/wanderer/mapmaking_l_english.yml,19778,2026-06-10T10:26:06.5057666Z
game/localization/english/event_localization/lifestyle/wanderer/wanderer_lifestyle_l_english.yml,Assets/CK3Map/Data/Source/game/localization/english/event_localization/lifestyle/wanderer/wanderer_lifestyle_l_english.yml,27111,2026-06-10T10:26:39.0509842Z
game/localization/english/event_localization/lifestyle/warfare/historical_commander_trait_events_l_english.yml,Assets/CK3Map/Data/Source/game/localization/english/event_localization/lifestyle/warfare/historical_commander_trait_events_l_english.yml,6535,2026-06-10T10:26:39.0349238Z
game/localization/english/event_localization/lifestyle/warfare/learn_commander_trait_events_l_english.yml,Assets/CK3Map/Data/Source/game/localization/english/event_localization/lifestyle/warfare/learn_commander_trait_events_l_english.yml,10194,2026-06-10T10:26:16.8093472Z
game/localization/english/event_localization/lifestyle/warfare/martial_authority_events_2_l_english.yml,Assets/CK3Map/Data/Source/game/localization/english/event_localization/lifestyle/warfare/martial_authority_events_2_l_english.yml,10012,2026-06-10T10:25:24.5812816Z
game/localization/english/event_localization/lifestyle/warfare/martial_authority_events_l_english.yml,Assets/CK3Map/Data/Source/game/localization/english/event_localization/lifestyle/warfare/martial_authority_events_l_english.yml,11725,2026-06-10T10:26:06.5063022Z
game/localization/english/event_localization/lifestyle/warfare/martial_chivalry_events_l_english.yml,Assets/CK3Map/Data/Source/game/localization/english/event_localization/lifestyle/warfare/martial_chivalry_events_l_english.yml,31555,2026-06-10T10:27:18.3079520Z
game/localization/english/event_localization/lifestyle/warfare/martial_general_events_l_english.yml,Assets/CK3Map/Data/Source/game/localization/english/event_localization/lifestyle/warfare/martial_general_events_l_english.yml,99,2026-06-10T10:26:29.3179615Z
game/localization/english/event_localization/lifestyle/warfare/martial_lifestyle_custom_loc_l_english.yml,Assets/CK3Map/Data/Source/game/localization/english/event_localization/lifestyle/warfare/martial_lifestyle_custom_loc_l_english.yml,3866,2026-06-10T10:26:56.9527772Z
game/localization/english/event_localization/lifestyle/warfare/martial_strategy_events_2_l_english.yml,Assets/CK3Map/Data/Source/game/localization/english/event_localization/lifestyle/warfare/martial_strategy_events_2_l_english.yml,4730,2026-06-10T10:27:17.6574497Z
game/localization/english/event_localization/lifestyle/warfare/martial_strategy_events_l_english.yml,Assets/CK3Map/Data/Source/game/localization/english/event_localization/lifestyle/warfare/martial_strategy_events_l_english.yml,28366,2026-06-10T10:26:29.3179615Z
game/localization/english/event_localization/lifestyle/warfare/warhorse_events_l_english.yml,Assets/CK3Map/Data/Source/game/localization/english/event_localization/lifestyle/warfare/warhorse_events_l_english.yml,10836,2026-06-10T10:25:57.6700346Z
game/localization/english/event_localization/marriage_effect_events_l_english.yml,Assets/CK3Map/Data/Source/game/localization/english/event_localization/marriage_effect_events_l_english.yml,9359,2026-06-10T10:27:17.6538144Z
game/localization/english/event_localization/marriage_interaction_events_l_english.yml,Assets/CK3Map/Data/Source/game/localization/english/event_localization/marriage_interaction_events_l_english.yml,4025,2026-06-10T10:26:29.4770125Z
game/localization/english/event_localization/mpo_greatest_of_khans_events_l_english.yml,Assets/CK3Map/Data/Source/game/localization/english/event_localization/mpo_greatest_of_khans_events_l_english.yml,27621,2026-06-10T10:26:39.0349238Z
game/localization/english/event_localization/perk_interaction_events_l_english.yml,Assets/CK3Map/Data/Source/game/localization/english/event_localization/perk_interaction_events_l_english.yml,1104,2026-06-10T10:26:56.9527772Z
game/localization/english/event_localization/pregnancy_events_l_english.yml,Assets/CK3Map/Data/Source/game/localization/english/event_localization/pregnancy_events_l_english.yml,17369,2026-06-10T10:26:24.3623753Z
game/localization/english/event_localization/prison_events/dungeon_ongoing_events_l_english.yml,Assets/CK3Map/Data/Source/game/localization/english/event_localization/prison_events/dungeon_ongoing_events_l_english.yml,9435,2026-06-10T10:25:53.6557831Z
game/localization/english/event_localization/prison_events/house_arrest_ongoing_events_l_english.yml,Assets/CK3Map/Data/Source/game/localization/english/event_localization/prison_events/house_arrest_ongoing_events_l_english.yml,3384,2026-06-10T10:26:35.4695673Z
game/localization/english/event_localization/prison_events/prison_events_l_english.yml,Assets/CK3Map/Data/Source/game/localization/english/event_localization/prison_events/prison_events_l_english.yml,19141,2026-06-10T10:25:57.7300157Z
game/localization/english/event_localization/prison_events/prison_notification_events_l_english.yml,Assets/CK3Map/Data/Source/game/localization/english/event_localization/prison_events/prison_notification_events_l_english.yml,2494,2026-06-10T10:26:06.5198270Z
game/localization/english/event_localization/realm_maintenance_events_l_english.yml,Assets/CK3Map/Data/Source/game/localization/english/event_localization/realm_maintenance_events_l_english.yml,5345,2026-06-10T10:26:39.8705818Z
game/localization/english/event_localization/relation_events/adultery_events_l_english.yml,Assets/CK3Map/Data/Source/game/localization/english/event_localization/relation_events/adultery_events_l_english.yml,24969,2026-06-10T10:27:17.6245816Z
game/localization/english/event_localization/relation_events/bishop_events_2_l_english.yml,Assets/CK3Map/Data/Source/game/localization/english/event_localization/relation_events/bishop_events_2_l_english.yml,6097,2026-06-10T10:25:53.6603032Z
game/localization/english/event_localization/relation_events/bishop_events_l_english.yml,Assets/CK3Map/Data/Source/game/localization/english/event_localization/relation_events/bishop_events_l_english.yml,2849,2026-06-10T10:26:40.5310863Z
game/localization/english/event_localization/relation_events/friendship_events_l_english.yml,Assets/CK3Map/Data/Source/game/localization/english/event_localization/relation_events/friendship_events_l_english.yml,23371,2026-06-10T10:26:31.2653604Z
game/localization/english/event_localization/relation_events/lover_events_l_english.yml,Assets/CK3Map/Data/Source/game/localization/english/event_localization/relation_events/lover_events_l_english.yml,49157,2026-06-10T10:26:24.3628878Z
game/localization/english/event_localization/relation_events/mentor_student_events_l_english.yml,Assets/CK3Map/Data/Source/game/localization/english/event_localization/relation_events/mentor_student_events_l_english.yml,1509,2026-06-10T10:25:24.5731494Z
game/localization/english/event_localization/relation_events/parent_events_l_english.yml,Assets/CK3Map/Data/Source/game/localization/english/event_localization/relation_events/parent_events_l_english.yml,9041,2026-06-10T10:26:54.3295018Z
game/localization/english/event_localization/relation_events/relation_upgrade_events_l_english.yml,Assets/CK3Map/Data/Source/game/localization/english/event_localization/relation_events/relation_upgrade_events_l_english.yml,20792,2026-06-10T10:26:37.8007186Z
game/localization/english/event_localization/relation_events/rivalry_events_l_english.yml,Assets/CK3Map/Data/Source/game/localization/english/event_localization/relation_events/rivalry_events_l_english.yml,26823,2026-06-10T10:25:24.5812816Z
game/localization/english/event_localization/relation_events/sibling_events_l_english.yml,Assets/CK3Map/Data/Source/game/localization/english/event_localization/relation_events/sibling_events_l_english.yml,10399,2026-06-10T10:26:54.3300104Z
game/localization/english/event_localization/relation_events/spouse_events_l_english.yml,Assets/CK3Map/Data/Source/game/localization/english/event_localization/relation_events/spouse_events_l_english.yml,26804,2026-06-10T10:26:45.3137706Z
game/localization/english/event_localization/relation_events/vassal_events_l_english.yml,Assets/CK3Map/Data/Source/game/localization/english/event_localization/relation_events/vassal_events_l_english.yml,27683,2026-06-10T10:27:19.2885439Z
game/localization/english/event_localization/relation_events/wet_nurse_events_l_english.yml,Assets/CK3Map/Data/Source/game/localization/english/event_localization/relation_events/wet_nurse_events_l_english.yml,46621,2026-06-10T10:26:54.3586977Z
game/localization/english/event_localization/religion_events/faith_conversion_events_l_english.yml,Assets/CK3Map/Data/Source/game/localization/english/event_localization/religion_events/faith_conversion_events_l_english.yml,3172,2026-06-10T10:26:54.3586977Z
game/localization/english/event_localization/religion_events/faith_creation_events_l_english.yml,Assets/CK3Map/Data/Source/game/localization/english/event_localization/religion_events/faith_creation_events_l_english.yml,8450,2026-06-10T10:25:57.7300157Z
game/localization/english/event_localization/religion_events/fervor_events_l_english.yml,Assets/CK3Map/Data/Source/game/localization/english/event_localization/religion_events/fervor_events_l_english.yml,27125,2026-06-10T10:26:19.3869198Z
game/localization/english/event_localization/religion_events/head_of_faith_events_l_english.yml,Assets/CK3Map/Data/Source/game/localization/english/event_localization/religion_events/head_of_faith_events_l_english.yml,4688,2026-06-10T10:26:42.3425771Z
game/localization/english/event_localization/religion_events/heresy_events_l_english.yml,Assets/CK3Map/Data/Source/game/localization/english/event_localization/religion_events/heresy_events_l_english.yml,3007,2026-06-10T10:26:19.3881259Z
game/localization/english/event_localization/religion_events/holy_order_events_l_english.yml,Assets/CK3Map/Data/Source/game/localization/english/event_localization/religion_events/holy_order_events_l_english.yml,8789,2026-06-10T10:27:17.6532969Z
game/localization/english/event_localization/religion_events/jewish_events_l_english.yml,Assets/CK3Map/Data/Source/game/localization/english/event_localization/religion_events/jewish_events_l_english.yml,882,2026-06-10T10:26:06.5353953Z
game/localization/english/event_localization/religion_events/other_doctrine_events_l_english.yml,Assets/CK3Map/Data/Source/game/localization/english/event_localization/religion_events/other_doctrine_events_l_english.yml,14434,2026-06-10T10:26:39.0302051Z
game/localization/english/event_localization/religion_events/religious_decision_events_l_english.yml,Assets/CK3Map/Data/Source/game/localization/english/event_localization/religion_events/religious_decision_events_l_english.yml,25400,2026-06-10T10:26:06.5073359Z
game/localization/english/event_localization/religion_events/religious_interaction_events_l_english.yml,Assets/CK3Map/Data/Source/game/localization/english/event_localization/religion_events/religious_interaction_events_l_english.yml,29669,2026-06-10T10:26:06.5063022Z
game/localization/english/event_localization/schemes/abduct/abduct_outcome_events_l_english.yml,Assets/CK3Map/Data/Source/game/localization/english/event_localization/schemes/abduct/abduct_outcome_events_l_english.yml,6192,2026-06-10T10:26:16.8077988Z
game/localization/english/event_localization/schemes/befriend/befriend_ongoing_dislike_events_l_english.yml,Assets/CK3Map/Data/Source/game/localization/english/event_localization/schemes/befriend/befriend_ongoing_dislike_events_l_english.yml,6924,2026-06-10T10:26:06.5088946Z
game/localization/english/event_localization/schemes/befriend/befriend_ongoing_events_l_english.yml,Assets/CK3Map/Data/Source/game/localization/english/event_localization/schemes/befriend/befriend_ongoing_events_l_english.yml,48509,2026-06-10T10:26:45.3148313Z
game/localization/english/event_localization/schemes/befriend/befriend_ongoing_rival_events_l_english.yml,Assets/CK3Map/Data/Source/game/localization/english/event_localization/schemes/befriend/befriend_ongoing_rival_events_l_english.yml,6363,2026-06-10T10:26:24.3595820Z
game/localization/english/event_localization/schemes/befriend/befriend_outcome_events_l_english.yml,Assets/CK3Map/Data/Source/game/localization/english/event_localization/schemes/befriend/befriend_outcome_events_l_english.yml,22359,2026-06-10T10:26:06.5068157Z
game/localization/english/event_localization/schemes/claim_throne/claim_throne_ongoing_events_l_english.yml,Assets/CK3Map/Data/Source/game/localization/english/event_localization/schemes/claim_throne/claim_throne_ongoing_events_l_english.yml,6442,2026-06-10T10:25:53.6557831Z
game/localization/english/event_localization/schemes/claim_throne/claim_throne_outcome_events_l_english.yml,Assets/CK3Map/Data/Source/game/localization/english/event_localization/schemes/claim_throne/claim_throne_outcome_events_l_english.yml,8457,2026-06-10T10:25:53.6615848Z
game/localization/english/event_localization/schemes/court/court_ongoing_events_l_english.yml,Assets/CK3Map/Data/Source/game/localization/english/event_localization/schemes/court/court_ongoing_events_l_english.yml,42086,2026-06-10T10:26:24.3623753Z
game/localization/english/event_localization/schemes/court/court_outcome_events_l_english.yml,Assets/CK3Map/Data/Source/game/localization/english/event_localization/schemes/court/court_outcome_events_l_english.yml,11934,2026-06-10T10:26:16.8088291Z
game/localization/english/event_localization/schemes/diplomatic_scheme_lifestyle_events_l_english.yml,Assets/CK3Map/Data/Source/game/localization/english/event_localization/schemes/diplomatic_scheme_lifestyle_events_l_english.yml,3174,2026-06-10T10:26:54.3300104Z
game/localization/english/event_localization/schemes/elope_scheme_events_l_english.yml,Assets/CK3Map/Data/Source/game/localization/english/event_localization/schemes/elope_scheme_events_l_english.yml,8462,2026-06-10T10:26:24.3608390Z
game/localization/english/event_localization/schemes/fabricate_hook/fabricate_hook_ongoing_events_l_english.yml,Assets/CK3Map/Data/Source/game/localization/english/event_localization/schemes/fabricate_hook/fabricate_hook_ongoing_events_l_english.yml,3736,2026-06-10T10:25:57.7300157Z
game/localization/english/event_localization/schemes/fabricate_hook/fabricate_hook_outcome_events_l_english.yml,Assets/CK3Map/Data/Source/game/localization/english/event_localization/schemes/fabricate_hook/fabricate_hook_outcome_events_l_english.yml,4815,2026-06-10T10:26:54.3312240Z
game/localization/english/event_localization/schemes/hostile_scheme_discovery_events_l_english.yml,Assets/CK3Map/Data/Source/game/localization/english/event_localization/schemes/hostile_scheme_discovery_events_l_english.yml,7985,2026-06-10T10:26:16.8093472Z
game/localization/english/event_localization/schemes/intrigue_scheme_lifestyle_events_l_english.yml,Assets/CK3Map/Data/Source/game/localization/english/event_localization/schemes/intrigue_scheme_lifestyle_events_l_english.yml,9534,2026-06-10T10:25:57.7300157Z
game/localization/english/event_localization/schemes/intrigue_scheme_ongoing_events_l_english.yml,Assets/CK3Map/Data/Source/game/localization/english/event_localization/schemes/intrigue_scheme_ongoing_events_l_english.yml,34532,2026-06-10T10:26:24.3618608Z
game/localization/english/event_localization/schemes/learn_language/learn_language_ongoing_events_2_l_english.yml,Assets/CK3Map/Data/Source/game/localization/english/event_localization/schemes/learn_language/learn_language_ongoing_events_2_l_english.yml,1001,2026-06-10T10:27:17.6245816Z
game/localization/english/event_localization/schemes/learn_language/learn_language_ongoing_events_l_english.yml,Assets/CK3Map/Data/Source/game/localization/english/event_localization/schemes/learn_language/learn_language_ongoing_events_l_english.yml,21481,2026-06-10T10:25:57.7300157Z
game/localization/english/event_localization/schemes/learn_language/learn_language_outcome_events_l_english.yml,Assets/CK3Map/Data/Source/game/localization/english/event_localization/schemes/learn_language/learn_language_outcome_events_l_english.yml,4357,2026-06-10T10:26:19.4063941Z
game/localization/english/event_localization/schemes/murder/assassination_ongoing_events_l_english.yml,Assets/CK3Map/Data/Source/game/localization/english/event_localization/schemes/murder/assassination_ongoing_events_l_english.yml,8770,2026-06-10T10:25:53.6615848Z
game/localization/english/event_localization/schemes/murder/murder_ongoing_events_l_english.yml,Assets/CK3Map/Data/Source/game/localization/english/event_localization/schemes/murder/murder_ongoing_events_l_english.yml,2569,2026-06-10T10:26:37.8007186Z
game/localization/english/event_localization/schemes/murder/murder_outcome_events_l_english.yml,Assets/CK3Map/Data/Source/game/localization/english/event_localization/schemes/murder/murder_outcome_events_l_english.yml,88708,2026-06-10T10:26:56.9527772Z
game/localization/english/event_localization/schemes/murder/murder_save_events_l_english.yml,Assets/CK3Map/Data/Source/game/localization/english/event_localization/schemes/murder/murder_save_events_l_english.yml,21934,2026-06-10T10:26:19.3820883Z
game/localization/english/event_localization/schemes/personal_scheme_ongoing_events_l_english.yml,Assets/CK3Map/Data/Source/game/localization/english/event_localization/schemes/personal_scheme_ongoing_events_l_english.yml,803,2026-06-10T10:26:54.9185775Z
game/localization/english/event_localization/schemes/seduce/seduce_ongoing_events_l_english.yml,Assets/CK3Map/Data/Source/game/localization/english/event_localization/schemes/seduce/seduce_ongoing_events_l_english.yml,83918,2026-06-10T10:26:32.2940678Z
game/localization/english/event_localization/schemes/seduce/seduce_outcome_events_l_english.yml,Assets/CK3Map/Data/Source/game/localization/english/event_localization/schemes/seduce/seduce_outcome_events_l_english.yml,32409,2026-06-10T10:26:16.8088291Z
game/localization/english/event_localization/schemes/steal_back_artifact/steal_back_artifact_ongoing_events_l_english.yml,Assets/CK3Map/Data/Source/game/localization/english/event_localization/schemes/steal_back_artifact/steal_back_artifact_ongoing_events_l_english.yml,2414,2026-06-10T10:26:31.7696888Z
game/localization/english/event_localization/schemes/steal_back_artifact/steal_back_artifact_outcome_events_l_english.yml,Assets/CK3Map/Data/Source/game/localization/english/event_localization/schemes/steal_back_artifact/steal_back_artifact_outcome_events_l_english.yml,1708,2026-06-10T10:26:29.5725206Z
game/localization/english/event_localization/schemes/study_confucian_classics_l_english.yml,Assets/CK3Map/Data/Source/game/localization/english/event_localization/schemes/study_confucian_classics_l_english.yml,18030,2026-06-10T10:26:24.3623753Z
game/localization/english/event_localization/schemes/sway/sway_ongoing_events_l_english.yml,Assets/CK3Map/Data/Source/game/localization/english/event_localization/schemes/sway/sway_ongoing_events_l_english.yml,15819,2026-06-10T10:26:45.3187830Z
game/localization/english/event_localization/schemes/sway/sway_outcome_events_l_english.yml,Assets/CK3Map/Data/Source/game/localization/english/event_localization/schemes/sway/sway_outcome_events_l_english.yml,3986,2026-06-10T10:25:53.6557831Z
game/localization/english/event_localization/secret_events/secrets_events_l_english.yml,Assets/CK3Map/Data/Source/game/localization/english/event_localization/secret_events/secrets_events_l_english.yml,50078,2026-06-10T10:26:24.3595820Z
game/localization/english/event_localization/secret_events/secret_bastard_events_l_english.yml,Assets/CK3Map/Data/Source/game/localization/english/event_localization/secret_events/secret_bastard_events_l_english.yml,22819,2026-06-10T10:26:19.4116130Z
game/localization/english/event_localization/south_asia_events_l_english.yml,Assets/CK3Map/Data/Source/game/localization/english/event_localization/south_asia_events_l_english.yml,17011,2026-06-10T10:25:57.7300157Z
game/localization/english/event_localization/story_cycles/fp2_story_cycle_bell_of_huesca_l_english.yml,Assets/CK3Map/Data/Source/game/localization/english/event_localization/story_cycles/fp2_story_cycle_bell_of_huesca_l_english.yml,6093,2026-06-10T10:26:37.8159056Z
game/localization/english/event_localization/story_cycles/hunt_mystical_animal_events_l_english.yml,Assets/CK3Map/Data/Source/game/localization/english/event_localization/story_cycles/hunt_mystical_animal_events_l_english.yml,7710,2026-06-10T10:25:24.5877816Z
game/localization/english/event_localization/story_cycles/pet_animal_events_l_english.yml,Assets/CK3Map/Data/Source/game/localization/english/event_localization/story_cycles/pet_animal_events_l_english.yml,60780,2026-06-10T10:25:57.7300157Z
game/localization/english/event_localization/story_cycles/story_cycles_l_english.yml,Assets/CK3Map/Data/Source/game/localization/english/event_localization/story_cycles/story_cycles_l_english.yml,12734,2026-06-10T10:26:24.3623753Z
game/localization/english/event_localization/story_cycles/story_cycle_harrying_of_the_north_l_english.yml,Assets/CK3Map/Data/Source/game/localization/english/event_localization/story_cycles/story_cycle_harrying_of_the_north_l_english.yml,38446,2026-06-10T10:26:17.3647858Z
game/localization/english/event_localization/story_cycles/story_cycle_infidelity_confrontation_l_english.yml,Assets/CK3Map/Data/Source/game/localization/english/event_localization/story_cycles/story_cycle_infidelity_confrontation_l_english.yml,17304,2026-06-10T10:26:17.6140759Z
game/localization/english/event_localization/story_cycles/story_cycle_murders_at_court_l_english.yml,Assets/CK3Map/Data/Source/game/localization/english/event_localization/story_cycles/story_cycle_murders_at_court_l_english.yml,15337,2026-06-10T10:26:39.8870692Z
game/localization/english/event_localization/story_cycles/story_cycle_peasant_affair_l_english.yml,Assets/CK3Map/Data/Source/game/localization/english/event_localization/story_cycles/story_cycle_peasant_affair_l_english.yml,11087,2026-06-10T10:26:45.3155166Z
game/localization/english/event_localization/story_cycles/story_cycle_tax_rivalry_events_l_english.yml,Assets/CK3Map/Data/Source/game/localization/english/event_localization/story_cycles/story_cycle_tax_rivalry_events_l_english.yml,10149,2026-06-10T10:25:24.5783134Z
game/localization/english/event_localization/stress_events/stress_threshold_events_1_l_english.yml,Assets/CK3Map/Data/Source/game/localization/english/event_localization/stress_events/stress_threshold_events_1_l_english.yml,50274,2026-06-10T10:26:56.9527772Z
game/localization/english/event_localization/stress_events/stress_threshold_events_l_english.yml,Assets/CK3Map/Data/Source/game/localization/english/event_localization/stress_events/stress_threshold_events_l_english.yml,21962,2026-06-10T10:25:57.7918658Z
game/localization/english/event_localization/stress_events/stress_threshold_prison_events_l_english.yml,Assets/CK3Map/Data/Source/game/localization/english/event_localization/stress_events/stress_threshold_prison_events_l_english.yml,9179,2026-06-10T10:25:24.5827890Z
game/localization/english/event_localization/stress_events/stress_threshold_special_events_l_english.yml,Assets/CK3Map/Data/Source/game/localization/english/event_localization/stress_events/stress_threshold_special_events_l_english.yml,5423,2026-06-10T10:26:24.4122552Z
game/localization/english/event_localization/stress_events/stress_trait_coping_decisions_events_l_english.yml,Assets/CK3Map/Data/Source/game/localization/english/event_localization/stress_events/stress_trait_coping_decisions_events_l_english.yml,17103,2026-06-10T10:26:39.0364645Z
game/localization/english/event_localization/stress_events/stress_trait_ongoing_events_l_english.yml,Assets/CK3Map/Data/Source/game/localization/english/event_localization/stress_events/stress_trait_ongoing_events_l_english.yml,14186,2026-06-10T10:26:39.0391617Z
game/localization/english/event_localization/title_events_l_english.yml,Assets/CK3Map/Data/Source/game/localization/english/event_localization/title_events_l_english.yml,3133,2026-06-10T10:25:24.5793391Z
game/localization/english/event_localization/trait_specific_events/trait_specific_events_l_english.yml,Assets/CK3Map/Data/Source/game/localization/english/event_localization/trait_specific_events/trait_specific_events_l_english.yml,9471,2026-06-10T10:26:32.0804402Z
game/localization/english/event_localization/trait_specific_events/trait_specific_interaction_events_l_english.yml,Assets/CK3Map/Data/Source/game/localization/english/event_localization/trait_specific_events/trait_specific_interaction_events_l_english.yml,4615,2026-06-10T10:26:19.3852472Z
game/localization/english/event_localization/trait_specific_events/trait_specific_ongoing_events_l_english.yml,Assets/CK3Map/Data/Source/game/localization/english/event_localization/trait_specific_events/trait_specific_ongoing_events_l_english.yml,31519,2026-06-10T10:26:16.8077988Z
game/localization/english/event_localization/travel_events/tgp_travel_events_l_english.yml,Assets/CK3Map/Data/Source/game/localization/english/event_localization/travel_events/tgp_travel_events_l_english.yml,9260,2026-06-10T10:26:06.5057666Z
game/localization/english/event_localization/travel_events/travel_completion_events_l_english.yml,Assets/CK3Map/Data/Source/game/localization/english/event_localization/travel_events/travel_completion_events_l_english.yml,3196,2026-06-10T10:27:15.2956699Z
game/localization/english/event_localization/travel_events/travel_danger_events_ariana_l_english.yml,Assets/CK3Map/Data/Source/game/localization/english/event_localization/travel_events/travel_danger_events_ariana_l_english.yml,4505,2026-06-10T10:26:16.8077988Z
game/localization/english/event_localization/travel_events/travel_danger_events_chad_l_english.yml,Assets/CK3Map/Data/Source/game/localization/english/event_localization/travel_events/travel_danger_events_chad_l_english.yml,10411,2026-06-10T10:26:35.4695673Z
game/localization/english/event_localization/travel_events/travel_danger_events_filippa_l_english.yml,Assets/CK3Map/Data/Source/game/localization/english/event_localization/travel_events/travel_danger_events_filippa_l_english.yml,6522,2026-06-10T10:26:24.3603214Z
game/localization/english/event_localization/travel_events/travel_danger_events_joe_l_english.yml,Assets/CK3Map/Data/Source/game/localization/english/event_localization/travel_events/travel_danger_events_joe_l_english.yml,18247,2026-06-10T10:26:19.3869198Z
game/localization/english/event_localization/travel_events/travel_danger_events_klank_l_english.yml,Assets/CK3Map/Data/Source/game/localization/english/event_localization/travel_events/travel_danger_events_klank_l_english.yml,8248,2026-06-10T10:26:54.9185775Z
game/localization/english/event_localization/travel_events/travel_danger_events_l_english.yml,Assets/CK3Map/Data/Source/game/localization/english/event_localization/travel_events/travel_danger_events_l_english.yml,24931,2026-06-10T10:26:19.4095283Z
game/localization/english/event_localization/travel_events/travel_danger_events_oltner_l_english.yml,Assets/CK3Map/Data/Source/game/localization/english/event_localization/travel_events/travel_danger_events_oltner_l_english.yml,7749,2026-06-10T10:26:19.3876161Z
game/localization/english/event_localization/travel_events/travel_events_bjorn_l_english.yml,Assets/CK3Map/Data/Source/game/localization/english/event_localization/travel_events/travel_events_bjorn_l_english.yml,1842,2026-06-10T10:25:24.5812816Z
game/localization/english/event_localization/travel_events/travel_events_cities_l_english.yml,Assets/CK3Map/Data/Source/game/localization/english/event_localization/travel_events/travel_events_cities_l_english.yml,11752,2026-06-10T10:26:16.8108908Z
game/localization/english/event_localization/travel_events/travel_events_cultural_traditions_l_english.yml,Assets/CK3Map/Data/Source/game/localization/english/event_localization/travel_events/travel_events_cultural_traditions_l_english.yml,16305,2026-06-10T10:25:57.7929031Z
game/localization/english/event_localization/travel_events/travel_events_dan_l_english.yml,Assets/CK3Map/Data/Source/game/localization/english/event_localization/travel_events/travel_events_dan_l_english.yml,1773,2026-06-10T10:26:39.2084672Z
game/localization/english/event_localization/travel_events/travel_events_filippa_l_english.yml,Assets/CK3Map/Data/Source/game/localization/english/event_localization/travel_events/travel_events_filippa_l_english.yml,87929,2026-06-10T10:26:16.8108908Z
game/localization/english/event_localization/travel_events/travel_events_fp3_l_english.yml,Assets/CK3Map/Data/Source/game/localization/english/event_localization/travel_events/travel_events_fp3_l_english.yml,12140,2026-06-10T10:26:24.3613495Z
game/localization/english/event_localization/travel_events/travel_events_l_english.yml,Assets/CK3Map/Data/Source/game/localization/english/event_localization/travel_events/travel_events_l_english.yml,59312,2026-06-10T10:25:24.5798514Z
game/localization/english/event_localization/travel_events/travel_events_mpo_l_english.yml,Assets/CK3Map/Data/Source/game/localization/english/event_localization/travel_events/travel_events_mpo_l_english.yml,3472,2026-06-10T10:26:45.3155166Z
game/localization/english/event_localization/travel_events/travel_events_veronica_l_english.yml,Assets/CK3Map/Data/Source/game/localization/english/event_localization/travel_events/travel_events_veronica_l_english.yml,37915,2026-06-10T10:25:24.5793391Z
game/localization/english/event_localization/travel_events/travel_ruler_events_l_english.yml,Assets/CK3Map/Data/Source/game/localization/english/event_localization/travel_events/travel_ruler_events_l_english.yml,100,2026-06-10T10:26:29.4587614Z
game/localization/english/event_localization/travel_events/travel_start_events_l_english.yml,Assets/CK3Map/Data/Source/game/localization/english/event_localization/travel_events/travel_start_events_l_english.yml,35757,2026-06-10T10:27:15.2946447Z
game/localization/english/event_localization/tutorial_events_l_english.yml,Assets/CK3Map/Data/Source/game/localization/english/event_localization/tutorial_events_l_english.yml,3593,2026-06-10T10:25:24.6326123Z
game/localization/english/event_localization/vassal_interaction_events_l_english.yml,Assets/CK3Map/Data/Source/game/localization/english/event_localization/vassal_interaction_events_l_english.yml,5871,2026-06-10T10:26:24.3603214Z
game/localization/english/event_localization/war_event/combat_events_l_english.yml,Assets/CK3Map/Data/Source/game/localization/english/event_localization/war_event/combat_events_l_english.yml,9392,2026-06-10T10:25:57.7934243Z
game/localization/english/event_localization/war_event/flowery_war_events_l_english.yml,Assets/CK3Map/Data/Source/game/localization/english/event_localization/war_event/flowery_war_events_l_english.yml,2153,2026-06-10T10:25:53.6557831Z
game/localization/english/event_localization/war_event/great_holy_war_events_l_english.yml,Assets/CK3Map/Data/Source/game/localization/english/event_localization/war_event/great_holy_war_events_l_english.yml,27291,2026-06-10T10:25:57.7929031Z
game/localization/english/event_localization/war_event/raid_events_l_english.yml,Assets/CK3Map/Data/Source/game/localization/english/event_localization/war_event/raid_events_l_english.yml,7842,2026-06-10T10:26:45.3148313Z
game/localization/english/event_localization/war_event/siege_events_l_english.yml,Assets/CK3Map/Data/Source/game/localization/english/event_localization/war_event/siege_events_l_english.yml,4571,2026-06-10T10:26:39.0369822Z
game/localization/english/event_localization/war_event/war_events_l_english.yml,Assets/CK3Map/Data/Source/game/localization/english/event_localization/war_event/war_events_l_english.yml,6498,2026-06-10T10:25:57.7929031Z
game/localization/english/event_localization/witch_events_l_english.yml,Assets/CK3Map/Data/Source/game/localization/english/event_localization/witch_events_l_english.yml,35288,2026-06-10T10:26:16.8103797Z
game/localization/english/event_localization/yearly_events/bp1_dan_yearly_l_english.yml,Assets/CK3Map/Data/Source/game/localization/english/event_localization/yearly_events/bp1_dan_yearly_l_english.yml,18666,2026-06-10T10:25:57.7929031Z
game/localization/english/event_localization/yearly_events/bp1_james_yearly_events_l_english.yml,Assets/CK3Map/Data/Source/game/localization/english/event_localization/yearly_events/bp1_james_yearly_events_l_english.yml,73159,2026-06-10T10:26:30.1759124Z
game/localization/english/event_localization/yearly_events/bp1_yearly_events_chad_l_english.yml,Assets/CK3Map/Data/Source/game/localization/english/event_localization/yearly_events/bp1_yearly_events_chad_l_english.yml,15775,2026-06-10T10:26:39.0702821Z
game/localization/english/event_localization/yearly_events/bp1_yearly_events_claudia_l_english.yml,Assets/CK3Map/Data/Source/game/localization/english/event_localization/yearly_events/bp1_yearly_events_claudia_l_english.yml,20120,2026-06-10T10:26:39.0386467Z
game/localization/english/event_localization/yearly_events/bp1_yearly_events_jason_l_english.yml,Assets/CK3Map/Data/Source/game/localization/english/event_localization/yearly_events/bp1_yearly_events_jason_l_english.yml,6959,2026-06-10T10:25:57.7929031Z
game/localization/english/event_localization/yearly_events/mpo_ariana_yearly_l_english.yml,Assets/CK3Map/Data/Source/game/localization/english/event_localization/yearly_events/mpo_ariana_yearly_l_english.yml,32604,2026-06-10T10:25:24.6331212Z
game/localization/english/event_localization/yearly_events/varangian_events_l_english.yml,Assets/CK3Map/Data/Source/game/localization/english/event_localization/yearly_events/varangian_events_l_english.yml,2796,2026-06-10T10:25:24.6326123Z
game/localization/english/event_localization/yearly_events/yearly_events_2_l_english.yml,Assets/CK3Map/Data/Source/game/localization/english/event_localization/yearly_events/yearly_events_2_l_english.yml,45519,2026-06-10T10:25:57.7918658Z
game/localization/english/event_localization/yearly_events/yearly_events_3_l_english.yml,Assets/CK3Map/Data/Source/game/localization/english/event_localization/yearly_events/yearly_events_3_l_english.yml,13801,2026-06-10T10:26:16.8088291Z
game/localization/english/event_localization/yearly_events/yearly_events_4_l_english.yml,Assets/CK3Map/Data/Source/game/localization/english/event_localization/yearly_events/yearly_events_4_l_english.yml,8452,2026-06-10T10:25:53.6603032Z
game/localization/english/event_localization/yearly_events/yearly_events_5_l_english.yml,Assets/CK3Map/Data/Source/game/localization/english/event_localization/yearly_events/yearly_events_5_l_english.yml,38670,2026-06-10T10:26:30.0311959Z
game/localization/english/event_localization/yearly_events/yearly_events_6_l_english.yml,Assets/CK3Map/Data/Source/game/localization/english/event_localization/yearly_events/yearly_events_6_l_english.yml,2989,2026-06-10T10:26:30.3268229Z
game/localization/english/event_localization/yearly_events/yearly_events_7_l_english.yml,Assets/CK3Map/Data/Source/game/localization/english/event_localization/yearly_events/yearly_events_7_l_english.yml,28707,2026-06-10T10:25:53.7184548Z
game/localization/english/event_localization/yearly_events/yearly_events_l_english.yml,Assets/CK3Map/Data/Source/game/localization/english/event_localization/yearly_events/yearly_events_l_english.yml,17340,2026-06-10T10:27:11.4533597Z
game/localization/english/event_localization/yearly_events/yearly_events_persian_l_english.yml,Assets/CK3Map/Data/Source/game/localization/english/event_localization/yearly_events/yearly_events_persian_l_english.yml,2404,2026-06-10T10:25:53.7184548Z
game/localization/english/event_localization/yearly_events/yearly_events_sahara_l_english.yml,Assets/CK3Map/Data/Source/game/localization/english/event_localization/yearly_events/yearly_events_sahara_l_english.yml,10426,2026-06-10T10:26:45.3172693Z
game/localization/english/event_localization/yearly_events/yearly_feud_l_english.yml,Assets/CK3Map/Data/Source/game/localization/english/event_localization/yearly_events/yearly_feud_l_english.yml,9260,2026-06-10T10:25:57.7934243Z
game/localization/english/factions_l_english.yml,Assets/CK3Map/Data/Source/game/localization/english/factions_l_english.yml,51659,2026-06-10T10:25:24.6326123Z
game/localization/english/fleet_l_english.yml,Assets/CK3Map/Data/Source/game/localization/english/fleet_l_english.yml,299,2026-06-10T10:26:37.7855171Z
game/localization/english/focuses_l_english.yml,Assets/CK3Map/Data/Source/game/localization/english/focuses_l_english.yml,14959,2026-06-10T10:27:15.2951543Z
game/localization/english/game_concepts_l_english.yml,Assets/CK3Map/Data/Source/game/localization/english/game_concepts_l_english.yml,373352,2026-06-10T10:17:28.5932166Z
game/localization/english/game_rules_l_english.yml,Assets/CK3Map/Data/Source/game/localization/english/game_rules_l_english.yml,114652,2026-06-10T10:26:24.3628878Z
game/localization/english/general_tooltips_l_english.yml,Assets/CK3Map/Data/Source/game/localization/english/general_tooltips_l_english.yml,359,2026-06-10T10:26:29.8226095Z
game/localization/english/government_l_english.yml,Assets/CK3Map/Data/Source/game/localization/english/government_l_english.yml,86284,2026-06-10T10:25:57.7923828Z
game/localization/english/great_projects/great_projects_msg_l_english.yml,Assets/CK3Map/Data/Source/game/localization/english/great_projects/great_projects_msg_l_english.yml,457,2026-06-10T10:27:11.4533597Z
game/localization/english/great_projects/great_project_l_english.yml,Assets/CK3Map/Data/Source/game/localization/english/great_projects/great_project_l_english.yml,7541,2026-06-10T10:26:39.2449455Z
game/localization/english/great_projects/great_project_types_l_english.yml,Assets/CK3Map/Data/Source/game/localization/english/great_projects/great_project_types_l_english.yml,64243,2026-06-10T10:25:24.6341650Z
game/localization/english/guest_descriptions_l_english.yml,Assets/CK3Map/Data/Source/game/localization/english/guest_descriptions_l_english.yml,4091,2026-06-10T10:26:19.4095283Z
game/localization/english/gui/activity_list_window_l_english.yml,Assets/CK3Map/Data/Source/game/localization/english/gui/activity_list_window_l_english.yml,9107,2026-06-10T10:26:30.3253067Z
game/localization/english/gui/activity_planner_l_english.yml,Assets/CK3Map/Data/Source/game/localization/english/gui/activity_planner_l_english.yml,10063,2026-06-10T10:26:16.8108908Z
game/localization/english/gui/activity_window_l_english.yml,Assets/CK3Map/Data/Source/game/localization/english/gui/activity_window_l_english.yml,14798,2026-06-10T10:25:24.6320767Z
game/localization/english/gui/ai_automation_options_view_l_english.yml,Assets/CK3Map/Data/Source/game/localization/english/gui/ai_automation_options_view_l_english.yml,4194,2026-06-10T10:26:39.0359486Z
game/localization/english/gui/armyview_l_english.yml,Assets/CK3Map/Data/Source/game/localization/english/gui/armyview_l_english.yml,19573,2026-06-10T10:25:24.6336390Z
game/localization/english/gui/backgrounds_l_english.yml,Assets/CK3Map/Data/Source/game/localization/english/gui/backgrounds_l_english.yml,7926,2026-06-10T10:27:15.2966991Z
game/localization/english/gui/banners_view_l_english.yml,Assets/CK3Map/Data/Source/game/localization/english/gui/banners_view_l_english.yml,3719,2026-06-10T10:26:45.3203968Z
game/localization/english/gui/bannerwindow_l_english.yml,Assets/CK3Map/Data/Source/game/localization/english/gui/bannerwindow_l_english.yml,764,2026-06-10T10:26:45.3187830Z
game/localization/english/gui/barbershop_window_l_english.yml,Assets/CK3Map/Data/Source/game/localization/english/gui/barbershop_window_l_english.yml,3937,2026-06-10T10:25:24.6341650Z
game/localization/english/gui/barter_window_l_english.yml,Assets/CK3Map/Data/Source/game/localization/english/gui/barter_window_l_english.yml,1687,2026-06-10T10:26:45.3433514Z
game/localization/english/gui/battlesummary_l_english.yml,Assets/CK3Map/Data/Source/game/localization/english/gui/battlesummary_l_english.yml,5060,2026-06-10T10:26:24.3950907Z
game/localization/english/gui/characterfocuswindow_l_english.yml,Assets/CK3Map/Data/Source/game/localization/english/gui/characterfocuswindow_l_english.yml,1677,2026-06-10T10:25:57.7934243Z
game/localization/english/gui/characterinteractionnotificationwindow_l_english.yml,Assets/CK3Map/Data/Source/game/localization/english/gui/characterinteractionnotificationwindow_l_english.yml,547,2026-06-10T10:26:16.8114097Z
game/localization/english/gui/characterinteractionwindow_l_english.yml,Assets/CK3Map/Data/Source/game/localization/english/gui/characterinteractionwindow_l_english.yml,3831,2026-06-10T10:26:31.7999500Z
game/localization/english/gui/character_finder_l_english.yml,Assets/CK3Map/Data/Source/game/localization/english/gui/character_finder_l_english.yml,461,2026-06-10T10:26:54.3343474Z
game/localization/english/gui/character_list_l_english.yml,Assets/CK3Map/Data/Source/game/localization/english/gui/character_list_l_english.yml,19218,2026-06-10T10:26:06.5057666Z
game/localization/english/gui/character_window_l_english.yml,Assets/CK3Map/Data/Source/game/localization/english/gui/character_window_l_english.yml,15927,2026-06-10T10:26:24.3595820Z
game/localization/english/gui/coa_designer_l_english.yml,Assets/CK3Map/Data/Source/game/localization/english/gui/coa_designer_l_english.yml,7269,2026-06-10T10:26:45.3172693Z
game/localization/english/gui/combatview_l_english.yml,Assets/CK3Map/Data/Source/game/localization/english/gui/combatview_l_english.yml,121,2026-06-10T10:26:31.7717617Z
game/localization/english/gui/combat_window_l_english.yml,Assets/CK3Map/Data/Source/game/localization/english/gui/combat_window_l_english.yml,6539,2026-06-10T10:25:57.7918658Z
game/localization/english/gui/common_l_english.yml,Assets/CK3Map/Data/Source/game/localization/english/gui/common_l_english.yml,10311,2026-06-10T10:25:53.7184548Z
game/localization/english/gui/confederation_l_english.yml,Assets/CK3Map/Data/Source/game/localization/english/gui/confederation_l_english.yml,12977,2026-06-10T10:27:11.5141901Z
game/localization/english/gui/contract_window_l_english.yml,Assets/CK3Map/Data/Source/game/localization/english/gui/contract_window_l_english.yml,6012,2026-06-10T10:25:53.7184548Z
game/localization/english/gui/council_window_l_english.yml,Assets/CK3Map/Data/Source/game/localization/english/gui/council_window_l_english.yml,6772,2026-06-10T10:25:53.7200640Z
game/localization/english/gui/courtwindow_l_english.yml,Assets/CK3Map/Data/Source/game/localization/english/gui/courtwindow_l_english.yml,366,2026-06-10T10:25:53.7184548Z
game/localization/english/gui/court_grandeur_window_l_english.yml,Assets/CK3Map/Data/Source/game/localization/english/gui/court_grandeur_window_l_english.yml,7238,2026-06-10T10:26:24.3950907Z
game/localization/english/gui/court_window_l_english.yml,Assets/CK3Map/Data/Source/game/localization/english/gui/court_window_l_english.yml,183,2026-06-10T10:25:24.6346892Z
game/localization/english/gui/create_claimant_faction_window_l_english.yml,Assets/CK3Map/Data/Source/game/localization/english/gui/create_claimant_faction_window_l_english.yml,449,2026-06-10T10:25:53.7339883Z
game/localization/english/gui/culture_divergence_window_l_english.yml,Assets/CK3Map/Data/Source/game/localization/english/gui/culture_divergence_window_l_english.yml,2612,2026-06-10T10:26:19.4095283Z
game/localization/english/gui/culture_hybridization_window_l_english.yml,Assets/CK3Map/Data/Source/game/localization/english/gui/culture_hybridization_window_l_english.yml,5230,2026-06-10T10:25:29.2700919Z
game/localization/english/gui/culture_window_l_english.yml,Assets/CK3Map/Data/Source/game/localization/english/gui/culture_window_l_english.yml,21855,2026-06-10T10:26:58.3646452Z
game/localization/english/gui/data_bindings_l_english.yml,Assets/CK3Map/Data/Source/game/localization/english/gui/data_bindings_l_english.yml,294,2026-06-10T10:26:54.3295018Z
game/localization/english/gui/decisionsview_l_english.yml,Assets/CK3Map/Data/Source/game/localization/english/gui/decisionsview_l_english.yml,2174,2026-06-10T10:26:45.3438698Z
game/localization/english/gui/diarchy_window_l_english.yml,Assets/CK3Map/Data/Source/game/localization/english/gui/diarchy_window_l_english.yml,10226,2026-06-10T10:26:54.3327716Z
game/localization/english/gui/domicile_window_l_english.yml,Assets/CK3Map/Data/Source/game/localization/english/gui/domicile_window_l_english.yml,9185,2026-06-10T10:25:57.7929031Z
game/localization/english/gui/dynasty_view_l_english.yml,Assets/CK3Map/Data/Source/game/localization/english/gui/dynasty_view_l_english.yml,5501,2026-06-10T10:26:16.8098612Z
game/localization/english/gui/encyclopedia_l_english.yml,Assets/CK3Map/Data/Source/game/localization/english/gui/encyclopedia_l_english.yml,2159,2026-06-10T10:26:39.0402546Z
game/localization/english/gui/epidemics_window_l_english.yml,Assets/CK3Map/Data/Source/game/localization/english/gui/epidemics_window_l_english.yml,4379,2026-06-10T10:25:53.7184548Z
game/localization/english/gui/event_window_l_english.yml,Assets/CK3Map/Data/Source/game/localization/english/gui/event_window_l_english.yml,22041,2026-06-10T10:26:54.3338103Z
game/localization/english/gui/event_window_wigets_l_english.yml,Assets/CK3Map/Data/Source/game/localization/english/gui/event_window_wigets_l_english.yml,4641,2026-06-10T10:25:53.7200640Z
game/localization/english/gui/examination_success_chance_l_english.yml,Assets/CK3Map/Data/Source/game/localization/english/gui/examination_success_chance_l_english.yml,1265,2026-06-10T10:25:53.7200640Z
game/localization/english/gui/factions_view_l_english.yml,Assets/CK3Map/Data/Source/game/localization/english/gui/factions_view_l_english.yml,10313,2026-06-10T10:26:29.7601428Z
game/localization/english/gui/faith_view_l_english.yml,Assets/CK3Map/Data/Source/game/localization/english/gui/faith_view_l_english.yml,15221,2026-06-10T10:26:19.4131551Z
game/localization/english/gui/family_attribute_window_l_english.yml,Assets/CK3Map/Data/Source/game/localization/english/gui/family_attribute_window_l_english.yml,3392,2026-06-10T10:26:24.3950907Z
game/localization/english/gui/findtitleview_l_english.yml,Assets/CK3Map/Data/Source/game/localization/english/gui/findtitleview_l_english.yml,41,2026-06-10T10:26:54.3353870Z
game/localization/english/gui/frontend_gamesetup_l_english.yml,Assets/CK3Map/Data/Source/game/localization/english/gui/frontend_gamesetup_l_english.yml,1905,2026-06-10T10:25:53.7339883Z
game/localization/english/gui/frontend_l_english.yml,Assets/CK3Map/Data/Source/game/localization/english/gui/frontend_l_english.yml,5186,2026-06-10T10:27:17.6538144Z
game/localization/english/gui/frontend_mp_game_setup_l_english.yml,Assets/CK3Map/Data/Source/game/localization/english/gui/frontend_mp_game_setup_l_english.yml,523,2026-06-10T10:26:45.3433514Z
game/localization/english/gui/government_administration_window_l_english.yml,Assets/CK3Map/Data/Source/game/localization/english/gui/government_administration_window_l_english.yml,19235,2026-06-10T10:26:39.0374944Z
game/localization/english/gui/great_holy_war_view_l_english.yml,Assets/CK3Map/Data/Source/game/localization/english/gui/great_holy_war_view_l_english.yml,8167,2026-06-10T10:25:57.8550036Z
game/localization/english/gui/hired_troops_view_l_english.yml,Assets/CK3Map/Data/Source/game/localization/english/gui/hired_troops_view_l_english.yml,9578,2026-06-10T10:25:57.8550036Z
game/localization/english/gui/holding_view_l_english.yml,Assets/CK3Map/Data/Source/game/localization/english/gui/holding_view_l_english.yml,24265,2026-06-10T10:26:54.3586977Z
game/localization/english/gui/house_relation_history_l_english.yml,Assets/CK3Map/Data/Source/game/localization/english/gui/house_relation_history_l_english.yml,204,2026-06-10T10:26:24.3549307Z
game/localization/english/gui/house_view_l_english.yml,Assets/CK3Map/Data/Source/game/localization/english/gui/house_view_l_english.yml,11760,2026-06-10T10:26:30.3293483Z
game/localization/english/gui/ingame_main_l_english.yml,Assets/CK3Map/Data/Source/game/localization/english/gui/ingame_main_l_english.yml,29258,2026-06-10T10:26:19.3810630Z
game/localization/english/gui/interaction_council_task_window_l_english.yml,Assets/CK3Map/Data/Source/game/localization/english/gui/interaction_council_task_window_l_english.yml,788,2026-06-10T10:26:39.8705818Z
game/localization/english/gui/interaction_court_task_window_l_english.yml,Assets/CK3Map/Data/Source/game/localization/english/gui/interaction_court_task_window_l_english.yml,437,2026-06-10T10:25:53.7339883Z
game/localization/english/gui/inventory_window_l_english.yml,Assets/CK3Map/Data/Source/game/localization/english/gui/inventory_window_l_english.yml,1796,2026-06-10T10:26:54.3586977Z
game/localization/english/gui/kill_list_l_english.yml,Assets/CK3Map/Data/Source/game/localization/english/gui/kill_list_l_english.yml,675,2026-06-10T10:25:53.7200640Z
game/localization/english/gui/knightsview_l_english.yml,Assets/CK3Map/Data/Source/game/localization/english/gui/knightsview_l_english.yml,6024,2026-06-10T10:25:31.2947278Z
game/localization/english/gui/legacy_window_l_english.yml,Assets/CK3Map/Data/Source/game/localization/english/gui/legacy_window_l_english.yml,3142,2026-06-10T10:25:57.8555244Z
game/localization/english/gui/legends_window_l_english.yml,Assets/CK3Map/Data/Source/game/localization/english/gui/legends_window_l_english.yml,8204,2026-06-10T10:27:06.3113335Z
game/localization/english/gui/legend_chronicle_window_l_english.yml,Assets/CK3Map/Data/Source/game/localization/english/gui/legend_chronicle_window_l_english.yml,429,2026-06-10T10:25:25.2544968Z
game/localization/english/gui/levyview_l_english.yml,Assets/CK3Map/Data/Source/game/localization/english/gui/levyview_l_english.yml,525,2026-06-10T10:26:19.4089910Z
game/localization/english/gui/lifestyle_window_l_english.yml,Assets/CK3Map/Data/Source/game/localization/english/gui/lifestyle_window_l_english.yml,5828,2026-06-10T10:26:35.3757628Z
game/localization/english/gui/lobbyview_l_english.yml,Assets/CK3Map/Data/Source/game/localization/english/gui/lobbyview_l_english.yml,84,2026-06-10T10:26:39.1585884Z
game/localization/english/gui/mapicons_l_english.yml,Assets/CK3Map/Data/Source/game/localization/english/gui/mapicons_l_english.yml,6978,2026-06-10T10:27:15.2956699Z
game/localization/english/gui/map_l_english.yml,Assets/CK3Map/Data/Source/game/localization/english/gui/map_l_english.yml,25854,2026-06-10T10:26:24.3950907Z
game/localization/english/gui/memories_view_l_english.yml,Assets/CK3Map/Data/Source/game/localization/english/gui/memories_view_l_english.yml,1113,2026-06-10T10:25:57.8550036Z
game/localization/english/gui/menatarmsview_l_english.yml,Assets/CK3Map/Data/Source/game/localization/english/gui/menatarmsview_l_english.yml,5218,2026-06-10T10:25:53.7200640Z
game/localization/english/gui/message_settings_window_l_english.yml,Assets/CK3Map/Data/Source/game/localization/english/gui/message_settings_window_l_english.yml,2686,2026-06-10T10:26:45.3137706Z
game/localization/english/gui/militaryview_l_english.yml,Assets/CK3Map/Data/Source/game/localization/english/gui/militaryview_l_english.yml,14764,2026-06-10T10:26:45.3160268Z
game/localization/english/gui/multiplayer_lobby_l_english.yml,Assets/CK3Map/Data/Source/game/localization/english/gui/multiplayer_lobby_l_english.yml,1922,2026-06-10T10:26:19.3847247Z
game/localization/english/gui/multiselectionbarwindow_l_english.yml,Assets/CK3Map/Data/Source/game/localization/english/gui/multiselectionbarwindow_l_english.yml,912,2026-06-10T10:26:39.0313179Z
game/localization/english/gui/outliner_l_english.yml,Assets/CK3Map/Data/Source/game/localization/english/gui/outliner_l_english.yml,1910,2026-06-10T10:26:31.7717617Z
game/localization/english/gui/potential_agents_l_english.yml,Assets/CK3Map/Data/Source/game/localization/english/gui/potential_agents_l_english.yml,55302,2026-06-10T10:26:54.3338103Z
game/localization/english/gui/potential_councillor_l_english.yml,Assets/CK3Map/Data/Source/game/localization/english/gui/potential_councillor_l_english.yml,1053,2026-06-10T10:26:30.3308671Z
game/localization/english/gui/potential_faction_members_l_english.yml,Assets/CK3Map/Data/Source/game/localization/english/gui/potential_faction_members_l_english.yml,746,2026-06-10T10:26:19.4063941Z
game/localization/english/gui/prison_window_l_english.yml,Assets/CK3Map/Data/Source/game/localization/english/gui/prison_window_l_english.yml,2089,2026-06-10T10:26:54.3312240Z
game/localization/english/gui/raid_window_l_english.yml,Assets/CK3Map/Data/Source/game/localization/english/gui/raid_window_l_english.yml,1698,2026-06-10T10:26:16.8108908Z
game/localization/english/gui/rally_point_window_l_english.yml,Assets/CK3Map/Data/Source/game/localization/english/gui/rally_point_window_l_english.yml,3274,2026-06-10T10:26:16.8114097Z
game/localization/english/gui/realm_window_l_english.yml,Assets/CK3Map/Data/Source/game/localization/english/gui/realm_window_l_english.yml,9203,2026-06-10T10:27:15.2972202Z
game/localization/english/gui/ruler_designer_l_english.yml,Assets/CK3Map/Data/Source/game/localization/english/gui/ruler_designer_l_english.yml,24787,2026-06-10T10:27:15.2966991Z
game/localization/english/gui/schemewindow_l_english.yml,Assets/CK3Map/Data/Source/game/localization/english/gui/schemewindow_l_english.yml,44619,2026-06-10T10:26:16.8077988Z
game/localization/english/gui/selectcommanderwindow_l_english.yml,Assets/CK3Map/Data/Source/game/localization/english/gui/selectcommanderwindow_l_english.yml,827,2026-06-10T10:26:24.3961205Z
game/localization/english/gui/siege_window_l_english.yml,Assets/CK3Map/Data/Source/game/localization/english/gui/siege_window_l_english.yml,5718,2026-06-10T10:25:57.8550036Z
game/localization/english/gui/specialinteractions_l_english.yml,Assets/CK3Map/Data/Source/game/localization/english/gui/specialinteractions_l_english.yml,72130,2026-06-10T10:26:19.4089910Z
game/localization/english/gui/succession_election_window_l_english.yml,Assets/CK3Map/Data/Source/game/localization/english/gui/succession_election_window_l_english.yml,5887,2026-06-10T10:25:57.8555244Z
game/localization/english/gui/succession_event_window_l_english.yml,Assets/CK3Map/Data/Source/game/localization/english/gui/succession_event_window_l_english.yml,51412,2026-06-10T10:26:24.3585560Z
game/localization/english/gui/temp_loc_for_testing_l_english.yml,Assets/CK3Map/Data/Source/game/localization/english/gui/temp_loc_for_testing_l_english.yml,527,2026-06-10T10:26:35.3762793Z
game/localization/english/gui/the_great_steppe_window_l_english.yml,Assets/CK3Map/Data/Source/game/localization/english/gui/the_great_steppe_window_l_english.yml,2900,2026-06-10T10:26:39.0420257Z
game/localization/english/gui/title_appointment_window_l_english.yml,Assets/CK3Map/Data/Source/game/localization/english/gui/title_appointment_window_l_english.yml,4347,2026-06-10T10:26:45.3438698Z
game/localization/english/gui/title_view_l_english.yml,Assets/CK3Map/Data/Source/game/localization/english/gui/title_view_l_english.yml,20652,2026-06-10T10:26:19.4121263Z
game/localization/english/gui/travel_planner_window_l_english.yml,Assets/CK3Map/Data/Source/game/localization/english/gui/travel_planner_window_l_english.yml,11336,2026-06-10T10:26:45.3148313Z
game/localization/english/gui/tutorialwindow_l_english.yml,Assets/CK3Map/Data/Source/game/localization/english/gui/tutorialwindow_l_english.yml,158,2026-06-10T10:26:41.0940210Z
game/localization/english/gui/waroverview_l_english.yml,Assets/CK3Map/Data/Source/game/localization/english/gui/waroverview_l_english.yml,5865,2026-06-10T10:26:30.3308671Z
game/localization/english/historical_characters_l_english.yml,Assets/CK3Map/Data/Source/game/localization/english/historical_characters_l_english.yml,56337,2026-06-10T10:25:53.7184548Z
game/localization/english/holdings_l_english.yml,Assets/CK3Map/Data/Source/game/localization/english/holdings_l_english.yml,5279,2026-06-10T10:26:29.7467328Z
game/localization/english/hold_court_events/hold_court_events_george_l_english.yml,Assets/CK3Map/Data/Source/game/localization/english/hold_court_events/hold_court_events_george_l_english.yml,643,2026-06-10T10:26:19.3881259Z
game/localization/english/holy_orders_l_english.yml,Assets/CK3Map/Data/Source/game/localization/english/holy_orders_l_english.yml,6574,2026-06-10T10:25:25.2544968Z
game/localization/english/hook_types_l_english.yml,Assets/CK3Map/Data/Source/game/localization/english/hook_types_l_english.yml,1610,2026-06-10T10:26:45.3209091Z
game/localization/english/hostages/hostages_l_english.yml,Assets/CK3Map/Data/Source/game/localization/english/hostages/hostages_l_english.yml,216,2026-06-10T10:27:17.6579659Z
game/localization/english/house_relations_l_english.yml,Assets/CK3Map/Data/Source/game/localization/english/house_relations_l_english.yml,16336,2026-06-10T10:26:29.6419567Z
game/localization/english/important_actions_l_english.yml,Assets/CK3Map/Data/Source/game/localization/english/important_actions_l_english.yml,175707,2026-06-10T10:26:29.7694790Z
game/localization/english/interactions/categories_l_english.yml,Assets/CK3Map/Data/Source/game/localization/english/interactions/categories_l_english.yml,886,2026-06-10T10:27:15.2961806Z
game/localization/english/interactions/choose_favorite_l_english.yml,Assets/CK3Map/Data/Source/game/localization/english/interactions/choose_favorite_l_english.yml,1346,2026-06-10T10:27:06.3102970Z
game/localization/english/interactions/declare_war_l_english.yml,Assets/CK3Map/Data/Source/game/localization/english/interactions/declare_war_l_english.yml,3073,2026-06-10T10:27:19.3485078Z
game/localization/english/interactions/diarch_interactions_l_english.yml,Assets/CK3Map/Data/Source/game/localization/english/interactions/diarch_interactions_l_english.yml,50109,2026-06-10T10:26:29.7467328Z
game/localization/english/interactions/dynast_interaction_l_english.yml,Assets/CK3Map/Data/Source/game/localization/english/interactions/dynast_interaction_l_english.yml,3940,2026-06-10T10:27:07.2945962Z
game/localization/english/interactions/hostage_interaction_l_english.yml,Assets/CK3Map/Data/Source/game/localization/english/interactions/hostage_interaction_l_english.yml,23963,2026-06-10T10:26:24.3623753Z
game/localization/english/interactions/house_head_interaction_l_english.yml,Assets/CK3Map/Data/Source/game/localization/english/interactions/house_head_interaction_l_english.yml,1401,2026-06-10T10:26:41.1332234Z
game/localization/english/interactions/perk_interaction_l_english.yml,Assets/CK3Map/Data/Source/game/localization/english/interactions/perk_interaction_l_english.yml,3766,2026-06-10T10:26:30.0317128Z
game/localization/english/interactions/vassal_interaction_l_english.yml,Assets/CK3Map/Data/Source/game/localization/english/interactions/vassal_interaction_l_english.yml,17674,2026-06-10T10:26:16.8098612Z
game/localization/english/interactions_l_english.yml,Assets/CK3Map/Data/Source/game/localization/english/interactions_l_english.yml,228070,2026-06-10T10:26:45.3160268Z
game/localization/english/invasions_l_english.yml,Assets/CK3Map/Data/Source/game/localization/english/invasions_l_english.yml,3133,2026-06-10T10:26:41.1337401Z
game/localization/english/inventory/inventory_l_english.yml,Assets/CK3Map/Data/Source/game/localization/english/inventory/inventory_l_english.yml,15273,2026-06-10T10:26:29.7596319Z
game/localization/english/jester_events_l_english.yml,Assets/CK3Map/Data/Source/game/localization/english/jester_events_l_english.yml,13014,2026-06-10T10:25:53.7184548Z
game/localization/english/keyboard_l_english.yml,Assets/CK3Map/Data/Source/game/localization/english/keyboard_l_english.yml,672,2026-06-10T10:25:53.7184548Z
game/localization/english/knight_culture_l_english.yml,Assets/CK3Map/Data/Source/game/localization/english/knight_culture_l_english.yml,4865,2026-06-10T10:26:06.5095069Z
game/localization/english/knight_permissions_l_english.yml,Assets/CK3Map/Data/Source/game/localization/english/knight_permissions_l_english.yml,1603,2026-06-10T10:26:29.7412280Z
game/localization/english/laamp_contract_schemes_l_english.yml,Assets/CK3Map/Data/Source/game/localization/english/laamp_contract_schemes_l_english.yml,384789,2026-06-10T10:17:28.5947901Z
game/localization/english/laws_l_english.yml,Assets/CK3Map/Data/Source/game/localization/english/laws_l_english.yml,54552,2026-06-10T10:26:42.6917474Z
game/localization/english/ledger/ledger_filtersorts_l_english.yml,Assets/CK3Map/Data/Source/game/localization/english/ledger/ledger_filtersorts_l_english.yml,41813,2026-06-10T10:26:16.8114097Z
game/localization/english/ledger/ledger_l_english.yml,Assets/CK3Map/Data/Source/game/localization/english/ledger/ledger_l_english.yml,3403,2026-06-10T10:26:16.8093472Z
game/localization/english/legitimacy_l_english.yml,Assets/CK3Map/Data/Source/game/localization/english/legitimacy_l_english.yml,5044,2026-06-10T10:26:45.3203968Z
game/localization/english/lifestyles/perks_l_english.yml,Assets/CK3Map/Data/Source/game/localization/english/lifestyles/perks_l_english.yml,10919,2026-06-10T10:27:15.2941228Z
game/localization/english/lifestyle_adventurers_l_english.yml,Assets/CK3Map/Data/Source/game/localization/english/lifestyle_adventurers_l_english.yml,15624,2026-06-10T10:26:39.2095395Z
game/localization/english/load_tips/load_tips_l_english.yml,Assets/CK3Map/Data/Source/game/localization/english/load_tips/load_tips_l_english.yml,13411,2026-06-10T10:26:45.3167632Z
game/localization/english/major_decisions_central_asia_l_english.yml,Assets/CK3Map/Data/Source/game/localization/english/major_decisions_central_asia_l_english.yml,2224,2026-06-10T10:26:39.0386467Z
game/localization/english/major_decisions_east_europe_l_english.yml,Assets/CK3Map/Data/Source/game/localization/english/major_decisions_east_europe_l_english.yml,34890,2026-06-10T10:26:45.3198213Z
game/localization/english/major_decisions_iberia_north_africa_l_english.yml,Assets/CK3Map/Data/Source/game/localization/english/major_decisions_iberia_north_africa_l_english.yml,35684,2026-06-10T10:26:24.3549307Z
game/localization/english/major_decisions_l_english.yml,Assets/CK3Map/Data/Source/game/localization/english/major_decisions_l_english.yml,10502,2026-06-10T10:26:54.3317359Z
game/localization/english/major_decisions_south_asia_l_english.yml,Assets/CK3Map/Data/Source/game/localization/english/major_decisions_south_asia_l_english.yml,2792,2026-06-10T10:26:45.3148313Z
game/localization/english/map/map_modes_l_english.yml,Assets/CK3Map/Data/Source/game/localization/english/map/map_modes_l_english.yml,3158,2026-06-10T10:25:53.7184548Z
game/localization/english/map_items_l_english.yml,Assets/CK3Map/Data/Source/game/localization/english/map_items_l_english.yml,9130,2026-06-10T10:26:39.0702821Z
game/localization/english/memories_chad_l_english.yml,Assets/CK3Map/Data/Source/game/localization/english/memories_chad_l_english.yml,336,2026-06-10T10:26:24.3595820Z
game/localization/english/memories_filippa_l_english.yml,Assets/CK3Map/Data/Source/game/localization/english/memories_filippa_l_english.yml,46599,2026-06-10T10:25:53.7184548Z
game/localization/english/memories_jason_ep2_first_event_l_english.yml,Assets/CK3Map/Data/Source/game/localization/english/memories_jason_ep2_first_event_l_english.yml,1058,2026-06-10T10:25:53.7184548Z
game/localization/english/memories_jason_ep2_l_english.yml,Assets/CK3Map/Data/Source/game/localization/english/memories_jason_ep2_l_english.yml,1508,2026-06-10T10:26:30.3308671Z
game/localization/english/memories_l_english.yml,Assets/CK3Map/Data/Source/game/localization/english/memories_l_english.yml,216527,2026-06-10T10:26:24.3603214Z
game/localization/english/memories_pilgrimages_l_english.yml,Assets/CK3Map/Data/Source/game/localization/english/memories_pilgrimages_l_english.yml,7466,2026-06-10T10:25:53.7200640Z
game/localization/english/mercenaries_l_english.yml,Assets/CK3Map/Data/Source/game/localization/english/mercenaries_l_english.yml,29145,2026-06-10T10:25:57.8544911Z
game/localization/english/merit_l_english.yml,Assets/CK3Map/Data/Source/game/localization/english/merit_l_english.yml,10242,2026-06-10T10:25:57.8544911Z
game/localization/english/messages_l_english.yml,Assets/CK3Map/Data/Source/game/localization/english/messages_l_english.yml,61650,2026-06-10T10:26:37.9239221Z
game/localization/english/message_filters_l_english.yml,Assets/CK3Map/Data/Source/game/localization/english/message_filters_l_english.yml,30013,2026-06-10T10:25:25.2632595Z
game/localization/english/message_group_types_l_english.yml,Assets/CK3Map/Data/Source/game/localization/english/message_group_types_l_english.yml,1698,2026-06-10T10:26:45.3193122Z
game/localization/english/modifiers/activity_coronation_modifiers_l_english.yml,Assets/CK3Map/Data/Source/game/localization/english/modifiers/activity_coronation_modifiers_l_english.yml,9210,2026-06-10T10:26:06.5360278Z
game/localization/english/modifiers/activity_feast_modifiers_l_english.yml,Assets/CK3Map/Data/Source/game/localization/english/modifiers/activity_feast_modifiers_l_english.yml,7993,2026-06-10T10:25:25.2544968Z
game/localization/english/modifiers/activity_hold_court_modifiers_l_english.yml,Assets/CK3Map/Data/Source/game/localization/english/modifiers/activity_hold_court_modifiers_l_english.yml,1349,2026-06-10T10:26:31.7722756Z
game/localization/english/modifiers/activity_hunt_modifiers_l_english.yml,Assets/CK3Map/Data/Source/game/localization/english/modifiers/activity_hunt_modifiers_l_english.yml,17097,2026-06-10T10:26:06.3405519Z
game/localization/english/modifiers/activity_pilgrimage_modifiers_l_english.yml,Assets/CK3Map/Data/Source/game/localization/english/modifiers/activity_pilgrimage_modifiers_l_english.yml,12422,2026-06-10T10:25:53.2476044Z
game/localization/english/modifiers/activity_playdate_modifiers_l_english.yml,Assets/CK3Map/Data/Source/game/localization/english/modifiers/activity_playdate_modifiers_l_english.yml,1195,2026-06-10T10:26:45.3438698Z
game/localization/english/modifiers/activity_tour_modifiers_l_english.yml,Assets/CK3Map/Data/Source/game/localization/english/modifiers/activity_tour_modifiers_l_english.yml,7832,2026-06-10T10:27:17.6538144Z
game/localization/english/modifiers/befriend_scheme_modifiers_l_english.yml,Assets/CK3Map/Data/Source/game/localization/english/modifiers/befriend_scheme_modifiers_l_english.yml,1480,2026-06-10T10:25:57.8550036Z
game/localization/english/modifiers/bookmark_modifiers_l_english.yml,Assets/CK3Map/Data/Source/game/localization/english/modifiers/bookmark_modifiers_l_english.yml,65,2026-06-10T10:26:45.3198213Z
game/localization/english/modifiers/bp1_modifiers_l_english.yml,Assets/CK3Map/Data/Source/game/localization/english/modifiers/bp1_modifiers_l_english.yml,4115,2026-06-10T10:26:06.3400318Z
game/localization/english/modifiers/bp2_modifiers_l_english.yml,Assets/CK3Map/Data/Source/game/localization/english/modifiers/bp2_modifiers_l_english.yml,10261,2026-06-10T10:27:17.6584952Z
game/localization/english/modifiers/claim_throne_modifiers_l_english.yml,Assets/CK3Map/Data/Source/game/localization/english/modifiers/claim_throne_modifiers_l_english.yml,964,2026-06-10T10:27:19.3500562Z
game/localization/english/modifiers/council_modifiers_l_english.yml,Assets/CK3Map/Data/Source/game/localization/english/modifiers/council_modifiers_l_english.yml,14424,2026-06-10T10:27:15.2961806Z
game/localization/english/modifiers/counsel_modifiers_l_english.yml,Assets/CK3Map/Data/Source/game/localization/english/modifiers/counsel_modifiers_l_english.yml,200,2026-06-10T10:26:37.8159056Z
game/localization/english/modifiers/county_corruption_modifiers_l_english.yml,Assets/CK3Map/Data/Source/game/localization/english/modifiers/county_corruption_modifiers_l_english.yml,3739,2026-06-10T10:26:19.4084535Z
game/localization/english/modifiers/county_modifiers_l_english.yml,Assets/CK3Map/Data/Source/game/localization/english/modifiers/county_modifiers_l_english.yml,6951,2026-06-10T10:26:06.5360278Z
game/localization/english/modifiers/court_event_modifiers_claudia_l_english.yml,Assets/CK3Map/Data/Source/game/localization/english/modifiers/court_event_modifiers_claudia_l_english.yml,9737,2026-06-10T10:26:19.4069124Z
game/localization/english/modifiers/court_event_modifiers_george_l_english.yml,Assets/CK3Map/Data/Source/game/localization/english/modifiers/court_event_modifiers_george_l_english.yml,4393,2026-06-10T10:26:45.3172693Z
game/localization/english/modifiers/court_event_modifiers_isabella_l_english.yml,Assets/CK3Map/Data/Source/game/localization/english/modifiers/court_event_modifiers_isabella_l_english.yml,170,2026-06-10T10:26:54.3348744Z
game/localization/english/modifiers/court_modifiers_linnea_l_english.yml,Assets/CK3Map/Data/Source/game/localization/english/modifiers/court_modifiers_linnea_l_english.yml,175,2026-06-10T10:26:39.0386467Z
game/localization/english/modifiers/culture_modifiers_l_english.yml,Assets/CK3Map/Data/Source/game/localization/english/modifiers/culture_modifiers_l_english.yml,258,2026-06-10T10:26:19.4111010Z
game/localization/english/modifiers/diplomacy_lifestyle_modifiers_l_english.yml,Assets/CK3Map/Data/Source/game/localization/english/modifiers/diplomacy_lifestyle_modifiers_l_english.yml,1870,2026-06-10T10:26:19.4084535Z
game/localization/english/modifiers/diplomatic_scheme_modifiers_l_english.yml,Assets/CK3Map/Data/Source/game/localization/english/modifiers/diplomatic_scheme_modifiers_l_english.yml,2355,2026-06-10T10:25:25.2632595Z
game/localization/english/modifiers/dungeon_stress_modifiers_l_english.yml,Assets/CK3Map/Data/Source/game/localization/english/modifiers/dungeon_stress_modifiers_l_english.yml,310,2026-06-10T10:26:24.3549307Z
game/localization/english/modifiers/dynasty_modifiers_l_english.yml,Assets/CK3Map/Data/Source/game/localization/english/modifiers/dynasty_modifiers_l_english.yml,132,2026-06-10T10:25:25.2632595Z
game/localization/english/modifiers/event_modifiers_l_english.yml,Assets/CK3Map/Data/Source/game/localization/english/modifiers/event_modifiers_l_english.yml,16860,2026-06-10T10:27:15.2966991Z
game/localization/english/modifiers/fabricate_hook_modifiers_l_english.yml,Assets/CK3Map/Data/Source/game/localization/english/modifiers/fabricate_hook_modifiers_l_english.yml,583,2026-06-10T10:25:25.2711931Z
game/localization/english/modifiers/fp2_event_modifiers_l_english.yml,Assets/CK3Map/Data/Source/game/localization/english/modifiers/fp2_event_modifiers_l_english.yml,11670,2026-06-10T10:26:45.3443806Z
game/localization/english/modifiers/fp2_event_modifiers_ola_l_english.yml,Assets/CK3Map/Data/Source/game/localization/english/modifiers/fp2_event_modifiers_ola_l_english.yml,9427,2026-06-10T10:25:25.2711931Z
game/localization/english/modifiers/general_scheme_modifiers_l_english.yml,Assets/CK3Map/Data/Source/game/localization/english/modifiers/general_scheme_modifiers_l_english.yml,816,2026-06-10T10:25:57.8544911Z
game/localization/english/modifiers/governance_lifestyle_modifiers_l_english.yml,Assets/CK3Map/Data/Source/game/localization/english/modifiers/governance_lifestyle_modifiers_l_english.yml,9513,2026-06-10T10:26:54.4102884Z
game/localization/english/modifiers/health_modifiers_l_english.yml,Assets/CK3Map/Data/Source/game/localization/english/modifiers/health_modifiers_l_english.yml,4214,2026-06-10T10:25:53.2459428Z
game/localization/english/modifiers/holy_order_modifiers_l_english.yml,Assets/CK3Map/Data/Source/game/localization/english/modifiers/holy_order_modifiers_l_english.yml,346,2026-06-10T10:25:25.2722182Z
game/localization/english/modifiers/intrigue_lifestyle_modifiers_l_english.yml,Assets/CK3Map/Data/Source/game/localization/english/modifiers/intrigue_lifestyle_modifiers_l_english.yml,4257,2026-06-10T10:26:39.0396820Z
game/localization/english/modifiers/intrigue_scheme_modifiers_l_english.yml,Assets/CK3Map/Data/Source/game/localization/english/modifiers/intrigue_scheme_modifiers_l_english.yml,2541,2026-06-10T10:27:15.2941228Z
game/localization/english/modifiers/legacy_modifiers_l_english.yml,Assets/CK3Map/Data/Source/game/localization/english/modifiers/legacy_modifiers_l_english.yml,116,2026-06-10T10:27:11.5141901Z
game/localization/english/modifiers/marriage_modifiers_l_english.yml,Assets/CK3Map/Data/Source/game/localization/english/modifiers/marriage_modifiers_l_english.yml,241,2026-06-10T10:25:57.8544911Z
game/localization/english/modifiers/martial_lifestyle_modifiers_l_english.yml,Assets/CK3Map/Data/Source/game/localization/english/modifiers/martial_lifestyle_modifiers_l_english.yml,9168,2026-06-10T10:26:39.8705818Z
game/localization/english/modifiers/modifiers_l_english.yml,Assets/CK3Map/Data/Source/game/localization/english/modifiers/modifiers_l_english.yml,161202,2026-06-10T10:27:15.3242173Z
game/localization/english/modifiers/modifier_value_format_l_english.yml,Assets/CK3Map/Data/Source/game/localization/english/modifiers/modifier_value_format_l_english.yml,993,2026-06-10T10:26:54.3317359Z
game/localization/english/modifiers/natural_disaster_modifiers_l_english.yml,Assets/CK3Map/Data/Source/game/localization/english/modifiers/natural_disaster_modifiers_l_english.yml,5635,2026-06-10T10:25:25.2722182Z
game/localization/english/modifiers/nickname_modifiers_l_english.yml,Assets/CK3Map/Data/Source/game/localization/english/modifiers/nickname_modifiers_l_english.yml,77,2026-06-10T10:26:06.5095069Z
game/localization/english/modifiers/parent_modifiers_l_english.yml,Assets/CK3Map/Data/Source/game/localization/english/modifiers/parent_modifiers_l_english.yml,792,2026-06-10T10:26:06.5063022Z
game/localization/english/modifiers/perk_modifiers_l_english.yml,Assets/CK3Map/Data/Source/game/localization/english/modifiers/perk_modifiers_l_english.yml,7995,2026-06-10T10:27:15.3242173Z
game/localization/english/modifiers/personal_scheme_modifiers_l_english.yml,Assets/CK3Map/Data/Source/game/localization/english/modifiers/personal_scheme_modifiers_l_english.yml,129,2026-06-10T10:26:54.3300104Z
game/localization/english/modifiers/religion_modifiers_l_english.yml,Assets/CK3Map/Data/Source/game/localization/english/modifiers/religion_modifiers_l_english.yml,7599,2026-06-10T10:26:24.3943844Z
game/localization/english/modifiers/roco_event_modifiers_bianca_l_english.yml,Assets/CK3Map/Data/Source/game/localization/english/modifiers/roco_event_modifiers_bianca_l_english.yml,3495,2026-06-10T10:26:54.3353870Z
game/localization/english/modifiers/romance_character_modifiers_l_english.yml,Assets/CK3Map/Data/Source/game/localization/english/modifiers/romance_character_modifiers_l_english.yml,882,2026-06-10T10:26:45.3187830Z
game/localization/english/modifiers/scholarship_lifestyle_modifiers_l_english.yml,Assets/CK3Map/Data/Source/game/localization/english/modifiers/scholarship_lifestyle_modifiers_l_english.yml,4529,2026-06-10T10:26:24.3585560Z
game/localization/english/modifiers/seduce_character_modifiers_l_english.yml,Assets/CK3Map/Data/Source/game/localization/english/modifiers/seduce_character_modifiers_l_english.yml,3378,2026-06-10T10:25:53.2470172Z
game/localization/english/modifiers/seduce_scheme_modifiers_l_english.yml,Assets/CK3Map/Data/Source/game/localization/english/modifiers/seduce_scheme_modifiers_l_english.yml,890,2026-06-10T10:26:29.7375218Z
game/localization/english/modifiers/sibling_modifiers_l_english.yml,Assets/CK3Map/Data/Source/game/localization/english/modifiers/sibling_modifiers_l_english.yml,1089,2026-06-10T10:26:39.2454669Z
game/localization/english/modifiers/single_combat_modifiers_l_english.yml,Assets/CK3Map/Data/Source/game/localization/english/modifiers/single_combat_modifiers_l_english.yml,9067,2026-06-10T10:27:15.3242173Z
game/localization/english/modifiers/story_cycle_murders_at_court_modifiers_l_english.yml,Assets/CK3Map/Data/Source/game/localization/english/modifiers/story_cycle_murders_at_court_modifiers_l_english.yml,129,2026-06-10T10:25:53.2481643Z
game/localization/english/modifiers/story_cycle_mystical_animal_modifiers_l_english.yml,Assets/CK3Map/Data/Source/game/localization/english/modifiers/story_cycle_mystical_animal_modifiers_l_english.yml,194,2026-06-10T10:25:25.2722182Z
game/localization/english/modifiers/story_cycle_pet_animal_modifiers_l_english.yml,Assets/CK3Map/Data/Source/game/localization/english/modifiers/story_cycle_pet_animal_modifiers_l_english.yml,5496,2026-06-10T10:26:45.3203968Z
game/localization/english/modifiers/stress_effect_modifiers_l_english.yml,Assets/CK3Map/Data/Source/game/localization/english/modifiers/stress_effect_modifiers_l_english.yml,2267,2026-06-10T10:26:19.4121263Z
game/localization/english/modifiers/tgp_event_modifiers_l_english.yml,Assets/CK3Map/Data/Source/game/localization/english/modifiers/tgp_event_modifiers_l_english.yml,5693,2026-06-10T10:25:57.8550036Z
game/localization/english/modifiers/trait_modifiers_l_english.yml,Assets/CK3Map/Data/Source/game/localization/english/modifiers/trait_modifiers_l_english.yml,144,2026-06-10T10:26:54.9185775Z
game/localization/english/modifiers/travel_modifiers_l_english.yml,Assets/CK3Map/Data/Source/game/localization/english/modifiers/travel_modifiers_l_english.yml,16714,2026-06-10T10:26:54.3353870Z
game/localization/english/modifiers/unity_modifiers_l_english.yml,Assets/CK3Map/Data/Source/game/localization/english/modifiers/unity_modifiers_l_english.yml,2118,2026-06-10T10:25:53.2486917Z
game/localization/english/modifiers/yearly_event_modifiers_l_english.yml,Assets/CK3Map/Data/Source/game/localization/english/modifiers/yearly_event_modifiers_l_english.yml,3745,2026-06-10T10:26:54.3586977Z
game/localization/english/mongol_invasion_l_english.yml,Assets/CK3Map/Data/Source/game/localization/english/mongol_invasion_l_english.yml,9919,2026-06-10T10:27:19.2927432Z
game/localization/english/mottos_l_english.yml,Assets/CK3Map/Data/Source/game/localization/english/mottos_l_english.yml,27261,2026-06-10T10:27:15.2961806Z
game/localization/english/multiplayer_l_english.yml,Assets/CK3Map/Data/Source/game/localization/english/multiplayer_l_english.yml,886,2026-06-10T10:25:25.2550269Z
game/localization/english/music_l_english.yml,Assets/CK3Map/Data/Source/game/localization/english/music_l_english.yml,6635,2026-06-10T10:27:14.3095059Z
game/localization/english/my_realm_window_l_english.yml,Assets/CK3Map/Data/Source/game/localization/english/my_realm_window_l_english.yml,28202,2026-06-10T10:26:54.3327716Z
game/localization/english/names/character_names_l_english.yml,Assets/CK3Map/Data/Source/game/localization/english/names/character_names_l_english.yml,1043880,2026-06-10T10:17:28.5963060Z
game/localization/english/names/chinese_character_names_l_english.yml,Assets/CK3Map/Data/Source/game/localization/english/names/chinese_character_names_l_english.yml,330274,2026-06-10T10:17:28.5963060Z
game/localization/english/names/culture_dynasty_title_names_l_english.yml,Assets/CK3Map/Data/Source/game/localization/english/names/culture_dynasty_title_names_l_english.yml,5550,2026-06-10T10:26:56.9527772Z
game/localization/english/nicknames_l_english.yml,Assets/CK3Map/Data/Source/game/localization/english/nicknames_l_english.yml,139347,2026-06-10T10:26:30.7535996Z
game/localization/english/no_translation/debug_events_no_translation_l_english.yml,Assets/CK3Map/Data/Source/game/localization/english/no_translation/debug_events_no_translation_l_english.yml,1225,2026-06-10T10:26:39.2454669Z
game/localization/english/no_translation/debug_long_text_l_english.yml,Assets/CK3Map/Data/Source/game/localization/english/no_translation/debug_long_text_l_english.yml,479,2026-06-10T10:25:57.8534551Z
game/localization/english/no_translation/health_balancing_no_translation_l_english.yml,Assets/CK3Map/Data/Source/game/localization/english/no_translation/health_balancing_no_translation_l_english.yml,524,2026-06-10T10:26:24.3950907Z
game/localization/english/opinions/abduct_opinions_l_english.yml,Assets/CK3Map/Data/Source/game/localization/english/opinions/abduct_opinions_l_english.yml,107,2026-06-10T10:26:54.3317359Z
game/localization/english/opinions/activity_feast_opinions_l_english.yml,Assets/CK3Map/Data/Source/game/localization/english/opinions/activity_feast_opinions_l_english.yml,3203,2026-06-10T10:25:53.2476044Z
game/localization/english/opinions/activity_hunt_opinions_l_english.yml,Assets/CK3Map/Data/Source/game/localization/english/opinions/activity_hunt_opinions_l_english.yml,1626,2026-06-10T10:26:56.9802365Z
game/localization/english/opinions/activity_pilgrimage_opinions_l_english.yml,Assets/CK3Map/Data/Source/game/localization/english/opinions/activity_pilgrimage_opinions_l_english.yml,462,2026-06-10T10:26:45.3438698Z
game/localization/english/opinions/activity_playdate_opinions_l_english.yml,Assets/CK3Map/Data/Source/game/localization/english/opinions/activity_playdate_opinions_l_english.yml,133,2026-06-10T10:26:45.3160268Z
game/localization/english/opinions/activity_system_opinion_l_english.yml,Assets/CK3Map/Data/Source/game/localization/english/opinions/activity_system_opinion_l_english.yml,436,2026-06-10T10:26:06.5063022Z
game/localization/english/opinions/birth_opinions_l_english.yml,Assets/CK3Map/Data/Source/game/localization/english/opinions/birth_opinions_l_english.yml,399,2026-06-10T10:26:19.3847247Z
game/localization/english/opinions/childhood_opinions_l_english.yml,Assets/CK3Map/Data/Source/game/localization/english/opinions/childhood_opinions_l_english.yml,535,2026-06-10T10:26:45.3438698Z
game/localization/english/opinions/claim_throne_opinions_l_english.yml,Assets/CK3Map/Data/Source/game/localization/english/opinions/claim_throne_opinions_l_english.yml,517,2026-06-10T10:26:54.3312240Z
game/localization/english/opinions/council_l_english.yml,Assets/CK3Map/Data/Source/game/localization/english/opinions/council_l_english.yml,65,2026-06-10T10:26:06.5360278Z
game/localization/english/opinions/council_task_opinions_l_english.yml,Assets/CK3Map/Data/Source/game/localization/english/opinions/council_task_opinions_l_english.yml,1615,2026-06-10T10:26:42.3425771Z
game/localization/english/opinions/court_events_opinions_claudia_l_english.yml,Assets/CK3Map/Data/Source/game/localization/english/opinions/court_events_opinions_claudia_l_english.yml,67,2026-06-10T10:26:37.6747886Z
game/localization/english/opinions/court_events_opinions_linnea_l_english.yml,Assets/CK3Map/Data/Source/game/localization/english/opinions/court_events_opinions_linnea_l_english.yml,61,2026-06-10T10:27:15.3248203Z
game/localization/english/opinions/court_visit_opinions_l_english.yml,Assets/CK3Map/Data/Source/game/localization/english/opinions/court_visit_opinions_l_english.yml,190,2026-06-10T10:26:45.3433514Z
game/localization/english/opinions/dynasty_opinions_l_english.yml,Assets/CK3Map/Data/Source/game/localization/english/opinions/dynasty_opinions_l_english.yml,642,2026-06-10T10:26:05.2881344Z
game/localization/english/opinions/election_opinions_l_english.yml,Assets/CK3Map/Data/Source/game/localization/english/opinions/election_opinions_l_english.yml,119,2026-06-10T10:26:35.3762793Z
game/localization/english/opinions/fabricate_hook_opinions_l_english.yml,Assets/CK3Map/Data/Source/game/localization/english/opinions/fabricate_hook_opinions_l_english.yml,125,2026-06-10T10:26:58.5909988Z
game/localization/english/opinions/friend_opinions_l_english.yml,Assets/CK3Map/Data/Source/game/localization/english/opinions/friend_opinions_l_english.yml,1336,2026-06-10T10:26:30.0317128Z
game/localization/english/opinions/general_opinions_l_english.yml,Assets/CK3Map/Data/Source/game/localization/english/opinions/general_opinions_l_english.yml,20500,2026-06-10T10:25:53.2459428Z
game/localization/english/opinions/governance_lifestyle_opinions_l_english.yml,Assets/CK3Map/Data/Source/game/localization/english/opinions/governance_lifestyle_opinions_l_english.yml,1032,2026-06-10T10:26:41.0940210Z
game/localization/english/opinions/intrigue_lifestyle_opinions_l_english.yml,Assets/CK3Map/Data/Source/game/localization/english/opinions/intrigue_lifestyle_opinions_l_english.yml,352,2026-06-10T10:26:24.3603214Z
game/localization/english/opinions/intrigue_scheme_opinions_l_english.yml,Assets/CK3Map/Data/Source/game/localization/english/opinions/intrigue_scheme_opinions_l_english.yml,1765,2026-06-10T10:26:05.2891777Z
game/localization/english/opinions/learning_lifestyle_opinions_l_english.yml,Assets/CK3Map/Data/Source/game/localization/english/opinions/learning_lifestyle_opinions_l_english.yml,71,2026-06-10T10:25:25.2544968Z
game/localization/english/opinions/lover_opinions_l_english.yml,Assets/CK3Map/Data/Source/game/localization/english/opinions/lover_opinions_l_english.yml,685,2026-06-10T10:26:19.4121263Z
game/localization/english/opinions/marriage_opinions_l_english.yml,Assets/CK3Map/Data/Source/game/localization/english/opinions/marriage_opinions_l_english.yml,2218,2026-06-10T10:26:19.4116130Z
game/localization/english/opinions/martial_lifestyle_opinions_l_english.yml,Assets/CK3Map/Data/Source/game/localization/english/opinions/martial_lifestyle_opinions_l_english.yml,282,2026-06-10T10:26:45.3203968Z
game/localization/english/opinions/murder_opinions_l_english.yml,Assets/CK3Map/Data/Source/game/localization/english/opinions/murder_opinions_l_english.yml,1914,2026-06-10T10:26:16.8119210Z
game/localization/english/opinions/peasant_affair_opinions_l_english.yml,Assets/CK3Map/Data/Source/game/localization/english/opinions/peasant_affair_opinions_l_english.yml,149,2026-06-10T10:26:54.9185775Z
game/localization/english/opinions/poetry_opinions_l_english.yml,Assets/CK3Map/Data/Source/game/localization/english/opinions/poetry_opinions_l_english.yml,220,2026-06-10T10:25:57.8534551Z
game/localization/english/opinions/prison_opinions_l_english.yml,Assets/CK3Map/Data/Source/game/localization/english/opinions/prison_opinions_l_english.yml,687,2026-06-10T10:26:06.2660706Z
game/localization/english/opinions/punish_reasons_l_english.yml,Assets/CK3Map/Data/Source/game/localization/english/opinions/punish_reasons_l_english.yml,742,2026-06-10T10:26:54.4108119Z
game/localization/english/opinions/regional_opinions_l_english.yml,Assets/CK3Map/Data/Source/game/localization/english/opinions/regional_opinions_l_english.yml,225,2026-06-10T10:27:15.2956699Z
game/localization/english/opinions/religion_opinions_l_english.yml,Assets/CK3Map/Data/Source/game/localization/english/opinions/religion_opinions_l_english.yml,2258,2026-06-10T10:26:45.3155166Z
game/localization/english/opinions/rival_opinions_l_english.yml,Assets/CK3Map/Data/Source/game/localization/english/opinions/rival_opinions_l_english.yml,203,2026-06-10T10:26:19.4084535Z
game/localization/english/opinions/scheme_befriend_opinions_l_english.yml,Assets/CK3Map/Data/Source/game/localization/english/opinions/scheme_befriend_opinions_l_english.yml,1054,2026-06-10T10:26:24.3613495Z
game/localization/english/opinions/scheme_seduce_opinions_l_english.yml,Assets/CK3Map/Data/Source/game/localization/english/opinions/scheme_seduce_opinions_l_english.yml,879,2026-06-10T10:25:25.2576514Z
game/localization/english/opinions/scheme_sway_opinions_l_english.yml,Assets/CK3Map/Data/Source/game/localization/english/opinions/scheme_sway_opinions_l_english.yml,176,2026-06-10T10:26:45.3203968Z
game/localization/english/opinions/sibling_opinions_l_english.yml,Assets/CK3Map/Data/Source/game/localization/english/opinions/sibling_opinions_l_english.yml,1296,2026-06-10T10:26:45.3433514Z
game/localization/english/opinions/spouse_opinions_l_english.yml,Assets/CK3Map/Data/Source/game/localization/english/opinions/spouse_opinions_l_english.yml,1031,2026-06-10T10:25:26.3072042Z
game/localization/english/opinions/statecraft_lifestyle_opinions_l_english.yml,Assets/CK3Map/Data/Source/game/localization/english/opinions/statecraft_lifestyle_opinions_l_english.yml,281,2026-06-10T10:25:26.3154736Z
game/localization/english/opinions/stress_opinions_l_english.yml,Assets/CK3Map/Data/Source/game/localization/english/opinions/stress_opinions_l_english.yml,792,2026-06-10T10:26:19.4111010Z
game/localization/english/opinions/struggle_opinions_l_english.yml,Assets/CK3Map/Data/Source/game/localization/english/opinions/struggle_opinions_l_english.yml,1138,2026-06-10T10:25:26.3149579Z
game/localization/english/opinions/travel_opinions_l_english.yml,Assets/CK3Map/Data/Source/game/localization/english/opinions/travel_opinions_l_english.yml,2147,2026-06-10T10:26:54.3592173Z
game/localization/english/opinions/vassal_events_opinions_l_english.yml,Assets/CK3Map/Data/Source/game/localization/english/opinions/vassal_events_opinions_l_english.yml,527,2026-06-10T10:26:58.3665075Z
game/localization/english/opinions/war_opinions_l_english.yml,Assets/CK3Map/Data/Source/game/localization/english/opinions/war_opinions_l_english.yml,1016,2026-06-10T10:26:19.4126396Z
game/localization/english/party_baron_l_english.yml,Assets/CK3Map/Data/Source/game/localization/english/party_baron_l_english.yml,13938,2026-06-10T10:25:57.8550036Z
game/localization/english/playable_difficulty_infos_l_english.yml,Assets/CK3Map/Data/Source/game/localization/english/playable_difficulty_infos_l_english.yml,1103,2026-06-10T10:26:06.2681176Z
game/localization/english/portraits/portrait_modifiers_l_english.yml,Assets/CK3Map/Data/Source/game/localization/english/portraits/portrait_modifiers_l_english.yml,218230,2026-06-10T10:26:19.4100713Z
game/localization/english/raid_intents_l_english.yml,Assets/CK3Map/Data/Source/game/localization/english/raid_intents_l_english.yml,5832,2026-06-10T10:26:45.3438698Z
game/localization/english/rally_points_l_english.yml,Assets/CK3Map/Data/Source/game/localization/english/rally_points_l_english.yml,1609,2026-06-10T10:26:06.2871543Z
game/localization/english/regiment_l_english.yml,Assets/CK3Map/Data/Source/game/localization/english/regiment_l_english.yml,28523,2026-06-10T10:26:45.3209091Z
game/localization/english/regions_l_english.yml,Assets/CK3Map/Data/Source/game/localization/english/regions_l_english.yml,8262,2026-06-10T10:26:16.8114097Z
game/localization/english/relationship_reasons_filippa_l_english.yml,Assets/CK3Map/Data/Source/game/localization/english/relationship_reasons_filippa_l_english.yml,17887,2026-06-10T10:26:06.3187257Z
game/localization/english/relationship_reasons_jason_first_event_l_english.yml,Assets/CK3Map/Data/Source/game/localization/english/relationship_reasons_jason_first_event_l_english.yml,666,2026-06-10T10:27:15.2966991Z
game/localization/english/relationship_reasons_jason_l_english.yml,Assets/CK3Map/Data/Source/game/localization/english/relationship_reasons_jason_l_english.yml,2732,2026-06-10T10:26:19.4069124Z
game/localization/english/relationship_reasons_l_english.yml,Assets/CK3Map/Data/Source/game/localization/english/relationship_reasons_l_english.yml,395615,2026-06-10T10:17:28.5979049Z
game/localization/english/relationship_reasons_pilgrimages_l_english.yml,Assets/CK3Map/Data/Source/game/localization/english/relationship_reasons_pilgrimages_l_english.yml,2597,2026-06-10T10:26:39.8705818Z
game/localization/english/relations_l_english.yml,Assets/CK3Map/Data/Source/game/localization/english/relations_l_english.yml,41214,2026-06-10T10:26:24.3961205Z
game/localization/english/religion/holy_sites_l_english.yml,Assets/CK3Map/Data/Source/game/localization/english/religion/holy_sites_l_english.yml,639,2026-06-10T10:27:11.5141901Z
game/localization/english/religion/religion_buddhism_l_english.yml,Assets/CK3Map/Data/Source/game/localization/english/religion/religion_buddhism_l_english.yml,13934,2026-06-10T10:25:26.3018548Z
game/localization/english/religion/religion_christianity_l_english.yml,Assets/CK3Map/Data/Source/game/localization/english/religion/religion_christianity_l_english.yml,17495,2026-06-10T10:26:45.3143204Z
game/localization/english/religion/religion_confucianism_l_english.yml,Assets/CK3Map/Data/Source/game/localization/english/religion/religion_confucianism_l_english.yml,4064,2026-06-10T10:25:53.2453996Z
game/localization/english/religion/religion_core_tenets_l_english.yml,Assets/CK3Map/Data/Source/game/localization/english/religion/religion_core_tenets_l_english.yml,51264,2026-06-10T10:26:29.7412280Z
game/localization/english/religion/religion_doctrines_petter_l_english.yml,Assets/CK3Map/Data/Source/game/localization/english/religion/religion_doctrines_petter_l_english.yml,2278,2026-06-10T10:26:16.8098612Z
game/localization/english/religion/religion_doctrine_triggers_l_english.yml,Assets/CK3Map/Data/Source/game/localization/english/religion/religion_doctrine_triggers_l_english.yml,9680,2026-06-10T10:26:19.3876161Z
game/localization/english/religion/religion_donyipoloism_l_english.yml,Assets/CK3Map/Data/Source/game/localization/english/religion/religion_donyipoloism_l_english.yml,5575,2026-06-10T10:26:39.0386467Z
game/localization/english/religion/religion_dualism_l_english.yml,Assets/CK3Map/Data/Source/game/localization/english/religion/religion_dualism_l_english.yml,16715,2026-06-10T10:26:45.3209091Z
game/localization/english/religion/religion_hinduism_l_english.yml,Assets/CK3Map/Data/Source/game/localization/english/religion/religion_hinduism_l_english.yml,10294,2026-06-10T10:26:19.4126396Z
game/localization/english/religion/religion_islam_l_english.yml,Assets/CK3Map/Data/Source/game/localization/english/religion/religion_islam_l_english.yml,11954,2026-06-10T10:27:15.2961806Z
game/localization/english/religion/religion_jainism_l_english.yml,Assets/CK3Map/Data/Source/game/localization/english/religion/religion_jainism_l_english.yml,5911,2026-06-10T10:26:25.2730154Z
game/localization/english/religion/religion_judaism_l_english.yml,Assets/CK3Map/Data/Source/game/localization/english/religion/religion_judaism_l_english.yml,10000,2026-06-10T10:25:57.8686046Z
game/localization/english/religion/religion_l_english.yml,Assets/CK3Map/Data/Source/game/localization/english/religion/religion_l_english.yml,106156,2026-06-10T10:26:19.4089910Z
game/localization/english/religion/religion_mundhumism_l_english.yml,Assets/CK3Map/Data/Source/game/localization/english/religion/religion_mundhumism_l_english.yml,5313,2026-06-10T10:25:57.8534551Z
game/localization/english/religion/religion_paganism_l_english.yml,Assets/CK3Map/Data/Source/game/localization/english/religion/religion_paganism_l_english.yml,129428,2026-06-10T10:26:32.0804402Z
game/localization/english/religion/religion_qiangic_l_english.yml,Assets/CK3Map/Data/Source/game/localization/english/religion/religion_qiangic_l_english.yml,9035,2026-06-10T10:26:29.4217185Z
game/localization/english/religion/religion_shinto_l_english.yml,Assets/CK3Map/Data/Source/game/localization/english/religion/religion_shinto_l_english.yml,4723,2026-06-10T10:26:06.3322044Z
game/localization/english/religion/religion_taoism_l_english.yml,Assets/CK3Map/Data/Source/game/localization/english/religion/religion_taoism_l_english.yml,5600,2026-06-10T10:26:07.2543395Z
game/localization/english/religion/religion_yazidism_l_english.yml,Assets/CK3Map/Data/Source/game/localization/english/religion/religion_yazidism_l_english.yml,4471,2026-06-10T10:26:16.8088291Z
game/localization/english/religion/religion_zoroastrianism_l_english.yml,Assets/CK3Map/Data/Source/game/localization/english/religion/religion_zoroastrianism_l_english.yml,11737,2026-06-10T10:26:19.3876161Z
game/localization/english/rich_presence_flavor_status_l_english.yml,Assets/CK3Map/Data/Source/game/localization/english/rich_presence_flavor_status_l_english.yml,6658,2026-06-10T10:26:07.2532827Z
game/localization/english/royal_court_window_l_english.yml,Assets/CK3Map/Data/Source/game/localization/english/royal_court_window_l_english.yml,16957,2026-06-10T10:26:07.3232921Z
game/localization/english/ruler_objectives_l_english.yml,Assets/CK3Map/Data/Source/game/localization/english/ruler_objectives_l_english.yml,977,2026-06-10T10:26:39.0344084Z
game/localization/english/schemes_l_english.yml,Assets/CK3Map/Data/Source/game/localization/english/schemes_l_english.yml,169984,2026-06-10T10:26:54.3348744Z
game/localization/english/scheme_countermeasures_l_english.yml,Assets/CK3Map/Data/Source/game/localization/english/scheme_countermeasures_l_english.yml,25906,2026-06-10T10:25:57.2555727Z
game/localization/english/scope_comparison_triggers_l_english.yml,Assets/CK3Map/Data/Source/game/localization/english/scope_comparison_triggers_l_english.yml,10159,2026-06-10T10:27:07.2935972Z
game/localization/english/secrets_l_english.yml,Assets/CK3Map/Data/Source/game/localization/english/secrets_l_english.yml,9461,2026-06-10T10:26:19.4095283Z
game/localization/english/settings_l_english.yml,Assets/CK3Map/Data/Source/game/localization/english/settings_l_english.yml,12212,2026-06-10T10:26:16.8103797Z
game/localization/english/single_combat_events_l_english.yml,Assets/CK3Map/Data/Source/game/localization/english/single_combat_events_l_english.yml,257040,2026-06-10T10:26:54.3322413Z
game/localization/english/situations/debug_situation_l_english.yml,Assets/CK3Map/Data/Source/game/localization/english/situations/debug_situation_l_english.yml,900,2026-06-10T10:25:26.3029822Z
game/localization/english/situations/situations_l_english.yml,Assets/CK3Map/Data/Source/game/localization/english/situations/situations_l_english.yml,2047,2026-06-10T10:26:32.0868673Z
game/localization/english/situations/situation_dynastic_cycle_l_english.yml,Assets/CK3Map/Data/Source/game/localization/english/situations/situation_dynastic_cycle_l_english.yml,15234,2026-06-10T10:27:15.2966991Z
game/localization/english/situations/situation_effects_l_english.yml,Assets/CK3Map/Data/Source/game/localization/english/situations/situation_effects_l_english.yml,2017,2026-06-10T10:25:26.3154736Z
game/localization/english/situations/situation_list_window_l_english.yml,Assets/CK3Map/Data/Source/game/localization/english/situations/situation_list_window_l_english.yml,2382,2026-06-10T10:26:45.3167632Z
game/localization/english/situations/situation_participant_groups_l_english.yml,Assets/CK3Map/Data/Source/game/localization/english/situations/situation_participant_groups_l_english.yml,2177,2026-06-10T10:26:25.2768693Z
game/localization/english/situations/situation_phases_l_english.yml,Assets/CK3Map/Data/Source/game/localization/english/situations/situation_phases_l_english.yml,3631,2026-06-10T10:26:45.3449078Z
game/localization/english/situations/situation_sub_regions_l_english.yml,Assets/CK3Map/Data/Source/game/localization/english/situations/situation_sub_regions_l_english.yml,1366,2026-06-10T10:26:07.3032216Z
game/localization/english/situations/situation_types_l_english.yml,Assets/CK3Map/Data/Source/game/localization/english/situations/situation_types_l_english.yml,3983,2026-06-10T10:25:53.2481643Z
game/localization/english/situations/situation_window_l_english.yml,Assets/CK3Map/Data/Source/game/localization/english/situations/situation_window_l_english.yml,8273,2026-06-10T10:26:54.3312240Z
game/localization/english/situation_group_types_l_english.yml,Assets/CK3Map/Data/Source/game/localization/english/situation_group_types_l_english.yml,246,2026-06-10T10:26:55.4634458Z
game/localization/english/struggles/struggles_l_english.yml,Assets/CK3Map/Data/Source/game/localization/english/struggles/struggles_l_english.yml,21285,2026-06-10T10:25:57.2603108Z
game/localization/english/struggles/struggles_parameters_l_english.yml,Assets/CK3Map/Data/Source/game/localization/english/struggles/struggles_parameters_l_english.yml,8194,2026-06-10T10:26:16.8093472Z
game/localization/english/struggles/struggle_catalysts_l_english.yml,Assets/CK3Map/Data/Source/game/localization/english/struggles/struggle_catalysts_l_english.yml,32592,2026-06-10T10:26:39.0415073Z
game/localization/english/succession_laws_l_english.yml,Assets/CK3Map/Data/Source/game/localization/english/succession_laws_l_english.yml,37831,2026-06-10T10:25:26.3083498Z
game/localization/english/succession_law_change_window_l_english.yml,Assets/CK3Map/Data/Source/game/localization/english/succession_law_change_window_l_english.yml,2657,2026-06-10T10:25:53.2448765Z
game/localization/english/suggestions_l_english.yml,Assets/CK3Map/Data/Source/game/localization/english/suggestions_l_english.yml,5863,2026-06-10T10:26:36.7804829Z
game/localization/english/tax_collector_l_english.yml,Assets/CK3Map/Data/Source/game/localization/english/tax_collector_l_english.yml,17476,2026-06-10T10:27:15.2972202Z
game/localization/english/temp_l_english.yml,Assets/CK3Map/Data/Source/game/localization/english/temp_l_english.yml,2941,2026-06-10T10:26:54.3312240Z
game/localization/english/terrains_l_english.yml,Assets/CK3Map/Data/Source/game/localization/english/terrains_l_english.yml,1716,2026-06-10T10:26:07.3021921Z
game/localization/english/titles_cultural_names_l_english.yml,Assets/CK3Map/Data/Source/game/localization/english/titles_cultural_names_l_english.yml,86012,2026-06-10T10:26:16.8098612Z
game/localization/english/titles_l_english.yml,Assets/CK3Map/Data/Source/game/localization/english/titles_l_english.yml,798717,2026-06-10T10:17:28.5979049Z
game/localization/english/tooltip_structs_l_english.yml,Assets/CK3Map/Data/Source/game/localization/english/tooltip_structs_l_english.yml,6948,2026-06-10T10:27:17.6224966Z
game/localization/english/traits_l_english.yml,Assets/CK3Map/Data/Source/game/localization/english/traits_l_english.yml,128859,2026-06-10T10:26:37.8159056Z
game/localization/english/travel/battle_points_of_interest_l_english.yml,Assets/CK3Map/Data/Source/game/localization/english/travel/battle_points_of_interest_l_english.yml,25550,2026-06-10T10:25:26.3040944Z
game/localization/english/travel/oltner_travel_l_english.yml,Assets/CK3Map/Data/Source/game/localization/english/travel/oltner_travel_l_english.yml,43316,2026-06-10T10:26:25.2746140Z
game/localization/english/travel/tourism_destinations_l_english.yml,Assets/CK3Map/Data/Source/game/localization/english/travel/tourism_destinations_l_english.yml,93130,2026-06-10T10:26:19.4100713Z
game/localization/english/travel/travel_points_of_interest_l_english.yml,Assets/CK3Map/Data/Source/game/localization/english/travel/travel_points_of_interest_l_english.yml,756,2026-06-10T10:26:29.4770125Z
game/localization/english/triggers/adultery_triggers_l_english.yml,Assets/CK3Map/Data/Source/game/localization/english/triggers/adultery_triggers_l_english.yml,468,2026-06-10T10:26:45.3198213Z
game/localization/english/triggers/building_requirement_triggers_l_english.yml,Assets/CK3Map/Data/Source/game/localization/english/triggers/building_requirement_triggers_l_english.yml,1109,2026-06-10T10:26:39.0415073Z
game/localization/english/triggers/building_triggers_l_english.yml,Assets/CK3Map/Data/Source/game/localization/english/triggers/building_triggers_l_english.yml,5186,2026-06-10T10:26:29.4770125Z
game/localization/english/triggers/character_interaction_triggers_l_english.yml,Assets/CK3Map/Data/Source/game/localization/english/triggers/character_interaction_triggers_l_english.yml,1462,2026-06-10T10:26:16.8088291Z
game/localization/english/triggers/character_relation_triggers_l_english.yml,Assets/CK3Map/Data/Source/game/localization/english/triggers/character_relation_triggers_l_english.yml,8292,2026-06-10T10:25:26.3047853Z
game/localization/english/triggers/character_script_list_triggers_l_english.yml,Assets/CK3Map/Data/Source/game/localization/english/triggers/character_script_list_triggers_l_english.yml,1640,2026-06-10T10:26:54.3592173Z
game/localization/english/triggers/character_triggers_l_english.yml,Assets/CK3Map/Data/Source/game/localization/english/triggers/character_triggers_l_english.yml,108407,2026-06-10T10:26:54.3592173Z
game/localization/english/triggers/culture_triggers_l_english.yml,Assets/CK3Map/Data/Source/game/localization/english/triggers/culture_triggers_l_english.yml,9099,2026-06-10T10:25:53.2730358Z
game/localization/english/triggers/diarchy_triggers_l_english.yml,Assets/CK3Map/Data/Source/game/localization/english/triggers/diarchy_triggers_l_english.yml,8182,2026-06-10T10:25:53.2719757Z
game/localization/english/triggers/dlc_triggers_l_english.yml,Assets/CK3Map/Data/Source/game/localization/english/triggers/dlc_triggers_l_english.yml,125,2026-06-10T10:26:39.5524356Z
game/localization/english/triggers/domicile_triggers_l_english.yml,Assets/CK3Map/Data/Source/game/localization/english/triggers/domicile_triggers_l_english.yml,6120,2026-06-10T10:25:57.2566226Z
game/localization/english/triggers/dynasty_triggers_l_english.yml,Assets/CK3Map/Data/Source/game/localization/english/triggers/dynasty_triggers_l_english.yml,2133,2026-06-10T10:26:54.3295018Z
game/localization/english/triggers/epidemic_triggers_l_english.yml,Assets/CK3Map/Data/Source/game/localization/english/triggers/epidemic_triggers_l_english.yml,3604,2026-06-10T10:26:07.3016864Z
game/localization/english/triggers/faction_triggers_l_english.yml,Assets/CK3Map/Data/Source/game/localization/english/triggers/faction_triggers_l_english.yml,3414,2026-06-10T10:25:53.2459428Z
game/localization/english/triggers/government_triggers_l_english.yml,Assets/CK3Map/Data/Source/game/localization/english/triggers/government_triggers_l_english.yml,3011,2026-06-10T10:25:53.2476044Z
game/localization/english/triggers/hostage_triggers_l_english.yml,Assets/CK3Map/Data/Source/game/localization/english/triggers/hostage_triggers_l_english.yml,2506,2026-06-10T10:26:19.3869198Z
game/localization/english/triggers/house_relation_triggers_l_english.yml,Assets/CK3Map/Data/Source/game/localization/english/triggers/house_relation_triggers_l_english.yml,1101,2026-06-10T10:26:07.3027070Z
game/localization/english/triggers/landed_title_triggers_l_english.yml,Assets/CK3Map/Data/Source/game/localization/english/triggers/landed_title_triggers_l_english.yml,11383,2026-06-10T10:26:32.0868673Z
game/localization/english/triggers/legend_triggers_l_english.yml,Assets/CK3Map/Data/Source/game/localization/english/triggers/legend_triggers_l_english.yml,3469,2026-06-10T10:26:29.8226095Z
game/localization/english/triggers/lifestyle_triggers_l_english.yml,Assets/CK3Map/Data/Source/game/localization/english/triggers/lifestyle_triggers_l_english.yml,1645,2026-06-10T10:26:19.4105809Z
game/localization/english/triggers/maa_triggers_l_english.yml,Assets/CK3Map/Data/Source/game/localization/english/triggers/maa_triggers_l_english.yml,1070,2026-06-10T10:25:57.2550574Z
game/localization/english/triggers/province_script_list_triggers_l_english.yml,Assets/CK3Map/Data/Source/game/localization/english/triggers/province_script_list_triggers_l_english.yml,1489,2026-06-10T10:26:07.3201844Z
game/localization/english/triggers/province_triggers_l_english.yml,Assets/CK3Map/Data/Source/game/localization/english/triggers/province_triggers_l_english.yml,2561,2026-06-10T10:26:25.2746140Z
game/localization/english/triggers/religion_triggers_l_english.yml,Assets/CK3Map/Data/Source/game/localization/english/triggers/religion_triggers_l_english.yml,5832,2026-06-10T10:26:40.9788731Z
game/localization/english/triggers/ruler_objective_triggers_l_english.yml,Assets/CK3Map/Data/Source/game/localization/english/triggers/ruler_objective_triggers_l_english.yml,251,2026-06-10T10:26:37.8658578Z
game/localization/english/triggers/scheme_script_list_triggers_l_english.yml,Assets/CK3Map/Data/Source/game/localization/english/triggers/scheme_script_list_triggers_l_english.yml,953,2026-06-10T10:26:39.0535699Z
game/localization/english/triggers/script_list_triggers_l_english.yml,Assets/CK3Map/Data/Source/game/localization/english/triggers/script_list_triggers_l_english.yml,2348,2026-06-10T10:26:19.4136711Z
game/localization/english/triggers/secret_script_list_triggers_l_english.yml,Assets/CK3Map/Data/Source/game/localization/english/triggers/secret_script_list_triggers_l_english.yml,766,2026-06-10T10:26:19.4100713Z
game/localization/english/triggers/secret_triggers_l_english.yml,Assets/CK3Map/Data/Source/game/localization/english/triggers/secret_triggers_l_english.yml,768,2026-06-10T10:27:15.2946447Z
game/localization/english/triggers/situation_triggers_l_english.yml,Assets/CK3Map/Data/Source/game/localization/english/triggers/situation_triggers_l_english.yml,13598,2026-06-10T10:26:39.5524356Z
game/localization/english/triggers/struggle_triggers_l_english.yml,Assets/CK3Map/Data/Source/game/localization/english/triggers/struggle_triggers_l_english.yml,859,2026-06-10T10:25:57.2561086Z
game/localization/english/triggers/tgp_triggers_l_english.yml,Assets/CK3Map/Data/Source/game/localization/english/triggers/tgp_triggers_l_english.yml,2980,2026-06-10T10:26:54.3327716Z
game/localization/english/triggers/travel_triggers_l_english.yml,Assets/CK3Map/Data/Source/game/localization/english/triggers/travel_triggers_l_english.yml,2183,2026-06-10T10:26:45.3209091Z
game/localization/english/triggers/war_triggers_l_english.yml,Assets/CK3Map/Data/Source/game/localization/english/triggers/war_triggers_l_english.yml,3645,2026-06-10T10:25:57.2571434Z
game/localization/english/tutorial/china_tutorial_l_english.yml,Assets/CK3Map/Data/Source/game/localization/english/tutorial/china_tutorial_l_english.yml,16545,2026-06-10T10:27:15.2946447Z
game/localization/english/tutorial/ep1_tutorial_reactive_l_english.yml,Assets/CK3Map/Data/Source/game/localization/english/tutorial/ep1_tutorial_reactive_l_english.yml,7335,2026-06-10T10:27:15.2956699Z
game/localization/english/tutorial/ep4_japan_reactive_advice_l_english.yml,Assets/CK3Map/Data/Source/game/localization/english/tutorial/ep4_japan_reactive_advice_l_english.yml,16631,2026-06-10T10:27:15.2972202Z
game/localization/english/tutorial/ep4_playtest_intro_l_english.yml,Assets/CK3Map/Data/Source/game/localization/english/tutorial/ep4_playtest_intro_l_english.yml,2476,2026-06-10T10:27:07.2930856Z
game/localization/english/tutorial/fp2_tutorial_reactive_l_english.yml,Assets/CK3Map/Data/Source/game/localization/english/tutorial/fp2_tutorial_reactive_l_english.yml,5325,2026-06-10T10:25:57.2619160Z
game/localization/english/tutorial/tutorial_l_english.yml,Assets/CK3Map/Data/Source/game/localization/english/tutorial/tutorial_l_english.yml,71267,2026-06-10T10:26:16.8665195Z
game/localization/english/tutorial/tutorial_reactive_l_english.yml,Assets/CK3Map/Data/Source/game/localization/english/tutorial/tutorial_reactive_l_english.yml,115972,2026-06-10T10:26:39.2710635Z
game/localization/english/tutorial_objectives_l_english.yml,Assets/CK3Map/Data/Source/game/localization/english/tutorial_objectives_l_english.yml,13438,2026-06-10T10:26:19.4116130Z
game/localization/english/units_l_english.yml,Assets/CK3Map/Data/Source/game/localization/english/units_l_english.yml,2914,2026-06-10T10:27:19.2879003Z
game/localization/english/vassal_stances_l_english.yml,Assets/CK3Map/Data/Source/game/localization/english/vassal_stances_l_english.yml,23253,2026-06-10T10:26:19.4111010Z
game/localization/english/wars_l_english.yml,Assets/CK3Map/Data/Source/game/localization/english/wars_l_english.yml,82520,2026-06-10T10:25:28.6710649Z
game/localization/english/war_declared_overview_window_l_english.yml,Assets/CK3Map/Data/Source/game/localization/english/war_declared_overview_window_l_english.yml,4641,2026-06-10T10:25:53.2464653Z
game/localization/english/war_results_window_l_english.yml,Assets/CK3Map/Data/Source/game/localization/english/war_results_window_l_english.yml,2844,2026-06-10T10:26:22.2541018Z
game/map_data/adjacencies.csv,Assets/CK3Map/Data/Source/game/map_data/adjacencies.csv,20541,2026-06-10T10:26:24.4112211Z
game/map_data/climate.txt,Assets/CK3Map/Data/Source/game/map_data/climate.txt,3181,2026-06-10T10:25:38.3178115Z
game/map_data/default.map,Assets/CK3Map/Data/Source/game/map_data/default.map,16084,2026-06-10T10:26:39.6265339Z
game/map_data/definition.csv,Assets/CK3Map/Data/Source/game/map_data/definition.csv,432072,2026-06-10T10:17:28.7600910Z
game/map_data/geographical_regions/10_natural_disaster_regions.txt,Assets/CK3Map/Data/Source/game/map_data/geographical_regions/10_natural_disaster_regions.txt,11624,2026-06-10T10:25:38.3044005Z
game/map_data/geographical_regions/geographical_region.txt,Assets/CK3Map/Data/Source/game/map_data/geographical_regions/geographical_region.txt,140737,2026-06-10T10:26:24.4127709Z
game/map_data/geographical_regions/tgp_chinesenaming_regions.txt,Assets/CK3Map/Data/Source/game/map_data/geographical_regions/tgp_chinesenaming_regions.txt,4664,2026-06-10T10:26:31.8825690Z
game/map_data/heightmap.heightmap,Assets/CK3Map/Data/Source/game/map_data/heightmap.heightmap,293,2026-06-10T10:25:59.2957645Z
game/map_data/heightmap.png,Assets/CK3Map/Data/Source/game/map_data/heightmap.png,122165778,2026-06-10T10:17:28.7616027Z
game/map_data/indirection_heightmap.png,Assets/CK3Map/Data/Source/game/map_data/indirection_heightmap.png,40357,2026-06-10T10:27:14.9826381Z
game/map_data/island_region.txt,Assets/CK3Map/Data/Source/game/map_data/island_region.txt,2147,2026-06-10T10:27:19.5800440Z
game/map_data/nodes.dat,Assets/CK3Map/Data/Source/game/map_data/nodes.dat,44739232,2026-06-10T10:17:28.7616027Z
game/map_data/packed_heightmap.png,Assets/CK3Map/Data/Source/game/map_data/packed_heightmap.png,16829933,2026-06-10T10:17:28.7621127Z
game/map_data/positions.txt,Assets/CK3Map/Data/Source/game/map_data/positions.txt,349525,2026-06-10T10:17:28.7621127Z
game/map_data/provinces.png,Assets/CK3Map/Data/Source/game/map_data/provinces.png,2488311,2026-06-10T10:17:28.7626214Z
game/map_data/rivers.png,Assets/CK3Map/Data/Source/game/map_data/rivers.png,601095,2026-06-10T10:17:28.7626214Z
game/map_data/seasons.txt,Assets/CK3Map/Data/Source/game/map_data/seasons.txt,733,2026-06-10T10:26:24.8991700Z
jomini/common/defines/jomini/adjacencies.txt,Assets/CK3Map/Data/Source/jomini/common/defines/jomini/adjacencies.txt,327,2026-06-10T10:27:34.5668756Z
jomini/common/defines/jomini/camera.txt,Assets/CK3Map/Data/Source/jomini/common/defines/jomini/camera.txt,103,2026-06-10T10:27:33.2752823Z
jomini/common/defines/jomini/fog_of_war.txt,Assets/CK3Map/Data/Source/jomini/common/defines/jomini/fog_of_war.txt,509,2026-06-10T10:27:35.6921070Z
jomini/common/defines/jomini/icons.txt,Assets/CK3Map/Data/Source/jomini/common/defines/jomini/icons.txt,555,2026-06-10T10:27:34.9275389Z
jomini/common/defines/jomini/lobby.txt,Assets/CK3Map/Data/Source/jomini/common/defines/jomini/lobby.txt,54,2026-06-10T10:27:34.5584073Z
jomini/common/defines/jomini/mapeditor.txt,Assets/CK3Map/Data/Source/jomini/common/defines/jomini/mapeditor.txt,553,2026-06-10T10:27:34.9280542Z
jomini/common/defines/jomini/multiplayer.txt,Assets/CK3Map/Data/Source/jomini/common/defines/jomini/multiplayer.txt,120,2026-06-10T10:27:34.6492770Z
jomini/common/defines/jomini/portraits.txt,Assets/CK3Map/Data/Source/jomini/common/defines/jomini/portraits.txt,827,2026-06-10T10:27:35.5644709Z
jomini/common/defines/jomini/rivers.txt,Assets/CK3Map/Data/Source/jomini/common/defines/jomini/rivers.txt,366,2026-06-10T10:27:35.1159488Z
jomini/common/defines/jomini/settings.txt,Assets/CK3Map/Data/Source/jomini/common/defines/jomini/settings.txt,54,2026-06-10T10:27:36.6010141Z
jomini/common/defines/jomini/social.txt,Assets/CK3Map/Data/Source/jomini/common/defines/jomini/social.txt,232,2026-06-10T10:27:33.5102285Z
jomini/common/defines/jomini/text_coloring.txt,Assets/CK3Map/Data/Source/jomini/common/defines/jomini/text_coloring.txt,72,2026-06-10T10:27:33.2752823Z
jomini/common/defines/jomini/text_formatting.txt,Assets/CK3Map/Data/Source/jomini/common/defines/jomini/text_formatting.txt,277,2026-06-10T10:27:33.4576630Z
jomini/gfx/editor_terrain/reference_overlay_example.png,Assets/CK3Map/Data/Source/jomini/gfx/editor_terrain/reference_overlay_example.png,91467,2026-06-10T10:27:34.5668756Z
jomini/gfx/editor_terrain/select_all_objects.dds,Assets/CK3Map/Data/Source/jomini/gfx/editor_terrain/select_all_objects.dds,16512,2026-06-10T10:27:36.3022053Z
jomini/gfx/FX/coat_of_arms/coat_of_arms.fxh,Assets/CK3Map/Data/Source/jomini/gfx/FX/coat_of_arms/coat_of_arms.fxh,56,2026-06-10T10:27:34.7589173Z
jomini/gfx/FX/coat_of_arms/coat_of_arms_pattern.fxh,Assets/CK3Map/Data/Source/jomini/gfx/FX/coat_of_arms/coat_of_arms_pattern.fxh,1788,2026-06-10T10:27:36.6020165Z
jomini/gfx/FX/coat_of_arms/coat_of_arms_pattern.shader,Assets/CK3Map/Data/Source/jomini/gfx/FX/coat_of_arms/coat_of_arms_pattern.shader.ck3source,472,2026-06-10T10:27:33.4576630Z
jomini/gfx/FX/coat_of_arms/coat_of_arms_textured_emblem.fxh,Assets/CK3Map/Data/Source/jomini/gfx/FX/coat_of_arms/coat_of_arms_textured_emblem.fxh,3724,2026-06-10T10:27:34.7594522Z
jomini/gfx/FX/coat_of_arms/coat_of_arms_textured_emblem.shader,Assets/CK3Map/Data/Source/jomini/gfx/FX/coat_of_arms/coat_of_arms_textured_emblem.shader.ck3source,873,2026-06-10T10:27:35.6756417Z
jomini/gfx/FX/cw/particle2.shader,Assets/CK3Map/Data/Source/jomini/gfx/FX/cw/particle2.shader.ck3source,3929,2026-06-10T10:27:33.4534820Z
jomini/gfx/FX/jomini/bloom.shader,Assets/CK3Map/Data/Source/jomini/gfx/FX/jomini/bloom.shader.ck3source,2660,2026-06-10T10:27:33.5258122Z
jomini/gfx/FX/jomini/character.shader,Assets/CK3Map/Data/Source/jomini/gfx/FX/jomini/character.shader.ck3source,12467,2026-06-10T10:27:33.3249253Z
jomini/gfx/FX/jomini/coa_pattern_shape_mask.dds,Assets/CK3Map/Data/Source/jomini/gfx/FX/jomini/coa_pattern_shape_mask.dds,87536,2026-06-10T10:27:33.2923709Z
jomini/gfx/FX/jomini/combine.shader,Assets/CK3Map/Data/Source/jomini/gfx/FX/jomini/combine.shader.ck3source,846,2026-06-10T10:27:34.6525626Z
jomini/gfx/FX/jomini/countrynames.fxh,Assets/CK3Map/Data/Source/jomini/gfx/FX/jomini/countrynames.fxh,2127,2026-06-10T10:27:35.6740260Z
jomini/gfx/FX/jomini/downsample.shader,Assets/CK3Map/Data/Source/jomini/gfx/FX/jomini/downsample.shader.ck3source,1464,2026-06-10T10:27:36.6031968Z
jomini/gfx/FX/jomini/downsample_luminance.shader,Assets/CK3Map/Data/Source/jomini/gfx/FX/jomini/downsample_luminance.shader.ck3source,2553,2026-06-10T10:27:35.6921070Z
jomini/gfx/FX/jomini/entity_editor/cubemap.shader,Assets/CK3Map/Data/Source/jomini/gfx/FX/jomini/entity_editor/cubemap.shader.ck3source,981,2026-06-10T10:27:33.3269786Z
jomini/gfx/FX/jomini/entity_editor/grid.shader,Assets/CK3Map/Data/Source/jomini/gfx/FX/jomini/entity_editor/grid.shader.ck3source,1974,2026-06-10T10:27:34.6492770Z
jomini/gfx/FX/jomini/gizmos/gizmos.shader,Assets/CK3Map/Data/Source/jomini/gfx/FX/jomini/gizmos/gizmos.shader.ck3source,993,2026-06-10T10:27:34.6525626Z
jomini/gfx/FX/jomini/gradient_border_constants.fxh,Assets/CK3Map/Data/Source/jomini/gfx/FX/jomini/gradient_border_constants.fxh,304,2026-06-10T10:27:34.7589173Z
jomini/gfx/FX/jomini/gui_portrait.shader,Assets/CK3Map/Data/Source/jomini/gfx/FX/jomini/gui_portrait.shader.ck3source,5090,2026-06-10T10:27:33.2752823Z
jomini/gfx/FX/jomini/hair_lighting.fxh,Assets/CK3Map/Data/Source/jomini/gfx/FX/jomini/hair_lighting.fxh,8445,2026-06-10T10:27:34.6514905Z
jomini/gfx/FX/jomini/jomini.fxh,Assets/CK3Map/Data/Source/jomini/gfx/FX/jomini/jomini.fxh,1525,2026-06-10T10:27:33.4571516Z
jomini/gfx/FX/jomini/jomini_colormap.fxh,Assets/CK3Map/Data/Source/jomini/gfx/FX/jomini/jomini_colormap.fxh,3705,2026-06-10T10:27:33.6367774Z
jomini/gfx/FX/jomini/jomini_colormap_constants.fxh,Assets/CK3Map/Data/Source/jomini/gfx/FX/jomini/jomini_colormap_constants.fxh,292,2026-06-10T10:27:35.5644709Z
jomini/gfx/FX/jomini/jomini_decals.fxh,Assets/CK3Map/Data/Source/jomini/gfx/FX/jomini/jomini_decals.fxh,2519,2026-06-10T10:27:34.7744580Z
jomini/gfx/FX/jomini/jomini_dof.fxh,Assets/CK3Map/Data/Source/jomini/gfx/FX/jomini/jomini_dof.fxh,4510,2026-06-10T10:27:33.3280238Z
jomini/gfx/FX/jomini/jomini_dof.shader,Assets/CK3Map/Data/Source/jomini/gfx/FX/jomini/jomini_dof.shader.ck3source,3192,2026-06-10T10:27:36.3037489Z
jomini/gfx/FX/jomini/jomini_flat_border.fxh,Assets/CK3Map/Data/Source/jomini/gfx/FX/jomini/jomini_flat_border.fxh,172,2026-06-10T10:27:33.6354410Z
jomini/gfx/FX/jomini/jomini_fog.fxh,Assets/CK3Map/Data/Source/jomini/gfx/FX/jomini/jomini_fog.fxh,1537,2026-06-10T10:27:35.5524224Z
jomini/gfx/FX/jomini/jomini_fog_apply.shader,Assets/CK3Map/Data/Source/jomini/gfx/FX/jomini/jomini_fog_apply.shader.ck3source,959,2026-06-10T10:27:36.3006516Z
jomini/gfx/FX/jomini/jomini_fog_blur.shader,Assets/CK3Map/Data/Source/jomini/gfx/FX/jomini/jomini_fog_blur.shader.ck3source,2452,2026-06-10T10:27:33.3275062Z
jomini/gfx/FX/jomini/jomini_fog_blur_variable.fxh,Assets/CK3Map/Data/Source/jomini/gfx/FX/jomini/jomini_fog_blur_variable.fxh,735,2026-06-10T10:27:36.2965457Z
jomini/gfx/FX/jomini/jomini_fog_of_war.fxh,Assets/CK3Map/Data/Source/jomini/gfx/FX/jomini/jomini_fog_of_war.fxh,4104,2026-06-10T10:27:35.4932851Z
jomini/gfx/FX/jomini/jomini_fog_of_war.shader,Assets/CK3Map/Data/Source/jomini/gfx/FX/jomini/jomini_fog_of_war.shader.ck3source,2012,2026-06-10T10:27:34.7578147Z
jomini/gfx/FX/jomini/jomini_fog_of_war_apply.fxh,Assets/CK3Map/Data/Source/jomini/gfx/FX/jomini/jomini_fog_of_war_apply.fxh,991,2026-06-10T10:27:33.6409031Z
jomini/gfx/FX/jomini/jomini_fog_of_war_apply.shader,Assets/CK3Map/Data/Source/jomini/gfx/FX/jomini/jomini_fog_of_war_apply.shader.ck3source,152,2026-06-10T10:27:34.6520399Z
jomini/gfx/FX/jomini/jomini_fxaa.shader,Assets/CK3Map/Data/Source/jomini/gfx/FX/jomini/jomini_fxaa.shader.ck3source,10230,2026-06-10T10:27:34.9290824Z
jomini/gfx/FX/jomini/jomini_lens_flare.fxh,Assets/CK3Map/Data/Source/jomini/gfx/FX/jomini/jomini_lens_flare.fxh,1015,2026-06-10T10:27:34.9285636Z
jomini/gfx/FX/jomini/jomini_lens_flare.shader,Assets/CK3Map/Data/Source/jomini/gfx/FX/jomini/jomini_lens_flare.shader.ck3source,3089,2026-06-10T10:27:36.2975800Z
jomini/gfx/FX/jomini/jomini_lighting.fxh,Assets/CK3Map/Data/Source/jomini/gfx/FX/jomini/jomini_lighting.fxh,6779,2026-06-10T10:27:34.6230327Z
jomini/gfx/FX/jomini/jomini_line.shader,Assets/CK3Map/Data/Source/jomini/gfx/FX/jomini/jomini_line.shader.ck3source,4320,2026-06-10T10:27:34.7620147Z
jomini/gfx/FX/jomini/jomini_mapobject.fxh,Assets/CK3Map/Data/Source/jomini/gfx/FX/jomini/jomini_mapobject.fxh,5335,2026-06-10T10:27:35.5613055Z
jomini/gfx/FX/jomini/jomini_mesh_helper.fxh,Assets/CK3Map/Data/Source/jomini/gfx/FX/jomini/jomini_mesh_helper.fxh,2490,2026-06-10T10:27:34.7594522Z
jomini/gfx/FX/jomini/jomini_province_overlays.fxh,Assets/CK3Map/Data/Source/jomini/gfx/FX/jomini/jomini_province_overlays.fxh,6185,2026-06-10T10:27:33.5102285Z
jomini/gfx/FX/jomini/jomini_river.fxh,Assets/CK3Map/Data/Source/jomini/gfx/FX/jomini/jomini_river.fxh,2306,2026-06-10T10:27:36.2991209Z
jomini/gfx/FX/jomini/jomini_river_bottom.fxh,Assets/CK3Map/Data/Source/jomini/gfx/FX/jomini/jomini_river_bottom.fxh,13045,2026-06-10T10:27:35.4910974Z
jomini/gfx/FX/jomini/jomini_river_surface.fxh,Assets/CK3Map/Data/Source/jomini/gfx/FX/jomini/jomini_river_surface.fxh,3981,2026-06-10T10:27:35.5804831Z
jomini/gfx/FX/jomini/jomini_spline.fxh,Assets/CK3Map/Data/Source/jomini/gfx/FX/jomini/jomini_spline.fxh,4136,2026-06-10T10:27:33.4513423Z
jomini/gfx/FX/jomini/jomini_unsigned_distancefield.shader,Assets/CK3Map/Data/Source/jomini/gfx/FX/jomini/jomini_unsigned_distancefield.shader.ck3source,10615,2026-06-10T10:27:36.6052791Z
jomini/gfx/FX/jomini/jomini_vertical_border.fxh,Assets/CK3Map/Data/Source/jomini/gfx/FX/jomini/jomini_vertical_border.fxh,3754,2026-06-10T10:27:36.6037118Z
jomini/gfx/FX/jomini/jomini_water.fxh,Assets/CK3Map/Data/Source/jomini/gfx/FX/jomini/jomini_water.fxh,6190,2026-06-10T10:27:34.7452648Z
jomini/gfx/FX/jomini/jomini_water_default.fxh,Assets/CK3Map/Data/Source/jomini/gfx/FX/jomini/jomini_water_default.fxh,19415,2026-06-10T10:27:36.6158548Z
jomini/gfx/FX/jomini/jomini_water_pdxmesh.fxh,Assets/CK3Map/Data/Source/jomini/gfx/FX/jomini/jomini_water_pdxmesh.fxh,953,2026-06-10T10:27:35.3004062Z
jomini/gfx/FX/jomini/lut_blender.shader,Assets/CK3Map/Data/Source/jomini/gfx/FX/jomini/lut_blender.shader.ck3source,1673,2026-06-10T10:27:35.5586758Z
jomini/gfx/FX/jomini/mapeditor/mapeditor.shader,Assets/CK3Map/Data/Source/jomini/gfx/FX/jomini/mapeditor/mapeditor.shader.ck3source,13589,2026-06-10T10:27:35.6921070Z
jomini/gfx/FX/jomini/mapeditor/mapeditor_constants.fxh,Assets/CK3Map/Data/Source/jomini/gfx/FX/jomini/mapeditor/mapeditor_constants.fxh,957,2026-06-10T10:27:33.3264627Z
jomini/gfx/FX/jomini/mapeditor/mapeditor_gruvbox.fxh,Assets/CK3Map/Data/Source/jomini/gfx/FX/jomini/mapeditor/mapeditor_gruvbox.fxh,1193,2026-06-10T10:27:35.5623064Z
jomini/gfx/FX/jomini/mapeditor/mapeditor_utils.fxh,Assets/CK3Map/Data/Source/jomini/gfx/FX/jomini/mapeditor/mapeditor_utils.fxh,3421,2026-06-10T10:27:36.3011810Z
jomini/gfx/FX/jomini/portrait.shader,Assets/CK3Map/Data/Source/jomini/gfx/FX/jomini/portrait.shader.ck3source,31397,2026-06-10T10:27:34.7457801Z
jomini/gfx/FX/jomini/portrait_accessory_variation.fxh,Assets/CK3Map/Data/Source/jomini/gfx/FX/jomini/portrait_accessory_variation.fxh,6675,2026-06-10T10:27:36.3077524Z
jomini/gfx/FX/jomini/portrait_coa.fxh,Assets/CK3Map/Data/Source/jomini/gfx/FX/jomini/portrait_coa.fxh,3951,2026-06-10T10:27:33.3075953Z
jomini/gfx/FX/jomini/portrait_decals.fxh,Assets/CK3Map/Data/Source/jomini/gfx/FX/jomini/portrait_decals.fxh,5158,2026-06-10T10:27:35.6756417Z
jomini/gfx/FX/jomini/portrait_hair_lighting.fxh,Assets/CK3Map/Data/Source/jomini/gfx/FX/jomini/portrait_hair_lighting.fxh,5654,2026-06-10T10:27:35.5797850Z
jomini/gfx/FX/jomini/portrait_lighting.fxh,Assets/CK3Map/Data/Source/jomini/gfx/FX/jomini/portrait_lighting.fxh,9073,2026-06-10T10:27:34.7589173Z
jomini/gfx/FX/jomini/portrait_user_data.fxh,Assets/CK3Map/Data/Source/jomini/gfx/FX/jomini/portrait_user_data.fxh,4109,2026-06-10T10:27:35.6306873Z
jomini/gfx/FX/jomini/posteffect_base.fxh,Assets/CK3Map/Data/Source/jomini/gfx/FX/jomini/posteffect_base.fxh,13217,2026-06-10T10:27:35.2993089Z
jomini/gfx/FX/jomini/post_effect/tony_mc_mapface_2d.dds,Assets/CK3Map/Data/Source/jomini/gfx/FX/jomini/post_effect/tony_mc_mapface_2d.dds,1179760,2026-06-10T10:17:28.7859252Z
jomini/gfx/FX/jomini/restorescene.shader,Assets/CK3Map/Data/Source/jomini/gfx/FX/jomini/restorescene.shader.ck3source,6328,2026-06-10T10:27:34.7639942Z
jomini/gfx/FX/jomini/shader_utility.fxh,Assets/CK3Map/Data/Source/jomini/gfx/FX/jomini/shader_utility.fxh,1336,2026-06-10T10:27:33.4540397Z
jomini/gfx/FX/jomini/simple.shader,Assets/CK3Map/Data/Source/jomini/gfx/FX/jomini/simple.shader.ck3source,1670,2026-06-10T10:27:33.5086918Z
jomini/gfx/FX/jomini/ssao.shader,Assets/CK3Map/Data/Source/jomini/gfx/FX/jomini/ssao.shader.ck3source,5279,2026-06-10T10:27:34.6525626Z
jomini/gfx/FX/jomini/ssao_apply.shader,Assets/CK3Map/Data/Source/jomini/gfx/FX/jomini/ssao_apply.shader.ck3source,2894,2026-06-10T10:27:34.7437615Z
jomini/gfx/FX/jomini/texture_decals.fxh,Assets/CK3Map/Data/Source/jomini/gfx/FX/jomini/texture_decals.fxh,6309,2026-06-10T10:27:36.6047393Z
jomini/gfx/FX/jomini/texture_decals_base.fxh,Assets/CK3Map/Data/Source/jomini/gfx/FX/jomini/texture_decals_base.fxh,3952,2026-06-10T10:27:36.6026842Z
jomini/gfx/FX/jomini/translucency.fxh,Assets/CK3Map/Data/Source/jomini/gfx/FX/jomini/translucency.fxh,2746,2026-06-10T10:27:35.6911045Z
jomini/gfx/FX/pdxgui_noblend.shader,Assets/CK3Map/Data/Source/jomini/gfx/FX/pdxgui_noblend.shader.ck3source,1080,2026-06-10T10:27:34.7462894Z
jomini/gfx/FX/pdxgui_transparent_greyscale.shader,Assets/CK3Map/Data/Source/jomini/gfx/FX/pdxgui_transparent_greyscale.shader.ck3source,2092,2026-06-10T10:27:36.6010141Z
jomini/gfx/tools/log_viewer/arrow_down.png,Assets/CK3Map/Data/Source/jomini/gfx/tools/log_viewer/arrow_down.png,201,2026-06-10T10:27:33.4581802Z
jomini/gfx/tools/log_viewer/arrow_up.png,Assets/CK3Map/Data/Source/jomini/gfx/tools/log_viewer/arrow_up.png,200,2026-06-10T10:27:33.2752823Z
jomini/gfx/tools/log_viewer/code_document.png,Assets/CK3Map/Data/Source/jomini/gfx/tools/log_viewer/code_document.png,795,2026-06-10T10:27:35.5623064Z
jomini/gfx/tools/log_viewer/cw_icon.png,Assets/CK3Map/Data/Source/jomini/gfx/tools/log_viewer/cw_icon.png,11730,2026-06-10T10:27:34.7625344Z
jomini/gfx/tools/log_viewer/error_icon.png,Assets/CK3Map/Data/Source/jomini/gfx/tools/log_viewer/error_icon.png,8639,2026-06-10T10:27:34.6520399Z
jomini/gfx/tools/log_viewer/info_icon.png,Assets/CK3Map/Data/Source/jomini/gfx/tools/log_viewer/info_icon.png,8149,2026-06-10T10:27:35.6921070Z
jomini/gfx/tools/log_viewer/open_in_logviewer.png,Assets/CK3Map/Data/Source/jomini/gfx/tools/log_viewer/open_in_logviewer.png,5491,2026-06-10T10:27:33.5086918Z
jomini/gfx/tools/log_viewer/script_document.png,Assets/CK3Map/Data/Source/jomini/gfx/tools/log_viewer/script_document.png,886,2026-06-10T10:27:34.2524658Z
jomini/gfx/tools/log_viewer/script_icon.png,Assets/CK3Map/Data/Source/jomini/gfx/tools/log_viewer/script_icon.png,711,2026-06-10T10:27:33.2939290Z
jomini/gfx/tools/log_viewer/warning_icon.png,Assets/CK3Map/Data/Source/jomini/gfx/tools/log_viewer/warning_icon.png,7463,2026-06-10T10:27:34.6514905Z
jomini/gfx/tools/script_profiler/code_document.png,Assets/CK3Map/Data/Source/jomini/gfx/tools/script_profiler/code_document.png,795,2026-06-10T10:27:35.5639546Z
jomini/gfx/tools/script_profiler/pause.png,Assets/CK3Map/Data/Source/jomini/gfx/tools/script_profiler/pause.png,628,2026-06-10T10:27:34.9285636Z
jomini/gfx/tools/script_profiler/play.png,Assets/CK3Map/Data/Source/jomini/gfx/tools/script_profiler/play.png,713,2026-06-10T10:27:34.7625344Z
jomini/gfx/tools/script_profiler/reset.png,Assets/CK3Map/Data/Source/jomini/gfx/tools/script_profiler/reset.png,705,2026-06-10T10:27:33.2695807Z
jomini/gfx/tools/script_profiler/script_document.png,Assets/CK3Map/Data/Source/jomini/gfx/tools/script_profiler/script_document.png,886,2026-06-10T10:27:34.2648209Z
jomini/gui/map_editor/brush_settings_widget.gui,Assets/CK3Map/Data/Source/jomini/gui/map_editor/brush_settings_widget.gui,8487,2026-06-10T10:27:36.6635910Z
jomini/gui/map_editor/custom_brushes.gui,Assets/CK3Map/Data/Source/jomini/gui/map_editor/custom_brushes.gui,946,2026-06-10T10:27:36.6618564Z
jomini/gui/map_editor/detail_data_dockable.gui,Assets/CK3Map/Data/Source/jomini/gui/map_editor/detail_data_dockable.gui,2554,2026-06-10T10:27:33.3275062Z
jomini/gui/map_editor/export_tool.gui,Assets/CK3Map/Data/Source/jomini/gui/map_editor/export_tool.gui,6590,2026-06-10T10:27:36.6623677Z
jomini/gui/map_editor/eyedropper.gui,Assets/CK3Map/Data/Source/jomini/gui/map_editor/eyedropper.gui,5953,2026-06-10T10:27:33.3280238Z
jomini/gui/map_editor/heightmap_painter.gui,Assets/CK3Map/Data/Source/jomini/gui/map_editor/heightmap_painter.gui,2708,2026-06-10T10:27:34.7589173Z
jomini/gui/map_editor/heightmap_resolution.gui,Assets/CK3Map/Data/Source/jomini/gui/map_editor/heightmap_resolution.gui,7873,2026-06-10T10:27:34.7620147Z
jomini/gui/map_editor/import_tool.gui,Assets/CK3Map/Data/Source/jomini/gui/map_editor/import_tool.gui,12173,2026-06-10T10:27:36.6635910Z
jomini/gui/map_editor/mapcontent_editor.gui,Assets/CK3Map/Data/Source/jomini/gui/map_editor/mapcontent_editor.gui,11735,2026-06-10T10:27:35.5815160Z
jomini/gui/map_editor/mapeditor.gui,Assets/CK3Map/Data/Source/jomini/gui/map_editor/mapeditor.gui,8729,2026-06-10T10:27:33.5086918Z
jomini/gui/map_editor/mapeditor.layout,Assets/CK3Map/Data/Source/jomini/gui/map_editor/mapeditor.layout,23966,2026-06-10T10:27:33.2791467Z
jomini/gui/map_editor/mapeditor.shortcuts,Assets/CK3Map/Data/Source/jomini/gui/map_editor/mapeditor.shortcuts,4426,2026-06-10T10:27:36.3082649Z
jomini/gui/map_editor/mapobjects.gui,Assets/CK3Map/Data/Source/jomini/gui/map_editor/mapobjects.gui,15536,2026-06-10T10:27:36.3065906Z
jomini/gui/map_editor/mapobjects_mapcontent.gui,Assets/CK3Map/Data/Source/jomini/gui/map_editor/mapobjects_mapcontent.gui,5627,2026-06-10T10:27:34.6704807Z
jomini/gui/map_editor/map_content.gui,Assets/CK3Map/Data/Source/jomini/gui/map_editor/map_content.gui,7070,2026-06-10T10:27:34.6492770Z
jomini/gui/map_editor/map_editor_defaults.gui,Assets/CK3Map/Data/Source/jomini/gui/map_editor/map_editor_defaults.gui,743,2026-06-10T10:27:34.6584953Z
jomini/gui/map_editor/map_object_painter.gui,Assets/CK3Map/Data/Source/jomini/gui/map_editor/map_object_painter.gui,9526,2026-06-10T10:27:33.3280238Z
jomini/gui/map_editor/mask_painter.gui,Assets/CK3Map/Data/Source/jomini/gui/map_editor/mask_painter.gui,8989,2026-06-10T10:27:33.6372920Z
jomini/gui/map_editor/mask_painter_map_content.gui,Assets/CK3Map/Data/Source/jomini/gui/map_editor/mask_painter_map_content.gui,733,2026-06-10T10:27:33.4592151Z
jomini/gui/map_editor/materialsetter.gui,Assets/CK3Map/Data/Source/jomini/gui/map_editor/materialsetter.gui,9364,2026-06-10T10:27:34.6725994Z
jomini/gui/map_editor/materials_list.gui,Assets/CK3Map/Data/Source/jomini/gui/map_editor/materials_list.gui,3261,2026-06-10T10:27:34.7478007Z
jomini/gui/map_editor/material_browser.gui,Assets/CK3Map/Data/Source/jomini/gui/map_editor/material_browser.gui,3679,2026-06-10T10:27:33.4513423Z
jomini/gui/map_editor/material_brush.gui,Assets/CK3Map/Data/Source/jomini/gui/map_editor/material_brush.gui,4964,2026-06-10T10:27:34.7478007Z
jomini/gui/map_editor/preview_mask.gui,Assets/CK3Map/Data/Source/jomini/gui/map_editor/preview_mask.gui,1073,2026-06-10T10:27:34.6590132Z
jomini/gui/map_editor/smart_brush.gui,Assets/CK3Map/Data/Source/jomini/gui/map_editor/smart_brush.gui,41483,2026-06-10T10:27:34.3125134Z
jomini/gui/map_editor/spline_adjustment_tool.gui,Assets/CK3Map/Data/Source/jomini/gui/map_editor/spline_adjustment_tool.gui,3777,2026-06-10T10:27:34.6504881Z
jomini/gui/map_editor/spline_inspector_dockable.gui,Assets/CK3Map/Data/Source/jomini/gui/map_editor/spline_inspector_dockable.gui,3379,2026-06-10T10:27:34.6492770Z
jomini/gui/map_editor/spline_river_tool.gui,Assets/CK3Map/Data/Source/jomini/gui/map_editor/spline_river_tool.gui,4560,2026-06-10T10:27:34.9290824Z
jomini/gui/map_editor/spline_strip_tool.gui,Assets/CK3Map/Data/Source/jomini/gui/map_editor/spline_strip_tool.gui,8651,2026-06-10T10:27:35.6911045Z
jomini/gui/map_editor/spline_tools_map_content.gui,Assets/CK3Map/Data/Source/jomini/gui/map_editor/spline_tools_map_content.gui,1917,2026-06-10T10:27:33.2939290Z
jomini/gui/map_editor/spline_viewport.gui,Assets/CK3Map/Data/Source/jomini/gui/map_editor/spline_viewport.gui,120,2026-06-10T10:27:34.9275389Z
jomini/gui/map_editor/spline_visibility_widget.gui,Assets/CK3Map/Data/Source/jomini/gui/map_editor/spline_visibility_widget.gui,1203,2026-06-10T10:27:33.2923709Z
